fixture,repeat,profile,origin,runStatus,failureClass,claimText,articleRole,articleUse,assertionSource,materiality,scope,relatedPillarLabels,sourceUnitIds,groundingText,verificationTarget,disputedProposition,stipulatedByArticle,whyThisTarget,supportCriteria,refuteCriteria,qualifyCriteria,mustMatch,rejectIfOnly_model,rejectIfOnly_host,sourceStrategy_emitted,sourceStrategy_resolved,searchConcepts,relevantNamedWorkIds,cautions,packageValid
CF1-F03,1,Profile J,model,completed,,"According to the CDC, half of American school children are not fully vaccinated, and at least 1 in 88 toddlers are completely unvaccinated.",thesis,endorsed,CDC,high,national,Public Health Claims,U0002,"[U0002] “According to the CDC and public health authorities, parents who choose not to vaccinate their children are typically highly educated. CDC data reflect that half of American school children are not fully vaccinated, and at least 1 in 88 toddlers are completely unvaccinated. Why would the parents of these children, comprising a large part of the nation’s brain trust, choose not to vaccinate their children?”",substantive,"Half of American school children are not fully vaccinated, and at least 1 in 88 toddlers are completely unvaccinated.","According to the CDC and public health authorities, parents who choose not to vaccinate their children are typically highly educated. CDC data reflect that half of American school children are not fully vaccinated, and at least 1 in 88 are.",The claim's validity hinges on the accuracy of CDC vaccination statistics.,National vaccination statistics confirming the percentage of unvaccinated children.,Data showing a lower percentage of unvaccinated children than claimed.,Statistics that indicate a significant variation in vaccination rates by region or demographic.,CDC vaccination statistics | American school children | toddlers,Sources that merely repeat the CDC's statement without independent verification.,"A source only repeats or reports the statement the article already stipulates, without independent evidence about: Half of American school children are not fully vaccinated, and at least 1 in 88 toddlers are completely u",primary_article_result,independent_corroboration,CDC vaccination statistics | unvaccinated children | school children vaccination rates,,,true
CF1-F03,1,Profile J,model,completed,,"The health department's ad claims that vaccines are tested more than any other medicine, which is disputed by various studies.",pillar,rejected,health department,high,local,Vaccine Safety,U0008 | U0011 | U0012,"[U0008] • “Our kids face more challenges to their immune system while playing outside than they do from vaccines.”
[U0011] • “So far, there have been no credible studies that link vaccination to chronic disease.”
[U0012] • “Vaccines are tested more than any other medicine you could give your kid.”",substantive,"Vaccines are tested more than any other medicine, which is disputed by various studies.","The health department's ad claims that vaccines are tested more than any other medicine, which is disputed by various studies.",The claim's validity depends on the comparative testing protocols of vaccines versus other medicines.,Comparative studies on vaccine testing protocols versus other medicines.,Evidence showing that vaccines are indeed tested more rigorously than other medicines.,Studies indicating specific contexts where vaccine testing may differ from other medicines.,vaccine testing protocols | other medicines,Sources that only repeat the health department's claim without independent evidence.,"A source only repeats or reports the statement the article already stipulates, without independent evidence about: Vaccines are tested more than any other medicine, which is disputed by various studies.",mixed_sources,mixed_sources,vaccine testing | medicine testing comparison | health department claims,,,true
CF1-F03,1,Profile J,host_pillar_backfill,completed,,"Aluminum and mercury are present in vaccines, and their safety has been questioned by various studies and experts.",pillar,endorsed,article,high,"Aluminum and mercury are present in vaccines, and their safety has been questioned by various studies and experts.",Vaccine Ingredients,U0241 | U0300 | U0370,"[U0241] THE FACTS / ALUMINUM:
[U0300] THE FACTS / MERCURY:
[U0370] Thimerosal as a Vaccine Preservative , a summary prepared in 2025 for the CDC’s Advisory Committee for Immunization Practices (ACIP), notes that “thimerosal-containing vaccines exceed the TCLP threshold by orders of magnitude and are classified as D009 Hazardous Waste.”",substantive,"Aluminum and mercury are present in vaccines, and their safety has been questioned by various studies and experts.","Aluminum and mercury are present in vaccines, and their safety has been questioned by various studies and experts.",The claim's validity relies on the presence of these substances in vaccines and the safety concerns raised.,Studies demonstrating the presence of aluminum and mercury in vaccines.,Evidence showing that aluminum and mercury are not present in vaccines or are proven safe.,Research indicating specific populations or types of vaccines where safety concerns are more pronounced.,aluminum | mercury | vaccines,Sources that merely repeat the claim without providing independent evidence.,"A source only repeats or reports the statement the article already stipulates, without independent evidence about: Aluminum and mercury are present in vaccines, and their safety has been questioned by various studies and",independent_corroboration,independent_corroboration,vaccine ingredients | aluminum safety | mercury safety,,,true
CF1-F03,1,Profile J,model,completed,,"The introduction of mass vaccination programs coincided with a rise in Sudden Infant Death Syndrome (SIDS), which was not previously a recognized phenomenon.",pillar,endorsed,Neil Z. Miller,high,historical,SIDS and Vaccination,U0187 | U0194,"[U0187] “Prior to the introduction of organized vaccination programs, ‘crib death’ was so rare that it was not mentioned in infant mortality statistics… By 1972, SIDS had become the leading cause of post-neonatal mortality (infant deaths occurring between 28 days and 1 year of life) in the United States.”
[U0194] SIDS is the most extreme example of how vaccines can sometimes overwhelm a child’s immune system.",substantive,The introduction of mass vaccination programs coincided with a rise in Sudden Infant Death Syndrome (SIDS).,The introduction of mass vaccination programs coincided with a rise in Sudden Infant Death Syndrome (SIDS).,The claim's validity depends on historical data correlating vaccination programs with SIDS rates.,Historical data showing SIDS rates before and after the introduction of vaccination programs.,Data indicating no correlation between vaccination programs and SIDS rates.,Evidence showing that other factors contributed to the rise in SIDS rates during that period.,SIDS rates | vaccination programs | historical data,Sources that only repeat the claim without providing independent historical evidence.,"A source only repeats or reports the statement the article already stipulates, without independent evidence about: The introduction of mass vaccination programs coincided with a rise in Sudden Infant Death Syndrome (SIDS",independent_corroboration,independent_corroboration,SIDS historical data | vaccination programs | SIDS rates correlation,,,true
CF1-F03,1,Profile J,model,completed,,"The 1986 National Childhood Vaccine Injury Act removed liability from vaccine manufacturers, leading to increased vaccine production without accountability for safety.",pillar,endorsed,historical context,high,historical,Historical Context,U0068 | U0070,"[U0068] The first shock for anyone just beginning this research was learning about the 1986 National Childhood Vaccine Injury Act.
[U0070] Bowing to the pressure, in 1986 Congress removed all liability from drug companies for childhood vaccines they produced.",substantive,"The 1986 National Childhood Vaccine Injury Act removed liability from vaccine manufacturers, leading to increased vaccine production without accountability for safety.","The 1986 National Childhood Vaccine Injury Act removed liability from vaccine manufacturers, leading to increased vaccine production without accountability for safety.",The claim's validity relies on the historical context and implications of the 1986 Act.,Legislative records confirming the removal of liability from vaccine manufacturers.,Evidence showing that the Act did not lead to increased vaccine production or accountability issues.,Contextual evidence indicating other factors influencing vaccine production rates.,1986 National Childhood Vaccine Injury Act | vaccine manufacturers | liability removal,Sources that merely repeat the claim without providing legislative evidence.,"A source only repeats or reports the statement the article already stipulates, without independent evidence about: The 1986 National Childhood Vaccine Injury Act removed liability from vaccine manufacturers, leading to i",official_record,named_work_result,National Childhood Vaccine Injury Act | vaccine liability | vaccine production accountability,NW001,,true
CF1-F03,1,Profile J,host_pillar_backfill,completed,,"Efforts to suppress information about vaccine safety and adverse effects have been documented, including censorship of films and public discussions.",pillar,unclear,article,high,"Efforts to suppress information about vaccine safety and adverse effects have been documented, including censorship of films and public discussions.",Censorship and Information Suppression,U0049 | U0055 | U0062 | U0148 | U0152,"[U0049] The effort to suppress the film only gave it more publicity and heightened public interest.
[U0055] Within 24 hours of the film being announced, the screening which had been planned over months was canceled.
[U0062] Self-appointed community gatekeeper Owen Rowe demonstrated the epitome of the angry zealotry that Siri describes.
[U0148] Over a period of several months our group developed a vaccine study guide — VACCINATION: Where there is Risk, there must be Choice .
[U0152] Everything in the guide was meticulously documented — including CDC links, National Library of Medicine studies, and vaccine package inserts — all substantiated through Google Scholar.",substantive,"Efforts to suppress information about vaccine safety and adverse effects have been documented, including censorship of films and public discussions.","Efforts to suppress information about vaccine safety and adverse effects have been documented, including censorship of films and public discussions.",The claim's validity depends on the existence of documented efforts to suppress information.,Documented cases of censorship related to vaccine safety discussions.,Evidence showing that no such suppression efforts have occurred.,Specific instances where suppression efforts were proven ineffective or counterproductive.,censorship | vaccine safety | public discussions,Sources that only repeat the claim without providing independent documentation.,"A source only repeats or reports the statement the article already stipulates, without independent evidence about: Efforts to suppress information about vaccine safety and adverse effects have been documented, including ",independent_corroboration,independent_corroboration,vaccine censorship | information suppression | vaccine safety discussions,,,true
CF1-F03,1,Profile J,model,completed,,"Parents have reported numerous cases of vaccine injuries, including autism and SIDS, following vaccinations, which have been largely dismissed by health authorities.",pillar,endorsed,parent reports,high,anecdotal,Vaccine Injury Reports,U0101 | U0105 | U0106,"[U0101] The common themes in stories parents recounted were eerie.
[U0105] The worst were the SIDS (Sudden Infant Death Syndrome) cases.
[U0106] Some within hours of getting vaccinated, and nearly all within a week of their “Well Baby” shots, would be found dead in their cribs after being put down for a nap.",substantive,"Parents have reported numerous cases of vaccine injuries, including autism and SIDS, following vaccinations, which have been largely dismissed by health authorities.","Parents have reported numerous cases of vaccine injuries, including autism and SIDS, following vaccinations, which have been largely dismissed by health authorities.",The claim's validity relies on the existence of reported vaccine injuries and the response from health authorities.,Anecdotal evidence from parent testimonies regarding vaccine injuries.,Evidence showing that reported cases are not credible or have been adequately addressed by health authorities.,Data indicating the prevalence of such reports in specific demographics.,vaccine injuries | autism | SIDS | parent reports,Sources that only repeat the claim without providing independent testimonies.,"A source only repeats or reports the statement the article already stipulates, without independent evidence about: Parents have reported numerous cases of vaccine injuries, including autism and SIDS, following vaccinatio",independent_corroboration,independent_corroboration,vaccine injury reports | parent testimonies | autism and vaccines,,,true
CF1-F03,1,Profile J,model,completed,,"Studies have shown a significant correlation between thimerosal exposure in vaccines and increased autism rates, which the CDC has attempted to downplay.",pillar,endorsed,CDC studies,high,scientific,Thimerosal and Autism,U0326 | U0330,"[U0326] That brings us to the seminal study about a possible link between thimerosal and autism mentioned earlier.
[U0330] To avoid public scrutiny the June 2000 emergency meeting was not held at the CDC headquarters in Atlanta, but instead at the Simpsonwood Retreat Center in Norcross, Georgia.",substantive,"Studies have shown a significant correlation between thimerosal exposure in vaccines and increased autism rates, which the CDC has attempted to downplay.","Studies have shown a significant correlation between thimerosal exposure in vaccines and increased autism rates, which the CDC has attempted to downplay.",The claim's validity relies on the existence of studies demonstrating this correlation.,Research studies showing a correlation between thimerosal exposure and autism rates.,Evidence showing no correlation between thimerosal exposure and autism rates.,Studies indicating specific populations or conditions under which the correlation is more pronounced.,thimerosal | autism | correlation studies,Sources that only repeat the claim without providing independent research.,"A source only repeats or reports the statement the article already stipulates, without independent evidence about: Studies have shown a significant correlation between thimerosal exposure in vaccines and increased autism",independent_corroboration,independent_corroboration,thimerosal and autism | correlation studies | CDC response,,,true
CF1-F03,2,Profile J,model,completed,,"According to the CDC, half of American school children are not fully vaccinated, and at least 1 in 88 toddlers are completely unvaccinated.",thesis,endorsed,CDC,high,national,Public Health Claims,U0002,"[U0002] “According to the CDC and public health authorities, parents who choose not to vaccinate their children are typically highly educated. CDC data reflect that half of American school children are not fully vaccinated, and at least 1 in 88 toddlers are completely unvaccinated. Why would the parents of these children, comprising a large part of the nation’s brain trust, choose not to vaccinate their children?”",substantive,"Half of American school children are not fully vaccinated, and at least 1 in 88 toddlers are completely unvaccinated.","According to the CDC and public health authorities, parents who choose not to vaccinate their children are typically highly educated. CDC data reflect that half of American school children are not fully vaccinated, and at least 1 in 88toddl",The underlying matter of vaccination rates is contested.,National vaccination statistics showing the percentage of fully vaccinated school children and toddlers.,Statistics showing a higher percentage of fully vaccinated school children and toddlers than claimed.,Data indicating that the vaccination rates vary significantly by region or demographic.,CDC vaccination statistics | American school children | toddlers,Sources that merely repeat the CDC's claim without independent verification.,"A source only repeats or reports the statement the article already stipulates, without independent evidence about: Half of American school children are not fully vaccinated, and at least 1 in 88 toddlers are completely u",primary_article_result,independent_corroboration,CDC vaccination statistics | school children vaccination rates | toddler vaccination rates,,,true
CF1-F03,2,Profile J,model,completed,,"William Thompson, a senior CDC scientist, revealed that data linking the MMR vaccine to autism was manipulated by the CDC.",pillar,endorsed,William Thompson,high,national,Vaccine Safety,U0037 | U0038,"[U0037] Senior CDC scientist turned whistleblower William Thompson revealed privately in 2014 that data linking the MMR vaccine (measles/mumps/rubella) to autism had been manipulated by the agency ten years earlier.
[U0038] When top CDC officials learned that their 2004 study results showed a dramatic increase in autism after MMR vaccinations, they’d ordered Thompson and other scientists to destroy all evidence.",substantive,Data linking the MMR vaccine to autism was manipulated by the CDC.,"William Thompson, a senior CDC scientist, revealed that data linking the MMR vaccine to autism was manipulated by the CDC.",The truth of the manipulation of data is contested.,Investigative reports confirming Thompson's claims about data manipulation.,Evidence showing that the CDC's data on MMR and autism was not manipulated.,"Reports indicating that while data manipulation occurred, it did not significantly affect overall vaccine safety conclusions.",William Thompson's claims | CDC data manipulation | MMR vaccine | autism,Sources that merely repeat Thompson's claims without independent verification.,"A source only repeats or reports the statement the article already stipulates, without independent evidence about: Data linking the MMR vaccine to autism was manipulated by the CDC.",independent_corroboration,independent_corroboration,William Thompson | CDC data manipulation | MMR vaccine autism link,,,true
CF1-F03,2,Profile J,host_pillar_backfill,completed,,"There has been a rise in the rate of parents seeking vaccine exemptions for their children, coinciding with a decline in vaccination rates.",pillar,unclear,article,high,"There has been a rise in the rate of parents seeking vaccine exemptions for their children, coinciding with a decline in vaccination rates.",Vaccine Exemptions,U0013 | U0014,"[U0013] The health department’s ad comes at a time when childhood vaccination rates are dropping steadily across the country.
[U0014] Along with reduction in vaccine uptake, there is also a rise in the rate of parents seeking vaccine exemptions for their children.",substantive,"There has been a rise in the rate of parents seeking vaccine exemptions for their children, coinciding with a decline in vaccination rates.","Along with reduction in vaccine uptake, there is also a rise in the rate of parents seeking vaccine exemptions for their children.",The correlation between vaccine exemptions and vaccination rates is contested.,Data showing an increase in vaccine exemption requests alongside a decrease in vaccination rates.,Data showing no significant change in vaccine exemption requests despite declining vaccination rates.,Evidence indicating that the rise in exemptions is limited to specific regions or demographics.,Vaccine exemption rates | Vaccination rates | Parents seeking exemptions,Sources that merely repeat the article's claims without independent verification.,"A source only repeats or reports the statement the article already stipulates, without independent evidence about: There has been a rise in the rate of parents seeking vaccine exemptions for their children, coinciding wi",independent_corroboration,independent_corroboration,vaccine exemptions | vaccination rates | parents seeking exemptions,,,true
CF1-F03,2,Profile J,model,completed,,The chronic illness rate in U.S. children increased from 12.8% in the 1980s to 54% by 2011.,pillar,endorsed,U.S. health statistics,high,national,Chronic Illness Rates,U0086 | U0087,"[U0086] It was a rude awakening, especially for those of us in the Baby Boomer generation, to learn that the chronic illness rate in U.S. children which had been negligible when we were kids had jumped to 12.8% in the 1980s, then to 54% by 2011 .
[U0087] More than one in two American children in the 2011 survey had a diagnosed chronic health condition such as an autoimmune disorder, diabetes or obesity, a neurodevelopmental disorder, or a mood or behavioral disorder.",substantive,The chronic illness rate in U.S. children increased from 12.8% in the 1980s to 54% by 2011.,"The chronic illness rate in U.S. children which had been negligible when we were kids had jumped to 12.8% in the 1980s, then to 54% by 2011.",The accuracy of the chronic illness statistics is contested.,Health surveys confirming the chronic illness rates in U.S. children over the specified time period.,Data showing that chronic illness rates did not increase as claimed.,Evidence indicating that the increase in chronic illness rates is due to factors other than vaccination.,Chronic illness rates | U.S. children | 1980s to 2011,Sources that merely repeat the article's claims without independent verification.,"A source only repeats or reports the statement the article already stipulates, without independent evidence about: The chronic illness rate in U.S. children increased from 12.8% in the 1980s to 54% by 2011.",independent_corroboration,independent_corroboration,chronic illness rates | U.S. children health statistics | 1980s to 2011,,,true
CF1-F03,2,Profile J,model,completed,,The U.S. had twice as many first-day infant deaths as all 27 EU nations combined after implementing aggressive vaccination programs.,pillar,endorsed,U.S. health statistics,high,international,Infant Mortality Rates,U0089 | U0090,"[U0089] During my childhood we had one of the best infant mortality rates in the world.
[U0090] But after embarking on the world’s most aggressive vaccination program, the U.S. had twice as many first-day infant deaths as all 27 EU nations combined .",substantive,The U.S. had twice as many first-day infant deaths as all 27 EU nations combined after implementing aggressive vaccination programs.,The U.S. had twice as many first-day infant deaths as all 27 EU nations combined after embarking on the world’s most aggressive vaccination program.,The accuracy of the infant mortality statistics is contested.,Comparative infant mortality data from the U.S. and EU nations.,Data showing that the U.S. does not have higher infant mortality rates than the EU.,Evidence indicating that the infant mortality rates vary significantly by region or demographic.,Infant mortality rates | U.S. and EU comparison | first-day infant deaths,Sources that merely repeat the article's claims without independent verification.,"A source only repeats or reports the statement the article already stipulates, without independent evidence about: The U.S. had twice as many first-day infant deaths as all 27 EU nations combined after implementing aggre",independent_corroboration,independent_corroboration,infant mortality rates | U.S. EU comparison | first-day infant deaths,,,true
CF1-F03,2,Profile J,model,completed,,An analysis of VAERS data showed that 78.3% of deaths reported occurred within seven days post-vaccination.,pillar,endorsed,VAERS analysis,high,national,Vaccine Adverse Events,U0208 | U0210,"[U0208] Miller analyzed 2,605 deaths reported to the Vaccine Adverse Events Reporting System (VAERS) between 1990 and 2019.
[U0210] A full 78.3 percent occurred within seven days post-vaccination.",substantive,An analysis of VAERS data showed that 78.3% of deaths reported occurred within seven days post-vaccination.,"Miller analyzed 2,605 deaths reported to the Vaccine Adverse Events Reporting System (VAERS) between 1990 and 2019.",The accuracy of the VAERS data analysis is contested.,VAERS data confirming the percentage of deaths occurring within seven days post-vaccination.,Data showing a lower percentage of deaths occurring within seven days post-vaccination.,Evidence indicating that the deaths reported may not be directly caused by vaccination.,VAERS data | deaths reported | post-vaccination,Sources that merely repeat the article's claims without independent verification.,"A source only repeats or reports the statement the article already stipulates, without independent evidence about: An analysis of VAERS data showed that 78.3% of deaths reported occurred within seven days post-vaccinatio",primary_article_result,independent_corroboration,VAERS data analysis | post-vaccination deaths | vaccination safety,,,true
CF1-F03,2,Profile J,model,completed,,A 1999 CDC study found that infants exposed to high levels of thimerosal had a 7.6 times higher risk of autism diagnosis than unexposed peers.,pillar,endorsed,CDC study,high,national,Thimerosal and Autism,U0327 | U0330 | U0344,"[U0327] In 1999 the CDC commissioned epidemiologist Dr.
[U0330] To avoid public scrutiny the June 2000 emergency meeting was not held at the CDC headquarters in Atlanta, but instead at the Simpsonwood Retreat Center in Norcross, Georgia.
[U0344] Instead the CDC “massaged” the data and in 2003 released a reworked, fraudulent version of the study loudly trumpeting that thimerosal did not cause autism and other neurodevelomental problems.",substantive,A 1999 CDC study found that infants exposed to high levels of thimerosal had a 7.6 times higher risk of autism diagnosis than unexposed peers.,"In 1999 the CDC commissioned epidemiologist Dr. to avoid public scrutiny the June 2000 emergency meeting was not held at the CDC headquarters in Atlanta, but instead at the Simpsonwood Retreat Center in Norcross, Georgia.",The accuracy of the CDC study findings is contested.,The original CDC study data confirming the risk of autism diagnosis related to thimerosal exposure.,Evidence showing that thimerosal exposure does not increase autism risk.,Reports indicating that the findings of the study have been misinterpreted or misrepresented.,CDC study | thimerosal exposure | autism diagnosis risk,Sources that merely repeat the article's claims without independent verification.,"A source only repeats or reports the statement the article already stipulates, without independent evidence about: A 1999 CDC study found that infants exposed to high levels of thimerosal had a 7.6 times higher risk of a",independent_corroboration,independent_corroboration,CDC thimerosal study | autism diagnosis | thimerosal exposure risk,,,true
CF1-F03,2,Profile J,model,completed,,"Aluminum in vaccines is known to cause brain damage at all doses and has been linked to autism, SIDS, and other neurological issues.",pillar,endorsed,scientific literature,high,national,Toxicity of Vaccine Ingredients,U0255,"[U0255] Aluminum poisoning has been linked to autism, SIDs, seizures, autoimmune issues, Alzheimers, neurological damage, impaired renal function, demyelinating disorders such as MS, and cancer. [ source ]",substantive,"Aluminum in vaccines is known to cause brain damage at all doses and has been linked to autism, SIDS, and other neurological issues.","Aluminum poisoning has been linked to autism, SIDs, seizures, autoimmune issues, Alzheimers, neurological damage, impaired renal function, demyelinating disorders such as MS, and cancer.",The causal relationship between aluminum in vaccines and health issues is contested.,Research studies confirming the link between aluminum in vaccines and neurological issues.,Evidence showing no significant health risks associated with aluminum in vaccines.,Reports indicating that the health risks are dose-dependent or vary by individual.,aluminum in vaccines | brain damage | neurological issues,Sources that merely repeat the article's claims without independent verification.,"A source only repeats or reports the statement the article already stipulates, without independent evidence about: Aluminum in vaccines is known to cause brain damage at all doses and has been linked to autism, SIDS, and",independent_corroboration,independent_corroboration,aluminum toxicity | vaccines | neurological health risks,,,true
CF1-F03,3,Profile J,,failed,schema_invalid:semantic_inventory_verification,(no inventory — CF1_AGENT_SEMANTIC_INVALID: Pillar labels must be unique),,,,,,,,,,,,,,,,,,,,,,,,false
CF1-F03,4,Profile J,model,failed,verification_failed:host_selection,"According to the CDC, half of American school children are not fully vaccinated, and at least 1 in 88 toddlers are completely unvaccinated.",thesis,endorsed,CDC,high,national,Public Health Claims,U0002,"[U0002] “According to the CDC and public health authorities, parents who choose not to vaccinate their children are typically highly educated. CDC data reflect that half of American school children are not fully vaccinated, and at least 1 in 88 toddlers are completely unvaccinated. Why would the parents of these children, comprising a large part of the nation’s brain trust, choose not to vaccinate their children?”",,,,,,,,,,,,,,,,false
CF1-F03,4,Profile J,model,failed,verification_failed:host_selection,"SIDS became the leading cause of post-neonatal mortality in the U.S. by 1972, coinciding with the introduction of mass vaccination programs.",pillar,endorsed,Neil Z. Miller,high,historical,SIDS and Vaccination,U0187 | U0191 | U0198,"[U0187] “Prior to the introduction of organized vaccination programs, ‘crib death’ was so rare that it was not mentioned in infant mortality statistics… By 1972, SIDS had become the leading cause of post-neonatal mortality (infant deaths occurring between 28 days and 1 year of life) in the United States.”
[U0191] The death of any child is tragic.
[U0198] As Neil Z.",,,,,,,,,,,,,,,,false
CF1-F03,4,Profile J,model,failed,verification_failed:host_selection,A 2005 study found that infants exposed to high levels of thimerosal during their first month of life had a 7.6 times higher risk of autism diagnosis than unexposed peers.,pillar,endorsed,CDC study,high,specific study,Thimerosal and Autism,U0329,[U0329] The findings were so alarming—infants exposed to high levels of thimerosal during their first month of life had 7.6 times higher risk of autism diagnosis than their unexposed peers—that a secret emergency meeting was convened.,,,,,,,,,,,,,,,,false
CF1-F03,4,Profile J,model,failed,verification_failed:host_selection,"The chronic illness rate in U.S. children increased from negligible levels in the 1980s to 54% by 2011, correlating with the expansion of the vaccination schedule.",pillar,endorsed,author's analysis,high,historical,Chronic Illness Rates,U0086,"[U0086] It was a rude awakening, especially for those of us in the Baby Boomer generation, to learn that the chronic illness rate in U.S. children which had been negligible when we were kids had jumped to 12.8% in the 1980s, then to 54% by 2011 .",,,,,,,,,,,,,,,,false
CF1-F03,4,Profile J,model,failed,verification_failed:host_selection,An analysis of deaths reported to the Vaccine Adverse Events Reporting System (VAERS) showed that 17% of deaths occurred on the day of vaccination and 78.3% within seven days post-vaccination.,pillar,endorsed,VAERS analysis,high,VAERS data,Vaccine Adverse Events Reporting System,U0208 | U0210,"[U0208] Miller analyzed 2,605 deaths reported to the Vaccine Adverse Events Reporting System (VAERS) between 1990 and 2019.
[U0210] A full 78.3 percent occurred within seven days post-vaccination.",,,,,,,,,,,,,,,,false
CF1-F03,4,Profile J,model,failed,verification_failed:host_selection,"Aluminum in vaccines is linked to various health issues, including brain damage, and is injected directly into the bloodstream, bypassing natural defenses.",pillar,endorsed,author's analysis,high,general,Aluminum Toxicity,U0245 | U0250 | U0255,"[U0245] Folks SHOULD be nervous about aluminum being used in vaccines.
[U0250] Injecting aluminum through a vaccination bypasses these protections, placing it directly into the bloodstream.
[U0255] Aluminum poisoning has been linked to autism, SIDs, seizures, autoimmune issues, Alzheimers, neurological damage, impaired renal function, demyelinating disorders such as MS, and cancer. [ source ]",,,,,,,,,,,,,,,,false
CF1-F03,4,Profile J,model,failed,verification_failed:host_selection,"Efforts to screen the documentary Vaxxed were met with significant community censorship, reflecting a broader trend of suppressing dissenting views on vaccines.",pillar,endorsed,author's observation,high,local,Censorship of Vaccine Information,U0055 | U0062,"[U0055] Within 24 hours of the film being announced, the screening which had been planned over months was canceled.
[U0062] Self-appointed community gatekeeper Owen Rowe demonstrated the epitome of the angry zealotry that Siri describes.",,,,,,,,,,,,,,,,false
CF1-F03,4,Profile J,model,failed,verification_failed:host_selection,"More than one in two American children in the 2011 survey had a diagnosed chronic health condition such as an autoimmune disorder, diabetes, or obesity.",pillar,endorsed,2011 survey,high,national survey,Chronic Illness Rates,U0087,"[U0087] More than one in two American children in the 2011 survey had a diagnosed chronic health condition such as an autoimmune disorder, diabetes or obesity, a neurodevelopmental disorder, or a mood or behavioral disorder.",,,,,,,,,,,,,,,,false
CF1-F03,5,Profile J,,failed,schema_invalid:semantic_inventory_verification,(no inventory — CF1_AGENT_SEMANTIC_INVALID: Pillar labels must be unique),,,,,,,,,,,,,,,,,,,,,,,,false
CF1-F03,1,Profile V,model,completed,,"According to the CDC, half of American school children are not fully vaccinated, and at least 1 in 88 toddlers are completely unvaccinated.",pillar_support,reported,CDC,high,American school children and toddlers,Public health claims about vaccines are misleading. | Vaccine safety and efficacy are questioned.,U0002,"[U0002] “According to the CDC and public health authorities, parents who choose not to vaccinate their children are typically highly educated. CDC data reflect that half of American school children are not fully vaccinated, and at least 1 in 88 toddlers are completely unvaccinated. Why would the parents of these children, comprising a large part of the nation’s brain trust, choose not to vaccinate their children?”",substantive,"Half of American school children are not fully vaccinated, and at least 1 in 88 toddlers are completely unvaccinated.","According to the CDC, half of American school children are not fully vaccinated, and at least 1 in 88 toddlers are completely unvaccinated.",The dispute concerns the accuracy of the vaccination statistics reported by the CDC.,Independent studies corroborate the CDC's vaccination statistics for American school children and toddlers.,Independent studies show a higher percentage of vaccinated American school children and toddlers than reported by the CDC.,Statistics indicate a lower percentage of unvaccinated children in specific regions or demographics.,Access to CDC vaccination data or independent vaccination surveys for American school children and toddlers.,Evidence that merely repeats the CDC's statement without independent verification.,"A source only repeats or reports the statement the article already stipulates, without independent evidence about: Half of American school children are not fully vaccinated, and at least 1 in 88 toddlers are completely u",independent_corroboration,independent_corroboration,CDC vaccination statistics | American school children vaccination rates | toddler vaccination rates,,,true
CF1-F03,1,Profile V,model,completed,,The CDC's 2000 meeting to discuss thimerosal and autism was held in secret to avoid public scrutiny.,pillar_support,reported,CDC meeting minutes,high,CDC meeting on thimerosal,Censorship and suppression of vaccine criticism.,U0330,"[U0330] To avoid public scrutiny the June 2000 emergency meeting was not held at the CDC headquarters in Atlanta, but instead at the Simpsonwood Retreat Center in Norcross, Georgia.",substantive,The CDC's 2000 meeting to discuss thimerosal and autism was held in secret to avoid public scrutiny.,The CDC's 2000 meeting to discuss thimerosal and autism was held in secret to avoid public scrutiny.,The dispute concerns whether the meeting was indeed held in secret and the reasons for it.,Official records or credible reports confirm the meeting was held at a location to avoid public scrutiny.,Official records or credible reports indicate the meeting was publicly accessible or not secretive.,Evidence suggests the meeting was private but not necessarily secretive or intended to avoid scrutiny.,Access to meeting minutes or records from the CDC regarding the 2000 meeting on thimerosal.,Evidence that merely states the meeting occurred without addressing its secrecy.,"A source only repeats or reports the statement the article already stipulates, without independent evidence about: The CDC's 2000 meeting to discuss thimerosal and autism was held in secret to avoid public scrutiny.",official_record,official_record,CDC thimerosal autism meeting | secret meeting CDC 2000 | public scrutiny thimerosal meeting,,,true
CF1-F03,1,Profile V,model,completed,,The health department's ad claims that children face more challenges to their immune system while playing outside than from vaccines.,pillar_support,reported,Jefferson County Public Health,high,children's immune system challenges,Public health claims about vaccines are misleading.,U0005 | U0184,"[U0005] “What’s the Truth about Vaccines?” asked Jefferson County Public Health (JCPH) in a quarter-page ad in the March 11 Port Townsend Leader. The hand-drawn, whimsical cartoon-style presentation and the ad’s content offered a light-hearted attempt to ease parents’ concerns about vaccinating their children.
[U0184] The truth is, a child’s immune system can handle a lot!",substantive,Children face more challenges to their immune system while playing outside than from vaccines.,The health department's ad claims that children face more challenges to their immune system while playing outside than from vaccines.,The dispute concerns the validity of the health department's claim regarding immune system challenges.,Comparative studies show that outdoor play poses greater immune challenges than vaccination.,Studies indicate that vaccines pose greater risks to children's immune systems than outdoor play.,Evidence suggests that the challenges to the immune system from outdoor play are significant but not necessarily greater than those from vaccines.,Access to comparative studies on immune system challenges from outdoor play versus vaccines.,Evidence that merely repeats the health department's claim without independent verification.,"A source only repeats or reports the statement the article already stipulates, without independent evidence about: Children face more challenges to their immune system while playing outside than from vaccines.",independent_corroboration,independent_corroboration,immune system challenges outdoor play | vaccination immune system effects | children immune system health,,,true
CF1-F03,1,Profile V,model,completed,,"There have been no credible studies linking vaccination to chronic disease, according to the health department's ad.",pillar_support,reported,Jefferson County Public Health,high,link between vaccination and chronic disease,Vaccine safety and efficacy are questioned.,U0011 | U0400,"[U0011] • “So far, there have been no credible studies that link vaccination to chronic disease.”
[U0400] Are there “no credible studies that link vaccination to chronic disease” ?",substantive,There have been no credible studies linking vaccination to chronic disease.,"According to the health department's ad, there have been no credible studies linking vaccination to chronic disease.",The dispute concerns the existence and credibility of studies linking vaccination to chronic disease.,Independent reviews of scientific literature confirm no credible studies link vaccination to chronic disease.,Independent studies demonstrate a credible link between vaccination and chronic disease.,Evidence suggests some studies exist but question their credibility or relevance.,Access to comprehensive reviews of studies on vaccination and chronic disease.,Evidence that merely repeats the health department's claim without independent verification.,"A source only repeats or reports the statement the article already stipulates, without independent evidence about: There have been no credible studies linking vaccination to chronic disease.",independent_corroboration,independent_corroboration,vaccination chronic disease studies | credible studies vaccination | vaccination health effects,,,true
CF1-F03,1,Profile V,model,completed,,"The CDC manipulated data linking the MMR vaccine to autism, according to whistleblower William Thompson.",pillar_support,reported,William Thompson,high,MMR vaccine and autism link,Public health claims about vaccines are misleading. | Vaccine safety and efficacy are questioned.,U0037 | U0041,"[U0037] Senior CDC scientist turned whistleblower William Thompson revealed privately in 2014 that data linking the MMR vaccine (measles/mumps/rubella) to autism had been manipulated by the agency ten years earlier.
[U0041] The fraudulent, re-worked study was then released to declare that it had proven MMR vaccines did not cause autism.",substantive,"The CDC manipulated data linking the MMR vaccine to autism, according to whistleblower William Thompson.","According to whistleblower William Thompson, the CDC manipulated data linking the MMR vaccine to autism.",The dispute concerns the truth of the manipulation claim made by the whistleblower.,Independent investigations confirm that data manipulation occurred regarding the MMR vaccine and autism.,Investigations show no evidence of data manipulation by the CDC regarding the MMR vaccine and autism.,Evidence suggests data manipulation claims are disputed or lack consensus.,Access to CDC data and whistleblower testimony regarding the MMR vaccine.,Evidence that merely repeats Thompson's claim without independent verification.,"A source only repeats or reports the statement the article already stipulates, without independent evidence about: The CDC manipulated data linking the MMR vaccine to autism, according to whistleblower William Thompson.",independent_corroboration,independent_corroboration,CDC MMR vaccine autism data manipulation | William Thompson whistleblower | MMR vaccine autism studies,,,true
CF1-F03,1,Profile V,model,completed,,The 1986 National Childhood Vaccine Injury Act removed all liability from drug companies for childhood vaccines they produced.,pillar_support,reported,U.S. Congress,high,liability for childhood vaccines,Vaccine safety and efficacy are questioned.,U0070,"[U0070] Bowing to the pressure, in 1986 Congress removed all liability from drug companies for childhood vaccines they produced.",substantive,The 1986 National Childhood Vaccine Injury Act removed all liability from drug companies for childhood vaccines they produced.,The 1986 National Childhood Vaccine Injury Act removed all liability from drug companies for childhood vaccines they produced.,The dispute concerns the accuracy of the claim regarding liability removal.,Official records confirm that the 1986 Act removed liability from drug companies for childhood vaccines.,Records indicate that some liability remains for drug companies under the 1986 Act.,"Evidence suggests that while liability was reduced, some forms of liability may still exist.",Access to the legislative text of the 1986 National Childhood Vaccine Injury Act.,Evidence that merely states the Act's provisions without addressing liability.,"A source only repeats or reports the statement the article already stipulates, without independent evidence about: The 1986 National Childhood Vaccine Injury Act removed all liability from drug companies for childhood va",official_record,named_work_result,1986 National Childhood Vaccine Injury Act | vaccine liability laws | childhood vaccine injury compensation,NW001,,true
CF1-F03,1,Profile V,model,completed,,"In 2011, 54% of American children had a diagnosed chronic health condition, according to a survey.",pillar_support,reported,2011 survey,high,American children with chronic health conditions,Vaccine safety and efficacy are questioned.,U0086 | U0087,"[U0086] It was a rude awakening, especially for those of us in the Baby Boomer generation, to learn that the chronic illness rate in U.S. children which had been negligible when we were kids had jumped to 12.8% in the 1980s, then to 54% by 2011 .
[U0087] More than one in two American children in the 2011 survey had a diagnosed chronic health condition such as an autoimmune disorder, diabetes or obesity, a neurodevelopmental disorder, or a mood or behavioral disorder.",substantive,"In 2011, 54% of American children had a diagnosed chronic health condition, according to a survey.","According to a survey, in 2011, 54% of American children had a diagnosed chronic health condition.",The dispute concerns the accuracy of the survey results regarding chronic health conditions.,Independent surveys corroborate that 54% of American children had a diagnosed chronic health condition in 2011.,Surveys indicate a lower percentage of American children with diagnosed chronic health conditions in 2011.,Evidence suggests that the percentage may vary by region or demographic.,Access to the survey data from 2011 regarding children's health conditions.,Evidence that merely repeats the survey's claim without independent verification.,"A source only repeats or reports the statement the article already stipulates, without independent evidence about: In 2011, 54% of American children had a diagnosed chronic health condition, according to a survey.",independent_corroboration,independent_corroboration,2011 American children health survey | chronic health conditions children | children health statistics,,,true
CF1-F03,1,Profile V,model,completed,,The CDC has never safety tested the cumulative aluminum load received in multiple vaccine shots.,pillar_support,reported,CDC,high,safety testing of aluminum in vaccines,Vaccine safety and efficacy are questioned.,U0279,[U0279] The CDC has NEVER safety tested this cumulative load received in multiple shots.,substantive,The CDC has never safety tested the cumulative aluminum load received in multiple vaccine shots.,The CDC has never safety tested the cumulative aluminum load received in multiple vaccine shots.,The dispute concerns whether the CDC has conducted safety tests on aluminum in vaccines.,Independent reviews confirm that the CDC has not conducted safety tests on cumulative aluminum loads in vaccines.,Evidence shows that the CDC has conducted safety tests on aluminum in vaccines.,"Evidence suggests that while cumulative aluminum loads have not been tested, individual components may have been.",Access to CDC safety testing protocols regarding aluminum in vaccines.,Evidence that merely repeats the claim without independent verification.,"A source only repeats or reports the statement the article already stipulates, without independent evidence about: The CDC has never safety tested the cumulative aluminum load received in multiple vaccine shots.",independent_corroboration,independent_corroboration,CDC aluminum vaccine safety testing | cumulative aluminum load vaccines | vaccine safety protocols,,,true
CF1-F03,2,Profile V,model,completed,,"According to the CDC, half of American school children are not fully vaccinated, and at least 1 in 88 toddlers are completely unvaccinated.",pillar,reported,CDC,high,American school children and toddlers,Public health claims about vaccines are not supported by credible evidence. | The rise in chronic health conditions in children correlates with increased vaccination rates.,U0002,"[U0002] “According to the CDC and public health authorities, parents who choose not to vaccinate their children are typically highly educated. CDC data reflect that half of American school children are not fully vaccinated, and at least 1 in 88 toddlers are completely unvaccinated. Why would the parents of these children, comprising a large part of the nation’s brain trust, choose not to vaccinate their children?”",substantive,"Half of American school children are not fully vaccinated, and at least 1 in 88 toddlers are completely unvaccinated.","According to the CDC, half of American school children are not fully vaccinated, and at least 1 in 88 toddlers are completely unvaccinated.",The real dispute is whether the vaccination rates reported by the CDC are accurate.,Independent verification of CDC vaccination statistics showing the same rates of unvaccinated children.,Evidence showing that the actual vaccination rates are higher than reported by the CDC.,Data indicating that the rates of unvaccinated children vary significantly by region or demographic.,Access to CDC vaccination data or independent studies on vaccination rates among American school children and toddlers.,Repetition of the CDC's statement without independent verification.,"A source only repeats or reports the statement the article already stipulates, without independent evidence about: Half of American school children are not fully vaccinated, and at least 1 in 88 toddlers are completely u",independent_corroboration,independent_corroboration,CDC vaccination statistics | unvaccinated children | vaccination rates,,,true
CF1-F03,2,Profile V,model,completed,,"The CDC manipulated data linking the MMR vaccine to autism, as revealed by whistleblower William Thompson.",pillar,endorsed,William Thompson,high,CDC studies on MMR vaccine and autism,The CDC has a history of data manipulation regarding vaccine safety.,U0037 | U0038 | U0041 | U0042,"[U0037] Senior CDC scientist turned whistleblower William Thompson revealed privately in 2014 that data linking the MMR vaccine (measles/mumps/rubella) to autism had been manipulated by the agency ten years earlier.
[U0038] When top CDC officials learned that their 2004 study results showed a dramatic increase in autism after MMR vaccinations, they’d ordered Thompson and other scientists to destroy all evidence.
[U0041] The fraudulent, re-worked study was then released to declare that it had proven MMR vaccines did not cause autism.
[U0042] Believing the order to destroy data was illegal, Thompson secretly saved over 10,000 pages of documents.",substantive,The CDC manipulated data linking the MMR vaccine to autism.,"The CDC manipulated data linking the MMR vaccine to autism, as revealed by whistleblower William Thompson.",The real dispute is whether the data manipulation occurred as alleged.,Independent corroboration of William Thompson's claims regarding data manipulation.,Evidence showing that the CDC's data on the MMR vaccine and autism was not manipulated.,"Documentation indicating that while data was altered, it did not affect the overall conclusions about vaccine safety.",Access to internal CDC documents or independent investigations into the MMR vaccine studies.,Repetition of Thompson's claims without independent verification.,"A source only repeats or reports the statement the article already stipulates, without independent evidence about: The CDC manipulated data linking the MMR vaccine to autism.",independent_corroboration,independent_corroboration,CDC data manipulation | MMR vaccine autism | William Thompson,,,true
CF1-F03,2,Profile V,model,completed,,"Aluminum in vaccines is linked to brain damage and various health issues, including autism and SIDS.",pillar_support,endorsed,Article data,high,Vaccines containing aluminum,Aluminum and mercury in vaccines pose health risks.,U0254 | U0255,"[U0254] It is known to cause brain damage at all doses.
[U0255] Aluminum poisoning has been linked to autism, SIDs, seizures, autoimmune issues, Alzheimers, neurological damage, impaired renal function, demyelinating disorders such as MS, and cancer. [ source ]",substantive,"Aluminum in vaccines is linked to brain damage and various health issues, including autism and SIDS.","Aluminum in vaccines is linked to brain damage and various health issues, including autism and SIDS.",The real dispute is whether there is a credible scientific link between aluminum in vaccines and these health issues.,Peer-reviewed studies demonstrating a causal link between aluminum in vaccines and brain damage or health issues.,Evidence showing no link between aluminum in vaccines and brain damage or health issues.,Studies indicating a correlation without establishing causation between aluminum exposure and health issues.,Access to research studies on aluminum toxicity in vaccines and their health impacts.,Repetition of the claim without supporting scientific evidence.,"A source only repeats or reports the statement the article already stipulates, without independent evidence about: Aluminum in vaccines is linked to brain damage and various health issues, including autism and SIDS.",independent_corroboration,independent_corroboration,aluminum vaccines | brain damage | health issues | autism | SIDS,,,true
CF1-F03,2,Profile V,model,completed,,"More than one in two American children had a diagnosed chronic health condition by 2011, with the percentage likely higher today.",pillar_support,endorsed,2011 survey data,high,American children,The rise in chronic health conditions in children correlates with increased vaccination rates.,U0087,"[U0087] More than one in two American children in the 2011 survey had a diagnosed chronic health condition such as an autoimmune disorder, diabetes or obesity, a neurodevelopmental disorder, or a mood or behavioral disorder.",substantive,"More than one in two American children had a diagnosed chronic health condition by 2011, with the percentage likely higher today.","More than one in two American children had a diagnosed chronic health condition by 2011, with the percentage likely higher today.",The real dispute is whether the chronic health condition rates among children have indeed increased since 2011.,Recent studies showing an increase in chronic health conditions among children since 2011.,Evidence indicating that the rates of chronic health conditions among children have decreased since 2011.,Data showing that the increase in chronic health conditions is limited to specific demographics or conditions.,Access to national health survey data on chronic health conditions in children.,Repetition of the claim without updated statistics.,"A source only repeats or reports the statement the article already stipulates, without independent evidence about: More than one in two American children had a diagnosed chronic health condition by 2011, with the percent",independent_corroboration,independent_corroboration,chronic health conditions children | health surveys | 2011 statistics,,,true
CF1-F03,2,Profile V,model,completed,,"Thimerosal, a mercury-based preservative in vaccines, is neurotoxic and linked to developmental issues.",pillar_support,endorsed,Material Safety Data Sheet,high,Vaccines containing thimerosal,Aluminum and mercury in vaccines pose health risks.,U0242 | U0301 | U0310 | U0368,"[U0242] “Our calculations show that the levels of aluminum suggested by the currently used limits place infants at risk of acute, repeated, and possibly chronic exposures of toxic levels of aluminum in modern vaccine schedules.”
[U0301] “[Thimerosal] is toxic… Mutagenic in mammalian cells.“
[U0310] Contrary to our health department’s claim, it is highly neurotoxic — dangerous enough to cause “decreased offspring survival” as Eli Lilly was required by law to disclose in its Material Safety Data Sheet for thimerosal.
[U0368] The limit for mercury in drinking water is set at 200 parts per billion per the EPA’s Toxicity Characteristic Leaching Procedure (TCLP).",substantive,"Thimerosal, a mercury-based preservative in vaccines, is neurotoxic and linked to developmental issues.","Thimerosal, a mercury-based preservative in vaccines, is neurotoxic and linked to developmental issues.",The real dispute is whether thimerosal in vaccines is indeed neurotoxic and linked to developmental issues.,Scientific studies demonstrating the neurotoxic effects of thimerosal in vaccines.,Evidence showing that thimerosal does not have neurotoxic effects.,"Studies indicating that while thimerosal is neurotoxic, its effects are not significant at the levels used in vaccines.",Access to toxicology reports on thimerosal and its effects.,Repetition of the claim without supporting scientific evidence.,"A source only repeats or reports the statement the article already stipulates, without independent evidence about: Thimerosal, a mercury-based preservative in vaccines, is neurotoxic and linked to developmental issues.",independent_corroboration,independent_corroboration,thimerosal neurotoxicity | developmental issues | vaccines,,,true
CF1-F03,2,Profile V,model,completed,,The CDC's 2000 study on thimerosal and autism was manipulated to downplay the risks associated with thimerosal exposure.,pillar_support,endorsed,Article data,high,CDC study on thimerosal,The CDC has a history of data manipulation regarding vaccine safety.,U0330 | U0344,"[U0330] To avoid public scrutiny the June 2000 emergency meeting was not held at the CDC headquarters in Atlanta, but instead at the Simpsonwood Retreat Center in Norcross, Georgia.
[U0344] Instead the CDC “massaged” the data and in 2003 released a reworked, fraudulent version of the study loudly trumpeting that thimerosal did not cause autism and other neurodevelomental problems.",substantive,The CDC's 2000 study on thimerosal and autism was manipulated to downplay the risks associated with thimerosal exposure.,The CDC's 2000 study on thimerosal and autism was manipulated to downplay the risks associated with thimerosal exposure.,The real dispute is whether the manipulation of the study occurred as alleged.,Independent verification of claims regarding the manipulation of the CDC's 2000 study.,Evidence showing that the study was conducted without manipulation and accurately reported its findings.,"Documentation indicating that while there were changes made, they did not significantly alter the study's conclusions.",Access to the original study data and any internal communications regarding its analysis.,Repetition of the claim without independent verification.,"A source only repeats or reports the statement the article already stipulates, without independent evidence about: The CDC's 2000 study on thimerosal and autism was manipulated to downplay the risks associated with thime",independent_corroboration,independent_corroboration,CDC thimerosal study | data manipulation | autism,,,true
CF1-F03,2,Profile V,model,completed,,The sudden infant death syndrome (SIDS) became the leading cause of post-neonatal mortality in the U.S. after mass vaccination programs were introduced.,pillar_support,endorsed,Neil Z. Miller,high,U.S. infant mortality statistics,The rise in chronic health conditions in children correlates with increased vaccination rates.,U0187 | U0194,"[U0187] “Prior to the introduction of organized vaccination programs, ‘crib death’ was so rare that it was not mentioned in infant mortality statistics… By 1972, SIDS had become the leading cause of post-neonatal mortality (infant deaths occurring between 28 days and 1 year of life) in the United States.”
[U0194] SIDS is the most extreme example of how vaccines can sometimes overwhelm a child’s immune system.",substantive,The sudden infant death syndrome (SIDS) became the leading cause of post-neonatal mortality in the U.S. after mass vaccination programs were introduced.,The sudden infant death syndrome (SIDS) became the leading cause of post-neonatal mortality in the U.S. after mass vaccination programs were introduced.,The real dispute is whether the introduction of mass vaccination programs directly contributed to the rise in SIDS rates.,Historical data showing a correlation between vaccination rates and SIDS rates.,Evidence showing that SIDS rates increased independently of vaccination rates.,"Data indicating that while SIDS rates increased, other factors may have contributed to this rise.",Access to historical mortality data and vaccination program timelines.,Repetition of the claim without supporting evidence.,"A source only repeats or reports the statement the article already stipulates, without independent evidence about: The sudden infant death syndrome (SIDS) became the leading cause of post-neonatal mortality in the U.S. a",independent_corroboration,independent_corroboration,SIDS vaccination correlation | post-neonatal mortality | historical data,,,true
CF1-F03,2,Profile V,model,completed,,The CDC has classified thimerosal-containing vaccines as hazardous waste due to their mercury content.,pillar_support,endorsed,EPA guidelines,high,Thimerosal-containing vaccines,Aluminum and mercury in vaccines pose health risks.,U0368 | U0370,"[U0368] The limit for mercury in drinking water is set at 200 parts per billion per the EPA’s Toxicity Characteristic Leaching Procedure (TCLP).
[U0370] Thimerosal as a Vaccine Preservative , a summary prepared in 2025 for the CDC’s Advisory Committee for Immunization Practices (ACIP), notes that “thimerosal-containing vaccines exceed the TCLP threshold by orders of magnitude and are classified as D009 Hazardous Waste.”",substantive,The CDC has classified thimerosal-containing vaccines as hazardous waste due to their mercury content.,The CDC has classified thimerosal-containing vaccines as hazardous waste due to their mercury content.,The real dispute is whether thimerosal-containing vaccines are indeed classified as hazardous waste.,Official documentation from the CDC or EPA confirming the classification of thimerosal-containing vaccines as hazardous waste.,Evidence showing that thimerosal-containing vaccines are not classified as hazardous waste.,"Documentation indicating that while there is a classification, it may not apply to all thimerosal-containing vaccines.",Access to official records or guidelines from the CDC or EPA regarding hazardous waste classification.,Repetition of the claim without supporting documentation.,"A source only repeats or reports the statement the article already stipulates, without independent evidence about: The CDC has classified thimerosal-containing vaccines as hazardous waste due to their mercury content.",official_record,official_record,thimerosal hazardous waste | CDC classification | EPA guidelines,,,true
CF1-F03,3,Profile V,model,completed,,"According to the CDC, half of American school children are not fully vaccinated, and at least 1 in 88 toddlers are completely unvaccinated.",pillar,reported,CDC,high,American school children and toddlers,"Public health claims about vaccines lack credible evidence. | The 1986 National Childhood Vaccine Injury Act has led to a lack of accountability for vaccine manufacturers. | There are significant concerns about the safety of vaccine ingredients, particularly aluminum and mercury.",U0002,"[U0002] “According to the CDC and public health authorities, parents who choose not to vaccinate their children are typically highly educated. CDC data reflect that half of American school children are not fully vaccinated, and at least 1 in 88 toddlers are completely unvaccinated. Why would the parents of these children, comprising a large part of the nation’s brain trust, choose not to vaccinate their children?”",substantive,"Half of American school children are not fully vaccinated, and at least 1 in 88 toddlers are completely unvaccinated.","According to the CDC, half of American school children are not fully vaccinated, and at least 1 in 88 toddlers are completely unvaccinated.",The real dispute is whether the vaccination rates reported by the CDC are accurate.,Independent studies corroborate CDC vaccination statistics showing similar rates of unvaccinated children.,Evidence showing that the actual vaccination rates are significantly higher than reported by the CDC.,Data indicating that the rates of unvaccinated children vary significantly by region or demographic.,Access to CDC vaccination data or independent vaccination studies in the U.S. | Population of American school children and toddlers.,Repetition of the CDC's statement without independent verification.,"A source only repeats or reports the statement the article already stipulates, without independent evidence about: Half of American school children are not fully vaccinated, and at least 1 in 88 toddlers are completely u",independent_corroboration,independent_corroboration,CDC vaccination statistics | unvaccinated children | American school children vaccination rates,,,true
CF1-F03,3,Profile V,model,completed,,The 1986 National Childhood Vaccine Injury Act removed all liability from drug companies for childhood vaccines they produced.,pillar,endorsed,article,high,U.S. childhood vaccines,The 1986 National Childhood Vaccine Injury Act has led to a lack of accountability for vaccine manufacturers.,U0070,"[U0070] Bowing to the pressure, in 1986 Congress removed all liability from drug companies for childhood vaccines they produced.",substantive,The 1986 National Childhood Vaccine Injury Act removed all liability from drug companies for childhood vaccines they produced.,The 1986 National Childhood Vaccine Injury Act removed all liability from drug companies for childhood vaccines they produced.,The dispute is whether the act indeed absolved drug companies of all liability.,Legal analyses confirming that the 1986 act removed liability for vaccine manufacturers.,Evidence showing that vaccine manufacturers retain some liability under the 1986 act.,Clarification that the act only applies to certain types of claims or injuries.,Access to legal texts or interpretations of the 1986 National Childhood Vaccine Injury Act. | Scope of U.S. childhood vaccines.,Repetition of the claim without legal verification.,"A source only repeats or reports the statement the article already stipulates, without independent evidence about: The 1986 National Childhood Vaccine Injury Act removed all liability from drug companies for childhood va",official_record,official_record,1986 National Childhood Vaccine Injury Act | vaccine manufacturer liability | legal implications of vaccine laws,NW001,,true
CF1-F03,3,Profile V,model,completed,,The CDC conducted a study in 2000 that found infants exposed to high levels of thimerosal during their first month of life had a 7.6 times higher risk of autism diagnosis than their unexposed peers.,pillar_support,reported,CDC study,high,infants exposed to thimerosal,"There are significant concerns about the safety of vaccine ingredients, particularly aluminum and mercury.",U0329,[U0329] The findings were so alarming—infants exposed to high levels of thimerosal during their first month of life had 7.6 times higher risk of autism diagnosis than their unexposed peers—that a secret emergency meeting was convened.,substantive,Infants exposed to high levels of thimerosal during their first month of life had a 7.6 times higher risk of autism diagnosis than their unexposed peers.,The CDC conducted a study in 2000 that found infants exposed to high levels of thimerosal during their first month of life had a 7.6 times higher risk of autism diagnosis than their unexposed peers.,The dispute is whether the findings of the CDC study are valid and replicable.,Independent studies confirming the association between thimerosal exposure and autism risk.,Evidence showing no significant difference in autism rates between exposed and unexposed infants.,Data indicating that the risk ratio is lower than 7.6 or that the study had methodological flaws.,Access to the original CDC study data or independent replication studies. | Population of infants exposed to thimerosal.,Repetition of the CDC's findings without independent verification.,"A source only repeats or reports the statement the article already stipulates, without independent evidence about: Infants exposed to high levels of thimerosal during their first month of life had a 7.6 times higher risk",independent_corroboration,independent_corroboration,thimerosal autism risk | CDC study thimerosal | infants thimerosal exposure,,,true
CF1-F03,3,Profile V,model,completed,,The CDC has classified thimerosal-containing vaccines as toxic hazardous waste.,pillar_support,endorsed,EPA,high,thimerosal-containing vaccines,"There are significant concerns about the safety of vaccine ingredients, particularly aluminum and mercury.",U0241 | U0301 | U0367 | U0368 | U0370,"[U0241] THE FACTS / ALUMINUM:
[U0301] “[Thimerosal] is toxic… Mutagenic in mammalian cells.“
[U0367] The claim by health agencies that injected ethylmercury is benign becomes even more inconceivable in light of the fact that the EPA classifies the thimerosal in vaccines as toxic hazardous waste .
[U0368] The limit for mercury in drinking water is set at 200 parts per billion per the EPA’s Toxicity Characteristic Leaching Procedure (TCLP).
[U0370] Thimerosal as a Vaccine Preservative , a summary prepared in 2025 for the CDC’s Advisory Committee for Immunization Practices (ACIP), notes that “thimerosal-containing vaccines exceed the TCLP threshold by orders of magnitude and are classified as D009 Hazardous Waste.”",substantive,Thimerosal-containing vaccines are classified as toxic hazardous waste by the EPA.,The CDC has classified thimerosal-containing vaccines as toxic hazardous waste.,The dispute is whether the classification by the EPA is accurate and applicable to thimerosal in vaccines.,EPA documentation confirming the classification of thimerosal as hazardous waste.,Evidence showing that thimerosal does not meet the criteria for hazardous waste classification.,Clarification that the classification applies only under specific conditions or concentrations.,Access to EPA classification documents regarding thimerosal. | Scope of thimerosal-containing vaccines.,Repetition of the claim without EPA verification.,"A source only repeats or reports the statement the article already stipulates, without independent evidence about: Thimerosal-containing vaccines are classified as toxic hazardous waste by the EPA.",official_record,official_record,thimerosal hazardous waste | EPA classification thimerosal | toxic waste regulations,,,true
CF1-F03,3,Profile V,model,completed,,The CDC has never safety tested the cumulative aluminum load received in multiple vaccine shots given to infants.,pillar_support,endorsed,article,high,infants receiving multiple vaccines,"There are significant concerns about the safety of vaccine ingredients, particularly aluminum and mercury.",U0279,[U0279] The CDC has NEVER safety tested this cumulative load received in multiple shots.,substantive,The CDC has never safety tested the cumulative aluminum load received in multiple vaccine shots given to infants.,The CDC has never safety tested the cumulative aluminum load received in multiple vaccine shots given to infants.,The dispute is whether the CDC has conducted any safety testing on aluminum in vaccines.,Documentation from the CDC confirming the lack of safety testing for cumulative aluminum exposure.,Evidence showing that the CDC has conducted safety tests on aluminum loads in vaccines.,Data indicating that some testing has been done but not on cumulative loads.,Access to CDC safety testing protocols and records regarding aluminum in vaccines. | Scope of infants receiving multiple vaccines.,Repetition of the claim without CDC verification.,"A source only repeats or reports the statement the article already stipulates, without independent evidence about: The CDC has never safety tested the cumulative aluminum load received in multiple vaccine shots given to ",official_record,official_record,CDC aluminum safety testing | cumulative aluminum vaccines | vaccine safety protocols,,,true
CF1-F03,3,Profile V,model,completed,,The article claims that the CDC has manipulated data to disprove links between vaccines and autism.,pillar_support,endorsed,article,high,CDC vaccine studies,Public health claims about vaccines lack credible evidence.,U0001 | U0021 | U0027 | U0034 | U0041 | U0400,"[U0001] Public Health’s “Truth” About Vaccines
PART 1
by Ana Wolpin | Apr 12, 2026 | General | 33 comments
[U0021] • Parents who do not vaccinate. Parents who choose to forego vaccines, he says, are not only highly educated, but “often scientifically literate. Many are medical professionals. Leading scientists.” He quotes vaccine promoter Emily Brunson, PhD, who acknowledges: “When you look at hesitancy in the U.S., the group who is most likely to purposefully choose to not vaccinate are highly educated. In speaking with them, these are people who have read the primary literature themselves, and they’re correctly interpreting it.”
[U0027] As this article will show, the claims made in our health department’s ad repeat medical dogma that has persisted for decades with no basis in reality.
[U0034] Or are they so entrenched in their fervent belief in the vaccine narrative that they cannot consider information that disproves the gospel?
[U0041] The fraudulent, re-worked study was then released to declare that it had proven MMR vaccines did not cause autism.
[U0400] Are there “no credible studies that link vaccination to chronic disease” ?",substantive,The CDC has manipulated data to disprove links between vaccines and autism.,The article claims that the CDC has manipulated data to disprove links between vaccines and autism.,The dispute is whether there is credible evidence of data manipulation by the CDC.,Independent investigations confirming data manipulation by the CDC.,Evidence showing that the CDC's data handling was transparent and accurate.,"Data indicating that while there may be concerns, no definitive manipulation has been proven.",Access to CDC data handling records or independent investigation results. | Scope of CDC vaccine studies.,Repetition of the claim without independent verification.,"A source only repeats or reports the statement the article already stipulates, without independent evidence about: The CDC has manipulated data to disprove links between vaccines and autism.",independent_corroboration,independent_corroboration,CDC data manipulation | vaccines autism links | investigations CDC,,,true
CF1-F03,3,Profile V,model,completed,,The sudden infant death syndrome (SIDS) became the leading cause of post-neonatal mortality in the U.S. after the introduction of national vaccination programs.,pillar_support,endorsed,Neil Z. Miller,medium,U.S. infant mortality rates,"There are significant concerns about the safety of vaccine ingredients, particularly aluminum and mercury.",U0190,[U0190] “Vaccines and sudden infant death: An analysis of the VAERS database 1990–2019 and review of the medical literature”,substantive,The sudden infant death syndrome (SIDS) became the leading cause of post-neonatal mortality in the U.S. after the introduction of national vaccination programs.,The sudden infant death syndrome (SIDS) became the leading cause of post-neonatal mortality in the U.S. after the introduction of national vaccination programs.,The dispute is whether there is a causal link between vaccination programs and the rise in SIDS.,Statistical analyses showing a correlation between vaccination rates and SIDS rates.,Evidence showing no correlation or a decrease in SIDS rates following vaccination programs.,Data indicating that SIDS rates vary independently of vaccination rates.,Access to historical infant mortality statistics and vaccination program data. | Scope of U.S. infant mortality rates.,Repetition of the claim without statistical verification.,"A source only repeats or reports the statement the article already stipulates, without independent evidence about: The sudden infant death syndrome (SIDS) became the leading cause of post-neonatal mortality in the U.S. a",independent_corroboration,independent_corroboration,SIDS post-neonatal mortality | vaccination programs SIDS | infant mortality statistics,,,true
CF1-F03,3,Profile V,model,completed,,The article claims that the narrative surrounding vaccines is a 'wishful fairy tale' and 'dangerous disinformation.',pillar_support,endorsed,article,medium,public health narratives about vaccines,Public health claims about vaccines lack credible evidence.,U0028,[U0028] At best the narrative is a wishful fairy tale.,substantive,The narrative surrounding vaccines is a 'wishful fairy tale' and 'dangerous disinformation.',The article claims that the narrative surrounding vaccines is a 'wishful fairy tale' and 'dangerous disinformation.',The dispute is whether the characterization of the vaccine narrative is accurate.,Independent analyses supporting the claim that the vaccine narrative is misleading.,Evidence showing that the vaccine narrative is based on sound scientific principles.,"Data indicating that while there are criticisms, the narrative has some valid points.",Access to analyses of public health messaging regarding vaccines. | Scope of public health narratives about vaccines.,Repetition of the claim without independent verification.,"A source only repeats or reports the statement the article already stipulates, without independent evidence about: The narrative surrounding vaccines is a 'wishful fairy tale' and 'dangerous disinformation.'",independent_corroboration,independent_corroboration,vaccine narrative analysis | public health messaging | misinformation vaccines,,,true
CF1-F03,4,Profile V,model,completed,,"According to the CDC, half of American school children are not fully vaccinated, and at least 1 in 88 toddlers are completely unvaccinated.",pillar_support,reported,CDC,high,American school children and toddlers,Public health claims about vaccines are misleading. | Vaccine safety and efficacy are questioned.,U0002,"[U0002] “According to the CDC and public health authorities, parents who choose not to vaccinate their children are typically highly educated. CDC data reflect that half of American school children are not fully vaccinated, and at least 1 in 88 toddlers are completely unvaccinated. Why would the parents of these children, comprising a large part of the nation’s brain trust, choose not to vaccinate their children?”",substantive,"Half of American school children are not fully vaccinated, and at least 1 in 88 toddlers are completely unvaccinated.","According to the CDC, half of American school children are not fully vaccinated, and at least 1 in 88 toddlers are completely unvaccinated.",The real dispute concerns whether the vaccination rates reported by the CDC are accurate.,Independent studies corroborate CDC vaccination statistics showing similar rates of unvaccinated children.,Evidence shows that a higher percentage of American school children are fully vaccinated than reported by the CDC.,Data indicates that the vaccination rates vary significantly by region or demographic.,Access to CDC vaccination data or independent vaccination surveys in the U.S. | Population of American school children and toddlers.,Repetition of the CDC's statement without independent verification.,"A source only repeats or reports the statement the article already stipulates, without independent evidence about: Half of American school children are not fully vaccinated, and at least 1 in 88 toddlers are completely u",independent_corroboration,independent_corroboration,CDC vaccination statistics | American school children vaccination rates | toddler vaccination rates,,,true
CF1-F03,4,Profile V,model,completed,,"William Thompson, a senior CDC scientist, revealed that data linking the MMR vaccine to autism was manipulated by the CDC.",pillar_support,reported,William Thompson,high,CDC's handling of MMR vaccine data,Public health claims about vaccines are misleading. | Censorship and suppression of vaccine criticism.,U0037 | U0041,"[U0037] Senior CDC scientist turned whistleblower William Thompson revealed privately in 2014 that data linking the MMR vaccine (measles/mumps/rubella) to autism had been manipulated by the agency ten years earlier.
[U0041] The fraudulent, re-worked study was then released to declare that it had proven MMR vaccines did not cause autism.",substantive,Data linking the MMR vaccine to autism was manipulated by the CDC.,"William Thompson, a senior CDC scientist, revealed that data linking the MMR vaccine to autism was manipulated by the CDC.",The real dispute concerns the truth of the manipulation claim regarding the MMR vaccine data.,Independent investigations confirm that data related to the MMR vaccine and autism was altered.,Evidence shows that the data linking the MMR vaccine to autism was not manipulated.,"Findings indicate that while data was reviewed, no manipulation occurred.",Access to original CDC data and records related to the MMR vaccine study. | Expertise in vaccine safety research.,Repetition of Thompson's claims without independent verification.,"A source only repeats or reports the statement the article already stipulates, without independent evidence about: Data linking the MMR vaccine to autism was manipulated by the CDC.",independent_corroboration,independent_corroboration,MMR vaccine autism data manipulation | William Thompson whistleblower | CDC vaccine data integrity,,,true
CF1-F03,4,Profile V,model,completed,,The health department's ad claims that children face more challenges to their immune system while playing outside than from vaccines.,pillar_support,reported,Jefferson County Public Health,high,children's immune system challenges,Public health claims about vaccines are misleading.,U0005 | U0008,"[U0005] “What’s the Truth about Vaccines?” asked Jefferson County Public Health (JCPH) in a quarter-page ad in the March 11 Port Townsend Leader. The hand-drawn, whimsical cartoon-style presentation and the ad’s content offered a light-hearted attempt to ease parents’ concerns about vaccinating their children.
[U0008] • “Our kids face more challenges to their immune system while playing outside than they do from vaccines.”",substantive,Children face more challenges to their immune system while playing outside than from vaccines.,The health department's ad claims that children face more challenges to their immune system while playing outside than from vaccines.,The real dispute concerns whether the challenges to children's immune systems from outdoor play are greater than those posed by vaccines.,Research shows that outdoor play poses significant health risks to children's immune systems.,Evidence indicates that vaccines pose greater risks to children's immune systems than outdoor play.,Studies show that the risks from outdoor play are context-dependent and vary by environment.,Access to studies comparing immune challenges from outdoor play and vaccines. | Population of children in various play environments.,Repetition of the health department's ad without independent evidence.,"A source only repeats or reports the statement the article already stipulates, without independent evidence about: Children face more challenges to their immune system while playing outside than from vaccines.",independent_corroboration,independent_corroboration,children immune system challenges | outdoor play vs vaccines | public health ad claims,,,true
CF1-F03,4,Profile V,model,completed,,"There have been no credible studies linking vaccination to chronic disease, according to the health department's ad.",pillar_support,reported,Jefferson County Public Health,high,vaccination and chronic disease,Public health claims about vaccines are misleading. | Vaccine safety and efficacy are questioned.,U0011,"[U0011] • “So far, there have been no credible studies that link vaccination to chronic disease.”",substantive,There have been credible studies linking vaccination to chronic disease.,"According to the health department's ad, there have been no credible studies linking vaccination to chronic disease.",The real dispute concerns whether credible studies exist that link vaccination to chronic disease.,Independent studies demonstrate a credible link between vaccination and chronic disease.,Evidence shows that no credible studies exist linking vaccination to chronic disease.,Studies indicate a correlation but do not establish causation between vaccination and chronic disease.,Access to credible research studies on vaccination and chronic disease. | Population studied in relation to vaccination.,Repetition of the health department's claim without independent verification.,"A source only repeats or reports the statement the article already stipulates, without independent evidence about: There have been credible studies linking vaccination to chronic disease.",independent_corroboration,independent_corroboration,vaccination chronic disease studies | credible research vaccination | public health claims,,,true
CF1-F03,4,Profile V,model,completed,,The 1986 National Childhood Vaccine Injury Act removed all liability from drug companies for childhood vaccines they produced.,pillar_support,reported,U.S. Congress,high,liability for childhood vaccines,Public health claims about vaccines are misleading. | Vaccine safety and efficacy are questioned.,U0070,"[U0070] Bowing to the pressure, in 1986 Congress removed all liability from drug companies for childhood vaccines they produced.",substantive,The 1986 National Childhood Vaccine Injury Act removed all liability from drug companies for childhood vaccines they produced.,The 1986 National Childhood Vaccine Injury Act removed all liability from drug companies for childhood vaccines they produced.,The real dispute concerns whether the Act indeed removed all liability from drug companies.,Legal analysis confirms that the Act removed liability for vaccine manufacturers.,Evidence shows that some liability remains for vaccine manufacturers under the Act.,Legal interpretations indicate that liability is limited but not entirely removed.,Access to the text of the National Childhood Vaccine Injury Act and legal interpretations. | Expertise in vaccine liability law.,Repetition of the Act's provisions without independent legal analysis.,"A source only repeats or reports the statement the article already stipulates, without independent evidence about: The 1986 National Childhood Vaccine Injury Act removed all liability from drug companies for childhood va",official_record,named_work_result,National Childhood Vaccine Injury Act liability | vaccine manufacturer liability | legal analysis vaccine law,NW001,,true
CF1-F03,4,Profile V,model,completed,,An analysis of U.S. data from 1990-2010 showed that infants who received the most vaccines had the worst hospitalization and death rates.,pillar_support,reported,U.S. data analysis,high,infants' hospitalization and death rates,Vaccine safety and efficacy are questioned.,U0091,[U0091] An analysis of two decades of U.S. data (1990-2010) showed that infants who received the most vaccines had the worst hospitalization and death rates.,substantive,Infants who received the most vaccines had the worst hospitalization and death rates.,An analysis of U.S. data from 1990-2010 showed that infants who received the most vaccines had the worst hospitalization and death rates.,The real dispute concerns whether the analysis accurately reflects the relationship between vaccination and hospitalization/death rates.,Independent analyses confirm the correlation between high vaccination rates and increased hospitalization and death rates.,Evidence shows that higher vaccination rates correlate with lower hospitalization and death rates.,Data indicates that the correlation is influenced by other health factors.,Access to the U.S. health data from 1990-2010 used in the analysis. | Population of infants studied.,Repetition of the analysis without independent verification.,"A source only repeats or reports the statement the article already stipulates, without independent evidence about: Infants who received the most vaccines had the worst hospitalization and death rates.",independent_corroboration,independent_corroboration,vaccination hospitalization death rates | U.S. health data analysis | infant health statistics,,,true
CF1-F03,4,Profile V,model,completed,,"The CDC has stated that thimerosal in vaccines does not cause harm, despite evidence suggesting it is neurotoxic.",pillar_support,reported,CDC,high,thimerosal in vaccines,Public health claims about vaccines are misleading. | Vaccine safety and efficacy are questioned.,U0308 | U0356,"[U0308] Mercury is the third most toxic element on earth, 500 times more poisonous than lead.
[U0356] The CDC’s mantra “Mercury in Vaccines does NOT Cause Autism” persisted on their website and in other information they disseminated… at the same time announcing that mercury would be removed from childhood vaccines.",substantive,"Thimerosal in vaccines causes harm, despite CDC's claims that it does not.","The CDC has stated that thimerosal in vaccines does not cause harm, despite evidence suggesting it is neurotoxic.",The real dispute concerns whether thimerosal is indeed harmful despite CDC assurances.,Independent studies show that thimerosal is neurotoxic and poses health risks.,Evidence supports the CDC's claim that thimerosal does not cause harm.,Studies indicate potential risks but do not conclusively prove harm from thimerosal.,Access to studies on thimerosal's effects and CDC statements. | Expertise in toxicology and vaccine safety.,Repetition of CDC's statement without independent verification.,"A source only repeats or reports the statement the article already stipulates, without independent evidence about: Thimerosal in vaccines causes harm, despite CDC's claims that it does not.",independent_corroboration,independent_corroboration,thimerosal vaccine safety | neurotoxic effects thimerosal | CDC thimerosal claims,,,true
CF1-F03,4,Profile V,model,completed,,Thimerosal-containing vaccines exceed the EPA's threshold for hazardous waste.,pillar_support,reported,EPA,high,thimerosal in vaccines,Public health claims about vaccines are misleading. | Vaccine safety and efficacy are questioned.,U0370,"[U0370] Thimerosal as a Vaccine Preservative , a summary prepared in 2025 for the CDC’s Advisory Committee for Immunization Practices (ACIP), notes that “thimerosal-containing vaccines exceed the TCLP threshold by orders of magnitude and are classified as D009 Hazardous Waste.”",substantive,Thimerosal-containing vaccines exceed the EPA's threshold for hazardous waste.,Thimerosal-containing vaccines exceed the EPA's threshold for hazardous waste.,The real dispute concerns whether thimerosal in vaccines is classified as hazardous waste according to EPA standards.,Independent assessments confirm that thimerosal in vaccines exceeds EPA hazardous waste thresholds.,Evidence shows that thimerosal in vaccines does not exceed EPA hazardous waste thresholds.,"Findings indicate that while thimerosal levels are high, they do not meet all criteria for hazardous classification.",Access to EPA hazardous waste regulations and thimerosal content data. | Expertise in environmental health and safety.,Repetition of the EPA's classification without independent verification.,"A source only repeats or reports the statement the article already stipulates, without independent evidence about: Thimerosal-containing vaccines exceed the EPA's threshold for hazardous waste.",official_record,official_record,thimerosal hazardous waste EPA | vaccine safety regulations | EPA thresholds thimerosal,,,true
CF1-F03,5,Profile V,model,completed,,"According to the CDC, half of American school children are not fully vaccinated, and at least 1 in 88 toddlers are completely unvaccinated.",pillar,reported,CDC,high,American school children and toddlers,Public health claims about vaccines are misleading. | Vaccine safety and efficacy are questioned.,U0002,"[U0002] “According to the CDC and public health authorities, parents who choose not to vaccinate their children are typically highly educated. CDC data reflect that half of American school children are not fully vaccinated, and at least 1 in 88 toddlers are completely unvaccinated. Why would the parents of these children, comprising a large part of the nation’s brain trust, choose not to vaccinate their children?”",substantive,"Half of American school children are not fully vaccinated, and at least 1 in 88 toddlers are completely unvaccinated.","According to the CDC, half of American school children are not fully vaccinated, and at least 1 in 88 toddlers are completely unvaccinated.",The dispute concerns the accuracy of the vaccination statistics reported by the CDC.,Independent verification of CDC vaccination statistics showing that half of American school children are not fully vaccinated. | Independent verification of CDC vaccination statistics showing that at least 1 in 88 toddlers are completely unvaccinated.,Evidence showing that more than half of American school children are fully vaccinated. | Evidence showing that fewer than 1 in 88 toddlers are completely unvaccinated.,Evidence indicating a different percentage of unvaccinated children or toddlers than reported by the CDC.,Access to CDC vaccination data or independent health statistics on vaccination rates among American school children and toddlers.,Repetition of the CDC's statement without independent verification.,"A source only repeats or reports the statement the article already stipulates, without independent evidence about: Half of American school children are not fully vaccinated, and at least 1 in 88 toddlers are completely u",independent_corroboration,independent_corroboration,CDC vaccination statistics | American school children vaccination rates | toddler vaccination rates,,,true
CF1-F03,5,Profile V,model,completed,,"The CDC manipulated data linking the MMR vaccine to autism, according to whistleblower William Thompson.",pillar_support,reported,William Thompson,high,MMR vaccine and autism data manipulation,Censorship and suppression of vaccine criticism.,U0037 | U0041,"[U0037] Senior CDC scientist turned whistleblower William Thompson revealed privately in 2014 that data linking the MMR vaccine (measles/mumps/rubella) to autism had been manipulated by the agency ten years earlier.
[U0041] The fraudulent, re-worked study was then released to declare that it had proven MMR vaccines did not cause autism.",substantive,The CDC manipulated data linking the MMR vaccine to autism.,"According to whistleblower William Thompson, the CDC manipulated data linking the MMR vaccine to autism.",The dispute concerns whether the CDC actually manipulated the data as claimed by Thompson.,Independent corroboration of William Thompson's claims regarding data manipulation by the CDC. | Documentation or evidence from credible sources confirming the manipulation of MMR vaccine data.,Evidence showing that the CDC did not manipulate data linking the MMR vaccine to autism.,Evidence indicating that the manipulation was less extensive than claimed or that the data was not definitively linked to autism.,Access to CDC data records or independent analysis of the MMR vaccine data in question.,Repetition of Thompson's claims without independent verification.,"A source only repeats or reports the statement the article already stipulates, without independent evidence about: The CDC manipulated data linking the MMR vaccine to autism.",independent_corroboration,independent_corroboration,CDC MMR vaccine data manipulation | William Thompson whistleblower claims | MMR vaccine autism data,,,true
CF1-F03,5,Profile V,model,completed,,The health department's ad claims that children face more challenges to their immune system while playing outside than from vaccines.,pillar,reported,Jefferson County Public Health,high,children's immune system challenges,Public health claims about vaccines are misleading.,U0005 | U0184,"[U0005] “What’s the Truth about Vaccines?” asked Jefferson County Public Health (JCPH) in a quarter-page ad in the March 11 Port Townsend Leader. The hand-drawn, whimsical cartoon-style presentation and the ad’s content offered a light-hearted attempt to ease parents’ concerns about vaccinating their children.
[U0184] The truth is, a child’s immune system can handle a lot!",substantive,Children face more challenges to their immune system while playing outside than from vaccines.,The health department's ad claims that children face more challenges to their immune system while playing outside than from vaccines.,The dispute concerns the validity of the health department's claim regarding immune system challenges.,Independent studies comparing immune challenges from outdoor play versus vaccination. | Evidence supporting the claim that outdoor play poses more challenges to children's immune systems than vaccines.,Evidence showing that vaccines pose more challenges to children's immune systems than outdoor play.,Evidence indicating that the challenges to the immune system are comparable or that the claim is context-dependent.,Access to studies or data comparing immune challenges from outdoor play and vaccination.,Repetition of the health department's claim without independent verification.,"A source only repeats or reports the statement the article already stipulates, without independent evidence about: Children face more challenges to their immune system while playing outside than from vaccines.",independent_corroboration,independent_corroboration,immune system challenges outdoor play | vaccination immune system effects | children immune system challenges,,,true
CF1-F03,5,Profile V,model,completed,,"There have been no credible studies linking vaccination to chronic disease, according to the health department's ad.",pillar,reported,Jefferson County Public Health,high,vaccination and chronic disease correlation,Vaccine safety and efficacy are questioned.,U0011,"[U0011] • “So far, there have been no credible studies that link vaccination to chronic disease.”",substantive,There have been credible studies linking vaccination to chronic disease.,"According to the health department's ad, there have been no credible studies linking vaccination to chronic disease.",The dispute concerns whether credible studies exist that link vaccination to chronic disease.,Evidence of credible studies that demonstrate a link between vaccination and chronic disease. | Independent reviews or meta-analyses confirming the existence of such studies.,Evidence showing that no credible studies exist linking vaccination to chronic disease.,Evidence indicating that any studies linking vaccination to chronic disease are methodologically flawed or inconclusive.,Access to credible studies or reviews on the relationship between vaccination and chronic disease.,Repetition of the health department's claim without independent verification.,"A source only repeats or reports the statement the article already stipulates, without independent evidence about: There have been credible studies linking vaccination to chronic disease.",independent_corroboration,independent_corroboration,vaccination chronic disease studies | credible studies vaccination effects | vaccination health outcomes,,,true
CF1-F03,5,Profile V,model,completed,,The 1986 National Childhood Vaccine Injury Act removed all liability from drug companies for childhood vaccines they produced.,pillar_support,reported,U.S. Congress,high,liability for childhood vaccines,Vaccine safety and efficacy are questioned.,U0068 | U0070,"[U0068] The first shock for anyone just beginning this research was learning about the 1986 National Childhood Vaccine Injury Act.
[U0070] Bowing to the pressure, in 1986 Congress removed all liability from drug companies for childhood vaccines they produced.",substantive,The 1986 National Childhood Vaccine Injury Act removed all liability from drug companies for childhood vaccines they produced.,The article states that the 1986 National Childhood Vaccine Injury Act removed all liability from drug companies for childhood vaccines they produced.,The dispute concerns the accuracy of the claim regarding liability removal by the Act.,Verification of the text and provisions of the 1986 National Childhood Vaccine Injury Act regarding liability. | Independent legal analysis confirming that the Act removed liability from drug companies.,Evidence showing that the Act did not remove all liability from drug companies for childhood vaccines.,Evidence indicating that some liability remains or that the Act has been amended.,Access to the full text of the 1986 National Childhood Vaccine Injury Act and legal interpretations.,Repetition of the article's statement without independent verification.,"A source only repeats or reports the statement the article already stipulates, without independent evidence about: The 1986 National Childhood Vaccine Injury Act removed all liability from drug companies for childhood va",official_record,named_work_result,National Childhood Vaccine Injury Act liability | vaccine liability laws | 1986 vaccine injury act,NW001,,true
CF1-F03,5,Profile V,model,completed,,An analysis of U.S. data showed that infants who received the most vaccines had the worst hospitalization and death rates.,pillar_support,reported,U.S. data analysis,high,infants' hospitalization and death rates,Vaccine safety and efficacy are questioned.,U0091,[U0091] An analysis of two decades of U.S. data (1990-2010) showed that infants who received the most vaccines had the worst hospitalization and death rates.,substantive,Infants who received the most vaccines had the worst hospitalization and death rates.,An analysis of U.S. data showed that infants who received the most vaccines had the worst hospitalization and death rates.,The dispute concerns the accuracy of the analysis regarding hospitalization and death rates.,Independent verification of the analysis showing a correlation between the number of vaccines and hospitalization/death rates in infants. | Evidence from other studies supporting the claim that more vaccines correlate with worse health outcomes.,Evidence showing that infants who received the most vaccines do not have worse hospitalization and death rates.,Evidence indicating that the correlation is weak or that other factors contribute to hospitalization and death rates.,Access to the U.S. data analysis and relevant health statistics.,Repetition of the analysis without independent verification.,"A source only repeats or reports the statement the article already stipulates, without independent evidence about: Infants who received the most vaccines had the worst hospitalization and death rates.",independent_corroboration,independent_corroboration,infant hospitalization death rates vaccines | vaccination health outcomes | U.S. health statistics infants,,,true
CF1-F03,5,Profile V,model,completed,,"Thimerosal, a mercury-based preservative used in vaccines, is toxic and has been linked to neurological damage.",pillar_support,reported,Material Safety Data Sheet,high,thimerosal in vaccines,Vaccine safety and efficacy are questioned.,U0308 | U0310,"[U0308] Mercury is the third most toxic element on earth, 500 times more poisonous than lead.
[U0310] Contrary to our health department’s claim, it is highly neurotoxic — dangerous enough to cause “decreased offspring survival” as Eli Lilly was required by law to disclose in its Material Safety Data Sheet for thimerosal.",substantive,Thimerosal is toxic and has been linked to neurological damage.,"Thimerosal, a mercury-based preservative used in vaccines, is toxic and has been linked to neurological damage.",The dispute concerns the validity of the claims regarding thimerosal's toxicity and its effects.,Independent toxicology reports confirming thimerosal's toxicity and its link to neurological damage. | Evidence from credible studies linking thimerosal exposure to neurological outcomes.,Evidence showing that thimerosal is not toxic or does not cause neurological damage.,Evidence indicating that the link between thimerosal and neurological damage is not causal or is context-dependent.,Access to toxicology data and studies on thimerosal.,Repetition of the claim about thimerosal without independent verification.,"A source only repeats or reports the statement the article already stipulates, without independent evidence about: Thimerosal is toxic and has been linked to neurological damage.",independent_corroboration,independent_corroboration,thimerosal toxicity | thimerosal neurological damage | mercury vaccine preservative effects,,,true
CF1-F03,5,Profile V,model,completed,,The CDC's 2000 meeting to discuss thimerosal's risks was held in secret to avoid public scrutiny.,pillar_support,reported,CDC meeting records,high,CDC meeting on thimerosal,Censorship and suppression of vaccine criticism.,U0330,"[U0330] To avoid public scrutiny the June 2000 emergency meeting was not held at the CDC headquarters in Atlanta, but instead at the Simpsonwood Retreat Center in Norcross, Georgia.",substantive,The CDC's 2000 meeting to discuss thimerosal's risks was held in secret to avoid public scrutiny.,The article states that the CDC's 2000 meeting to discuss thimerosal's risks was held in secret to avoid public scrutiny.,The dispute concerns whether the meeting was indeed held in secret and the reasons for it.,Independent verification of the meeting's details and whether it was held in secret. | Documentation confirming the reasons for the meeting's location and its lack of public access.,Evidence showing that the meeting was not held in secret or that it was publicly accessible.,Evidence indicating that the meeting was held under normal circumstances but was mischaracterized.,Access to meeting records and documentation regarding the CDC's 2000 meeting.,Repetition of the article's statement without independent verification.,"A source only repeats or reports the statement the article already stipulates, without independent evidence about: The CDC's 2000 meeting to discuss thimerosal's risks was held in secret to avoid public scrutiny.",independent_corroboration,independent_corroboration,CDC thimerosal meeting 2000 | secret meetings CDC | thimerosal risk discussion,,,true
CF1-F03,1,Profile Q,model,completed,,"According to the CDC, half of American school children are not fully vaccinated, and at least 1 in 88 toddlers are completely unvaccinated.",pillar,reported,CDC,high,American school children and toddlers,Public Health Claims,U0002,"[U0002] “According to the CDC and public health authorities, parents who choose not to vaccinate their children are typically highly educated. CDC data reflect that half of American school children are not fully vaccinated, and at least 1 in 88 toddlers are completely unvaccinated. Why would the parents of these children, comprising a large part of the nation’s brain trust, choose not to vaccinate their children?”",substantive,"According to the CDC, half of American school children are not fully vaccinated, and at least 1 in 88 toddlers are completely unvaccinated.","The CDC states that half of American school children are not fully vaccinated, and at least 1 in 88 toddlers are completely unvaccinated.",The dispute is whether the vaccination rates reported by the CDC are accurate and reflect the true status of vaccination among American school children and toddlers.,Statistical data from the CDC confirming the vaccination rates among American school children and toddlers.,Statistical data from the CDC or other credible sources showing that the vaccination rates are higher than reported.,Data showing that the vaccination rates vary significantly by region or demographic group.,Access to CDC vaccination data or reports on vaccination rates among American school children and toddlers.,Statements or data that do not directly address the specific vaccination rates among American school children and toddlers.,"A source only repeats or reports the statement the article already stipulates, without independent evidence about: According to the CDC, half of American school children are not fully vaccinated, and at least 1 in 88 tod",primary_article_result,independent_corroboration,CDC vaccination rates | American school children vaccination | toddlers vaccination rates,,Ensure that the data is current and accurately reflects the population in question.,true
CF1-F03,1,Profile Q,model,completed,,The rise in vaccine hesitancy is correlated with increasing awareness of vaccine-related health issues.,pillar_support,reported,Article's own voice,medium,Vaccine hesitancy trends,Vaccine Exemptions,U0013 | U0014,"[U0013] The health department’s ad comes at a time when childhood vaccination rates are dropping steadily across the country.
[U0014] Along with reduction in vaccine uptake, there is also a rise in the rate of parents seeking vaccine exemptions for their children.",substantive,The rise in vaccine hesitancy is correlated with increasing awareness of vaccine-related health issues.,The article claims that there is a rise in vaccine hesitancy correlated with awareness of health issues.,The dispute is whether the correlation between vaccine hesitancy and awareness of health issues is substantiated by credible evidence.,Surveys or studies showing a direct correlation between increased awareness of vaccine-related health issues and rising vaccine hesitancy.,Surveys or studies indicating that vaccine hesitancy is not correlated with awareness of health issues.,"Evidence showing that other factors, unrelated to health issues, are influencing vaccine hesitancy.",Access to survey data or studies that specifically examine the relationship between vaccine hesitancy and awareness of health issues.,General statements about vaccine hesitancy without specific correlation data.,"A source only repeats or reports the statement the article already stipulates, without independent evidence about: The rise in vaccine hesitancy is correlated with increasing awareness of vaccine-related health issues.",independent_corroboration,independent_corroboration,vaccine hesitancy | awareness of vaccine health issues | correlation studies,,Ensure that the studies are methodologically sound and relevant to the current context.,true
CF1-F03,1,Profile Q,model,completed,,Allegations exist that the CDC manipulated data linking the MMR vaccine to autism and ordered the destruction of evidence.,pillar,reported,"William Thompson, CDC whistleblower",high,CDC's handling of MMR vaccine data,CDC Cover-Up Allegations,U0037 | U0038 | U0041,"[U0037] Senior CDC scientist turned whistleblower William Thompson revealed privately in 2014 that data linking the MMR vaccine (measles/mumps/rubella) to autism had been manipulated by the agency ten years earlier.
[U0038] When top CDC officials learned that their 2004 study results showed a dramatic increase in autism after MMR vaccinations, they’d ordered Thompson and other scientists to destroy all evidence.
[U0041] The fraudulent, re-worked study was then released to declare that it had proven MMR vaccines did not cause autism.",substantive,Allegations exist that the CDC manipulated data linking the MMR vaccine to autism and ordered the destruction of evidence.,"William Thompson, a CDC whistleblower, alleged that the CDC manipulated data and destroyed evidence.",The dispute is whether the allegations made by the whistleblower are substantiated by credible evidence.,Documentation or evidence from credible sources corroborating the whistleblower's claims about data manipulation and evidence destruction.,Evidence showing that the CDC did not manipulate data or destroy evidence related to the MMR vaccine.,"Evidence indicating that while there may have been issues, they do not substantiate the claims of manipulation or destruction.",Access to internal CDC communications or whistleblower documentation that directly supports the allegations.,Statements that do not provide direct evidence of manipulation or destruction of evidence.,"A source only repeats or reports the statement the article already stipulates, without independent evidence about: Allegations exist that the CDC manipulated data linking the MMR vaccine to autism and ordered the destruc",independent_corroboration,independent_corroboration,CDC data manipulation | MMR vaccine autism | whistleblower evidence,,Verify the credibility of the sources providing corroboration for the allegations.,true
CF1-F03,1,Profile Q,model,completed,,"Aluminum in vaccines is linked to various health issues, including brain damage and autism.",pillar_support,reported,Article's own voice,high,Health effects of aluminum in vaccines,Toxic Ingredients in Vaccines,U0255 | U0256,"[U0255] Aluminum poisoning has been linked to autism, SIDs, seizures, autoimmune issues, Alzheimers, neurological damage, impaired renal function, demyelinating disorders such as MS, and cancer. [ source ]
[U0256] In the mid-1900s, the FDA established a maximum limit of 850 mcg (0.85 mg) of aluminum per vaccine dose.",substantive,"Aluminum in vaccines is linked to various health issues, including brain damage and autism.",The article claims that aluminum in vaccines is linked to health issues.,The dispute is whether there is credible scientific evidence linking aluminum in vaccines to the stated health issues.,Research studies demonstrating a causal link between aluminum in vaccines and health issues such as brain damage and autism.,Research studies showing no link between aluminum in vaccines and the mentioned health issues.,"Studies indicating that while aluminum may have health effects, they do not specifically link to vaccines or the stated health issues.",Access to peer-reviewed research studies on aluminum toxicity and its effects.,General statements about aluminum without specific evidence linking it to vaccines.,"A source only repeats or reports the statement the article already stipulates, without independent evidence about: Aluminum in vaccines is linked to various health issues, including brain damage and autism.",independent_corroboration,independent_corroboration,aluminum in vaccines | health issues aluminum | brain damage autism link,,Ensure that the studies are recent and relevant to the current vaccine formulations.,true
CF1-F03,1,Profile Q,model,completed,,The health department's ad claims that vaccines are tested more than any other medicine given to children.,pillar,reported,Jefferson County Public Health,high,vaccines compared to other medicines,Public Health Claims,U0012,[U0012] • “Vaccines are tested more than any other medicine you could give your kid.”,substantive,The health department's ad claims that vaccines are tested more than any other medicine given to children.,The article reports the health department's claim about vaccine testing.,The dispute is whether vaccines are indeed tested more rigorously than other medicines given to children.,Documentation of vaccine testing protocols compared to other medicines.,Evidence showing that other medicines are tested more rigorously than vaccines.,Evidence indicating that the testing protocols for vaccines and other medicines are comparable.,Access to testing protocols or studies comparing vaccine testing to other medicines.,Statements that do not provide direct comparisons of testing protocols.,"A source only repeats or reports the statement the article already stipulates, without independent evidence about: The health department's ad claims that vaccines are tested more than any other medicine given to children",official_record,official_record,vaccine testing protocols | medicine testing comparison | health department claims,,Ensure that the comparison is made with relevant and similar types of medicines.,true
CF1-F03,1,Profile Q,model,completed,,"There have been no credible studies linking vaccination to chronic disease, according to public health authorities.",pillar,reported,Jefferson County Public Health,high,vaccination and chronic disease,Public Health Claims,U0011,"[U0011] • “So far, there have been no credible studies that link vaccination to chronic disease.”",substantive,"There have been no credible studies linking vaccination to chronic disease, according to public health authorities.",Public health authorities claim that no credible studies link vaccination to chronic disease.,The dispute is whether credible studies exist that link vaccination to chronic disease.,Access to credible studies that demonstrate a link between vaccination and chronic disease.,Evidence showing that credible studies exist that link vaccination to chronic disease.,Studies that suggest a link but do not meet the criteria for credibility as defined by public health authorities.,Access to studies or data that specifically address the link between vaccination and chronic disease.,Statements that do not provide direct evidence of studies linking vaccination to chronic disease.,"A source only repeats or reports the statement the article already stipulates, without independent evidence about: There have been no credible studies linking vaccination to chronic disease, according to public health au",independent_corroboration,independent_corroboration,vaccination chronic disease link | credible studies vaccination | public health authorities claims,,Ensure that the studies are peer-reviewed and recognized by the public health community.,true
CF1-F03,1,Profile Q,model,completed,,"The CDC has been accused of conducting a cover-up regarding the safety of vaccines, particularly concerning thimerosal.",pillar_support,reported,Article's own voice,high,CDC's vaccine safety data,CDC Cover-Up Allegations,U0043 | U0300 | U0309 | U0330,"[U0043] He would reveal them a decade later, conscience-stricken over the likely damage in ongoing vaccine injury the cover-up was causing.
[U0300] THE FACTS / MERCURY:
[U0309] Thimerosal is the trade name for the 50% ethylmercury solution used since the 1930s as a preservative in vaccines.
[U0330] To avoid public scrutiny the June 2000 emergency meeting was not held at the CDC headquarters in Atlanta, but instead at the Simpsonwood Retreat Center in Norcross, Georgia.",substantive,"The CDC has been accused of conducting a cover-up regarding the safety of vaccines, particularly concerning thimerosal.",The article reports accusations against the CDC regarding vaccine safety cover-up.,The dispute is whether there is credible evidence supporting the accusations of a cover-up by the CDC.,Internal CDC documents or credible evidence supporting the accusations of a cover-up regarding vaccine safety.,Evidence showing that the CDC has been transparent and has not conducted a cover-up regarding vaccine safety.,"Evidence indicating that while there may be concerns, they do not substantiate the claims of a cover-up.",Access to credible sources or documents that directly support the accusations.,General statements about vaccine safety without specific evidence of a cover-up.,"A source only repeats or reports the statement the article already stipulates, without independent evidence about: The CDC has been accused of conducting a cover-up regarding the safety of vaccines, particularly concerni",independent_corroboration,independent_corroboration,CDC vaccine safety cover-up | thimerosal accusations | internal CDC documents,,Verify the credibility of the sources providing evidence for the accusations.,true
CF1-F03,1,Profile Q,model,completed,,"Thimerosal, a mercury-based preservative used in vaccines, is classified as a neurotoxin and has been linked to autism.",pillar_support,reported,Article's own voice,high,Thimerosal in vaccines and autism,Toxic Ingredients in Vaccines,U0245 | U0300 | U0310,"[U0245] Folks SHOULD be nervous about aluminum being used in vaccines.
[U0300] THE FACTS / MERCURY:
[U0310] Contrary to our health department’s claim, it is highly neurotoxic — dangerous enough to cause “decreased offspring survival” as Eli Lilly was required by law to disclose in its Material Safety Data Sheet for thimerosal.",substantive,"Thimerosal, a mercury-based preservative used in vaccines, is classified as a neurotoxin and has been linked to autism.",The article claims that thimerosal is linked to autism and classified as a neurotoxin.,The dispute is whether there is credible scientific evidence linking thimerosal to autism and confirming its classification as a neurotoxin.,"Research studies demonstrating a causal link between thimerosal and autism, as well as its classification as a neurotoxin.",Research studies showing no link between thimerosal and autism.,"Studies indicating that while thimerosal may have neurotoxic properties, they do not specifically link it to autism.",Access to peer-reviewed research studies on thimerosal's effects.,General statements about thimerosal without specific evidence linking it to autism.,"A source only repeats or reports the statement the article already stipulates, without independent evidence about: Thimerosal, a mercury-based preservative used in vaccines, is classified as a neurotoxin and has been lin",independent_corroboration,independent_corroboration,thimerosal autism link | neurotoxin classification thimerosal | thimerosal research studies,,Ensure that the studies are recent and relevant to the current vaccine formulations.,true
CF1-F03,2,Profile Q,model,completed,,"According to the CDC, half of American school children are not fully vaccinated, and at least 1 in 88 toddlers are completely unvaccinated.",pillar,reported,CDC,high,American school children and toddlers.,Public Health Claims,U0002,"[U0002] “According to the CDC and public health authorities, parents who choose not to vaccinate their children are typically highly educated. CDC data reflect that half of American school children are not fully vaccinated, and at least 1 in 88 toddlers are completely unvaccinated. Why would the parents of these children, comprising a large part of the nation’s brain trust, choose not to vaccinate their children?”",substantive,"According to the CDC, half of American school children are not fully vaccinated, and at least 1 in 88 toddlers are completely unvaccinated.",The CDC reported vaccination rates among American school children and toddlers.,The dispute is whether the reported vaccination rates are accurate.,Statistical data from the CDC confirming the vaccination rates among American school children and toddlers.,Statistical data from the CDC or other credible sources showing that the vaccination rates are lower than reported.,Data showing a different demographic or geographic scope that alters the reported rates.,Access to CDC vaccination data or reports on vaccination rates among American school children and toddlers.,Statements reiterating the CDC's claims without independent verification.,"A source only repeats or reports the statement the article already stipulates, without independent evidence about: According to the CDC, half of American school children are not fully vaccinated, and at least 1 in 88 tod",primary_article_result,independent_corroboration,CDC vaccination rates | American school children vaccination | toddlers vaccination rates,,Ensure that the data is current and accurately reflects the population in question.,true
CF1-F03,2,Profile Q,host_pillar_backfill,completed,,"There is a rising trend of parents seeking vaccine exemptions for their children, indicating growing vaccine hesitancy.",pillar,unclear,article,medium,"There is a rising trend of parents seeking vaccine exemptions for their children, indicating growing vaccine hesitancy.",Vaccine Exemptions,U0014,"[U0014] Along with reduction in vaccine uptake, there is also a rise in the rate of parents seeking vaccine exemptions for their children.",substantive,"There is a rising trend of parents seeking vaccine exemptions for their children, indicating growing vaccine hesitancy.",The article states there is a rise in vaccine exemptions sought by parents.,The dispute is whether the trend of seeking vaccine exemptions is indeed rising and indicative of vaccine hesitancy.,Independent studies or surveys showing an increase in vaccine exemption requests by parents.,Data showing a decrease or stability in vaccine exemption requests over time.,Evidence that the increase in exemptions is due to factors other than vaccine hesitancy.,Access to independent survey data or studies on vaccine exemption trends.,Reports of vaccine exemptions without context on trends or reasons.,"A source only repeats or reports the statement the article already stipulates, without independent evidence about: There is a rising trend of parents seeking vaccine exemptions for their children, indicating growing vacc",independent_corroboration,independent_corroboration,vaccine exemptions | parent vaccine hesitancy | trends in vaccine exemptions,,Ensure that the data is representative and not limited to a specific region or demographic.,true
CF1-F03,2,Profile Q,model,completed,,"The type of mercury in vaccines, ethylmercury, is claimed to be not harmful, but evidence suggests it is neurotoxic and linked to developmental issues.",pillar,reported,Jefferson County Public Health,high,ethylmercury in vaccines.,Thimerosal and Aluminum,U0297 | U0300,"[U0297] [2] MERCURY
The type of mercury in vaccines – ethylmercury – is NOT harmful to us.
[U0300] THE FACTS / MERCURY:",substantive,"The type of mercury in vaccines, ethylmercury, is claimed to be not harmful, but evidence suggests it is neurotoxic and linked to developmental issues.",The article claims ethylmercury is neurotoxic based on evidence.,The dispute is whether the evidence supports the claim that ethylmercury is harmful.,Research studies demonstrating the neurotoxic effects of ethylmercury.,Studies showing no harmful effects of ethylmercury on health.,Evidence indicating that the harmful effects of ethylmercury are limited to specific populations or conditions.,Access to peer-reviewed studies on ethylmercury and its health effects.,Statements asserting ethylmercury is safe without supporting evidence.,"A source only repeats or reports the statement the article already stipulates, without independent evidence about: The type of mercury in vaccines, ethylmercury, is claimed to be not harmful, but evidence suggests it is ",independent_corroboration,independent_corroboration,ethylmercury neurotoxicity | health effects of ethylmercury | vaccines and mercury,,Ensure that studies are recent and methodologically sound.,true
CF1-F03,2,Profile Q,model,completed,,"The CDC has been accused of conducting a cover-up regarding data linking the MMR vaccine to autism, as revealed by whistleblower William Thompson.",pillar,reported,William Thompson,high,CDC's handling of MMR vaccine data.,CDC Data Manipulation,U0037 | U0041,"[U0037] Senior CDC scientist turned whistleblower William Thompson revealed privately in 2014 that data linking the MMR vaccine (measles/mumps/rubella) to autism had been manipulated by the agency ten years earlier.
[U0041] The fraudulent, re-worked study was then released to declare that it had proven MMR vaccines did not cause autism.",substantive,"The CDC has been accused of conducting a cover-up regarding data linking the MMR vaccine to autism, as revealed by whistleblower William Thompson.",The article reports on accusations made by William Thompson regarding CDC data manipulation.,The dispute is whether the accusations of a cover-up are substantiated by credible evidence.,Documentation or evidence from credible sources supporting the claims of data manipulation by the CDC.,Evidence showing that the CDC's data handling was transparent and accurate.,Evidence that the accusations are based on misinterpretations or misrepresentations of the data.,Access to whistleblower documentation or independent investigations into CDC practices.,Claims of a cover-up without supporting evidence or context.,"A source only repeats or reports the statement the article already stipulates, without independent evidence about: The CDC has been accused of conducting a cover-up regarding data linking the MMR vaccine to autism, as re",independent_corroboration,independent_corroboration,CDC data manipulation | William Thompson whistleblower | MMR vaccine autism link,,Verify the credibility of sources reporting on the whistleblower's claims.,true
CF1-F03,2,Profile Q,model,completed,,The health department's ad claims that children face more challenges to their immune system while playing outside than from vaccines.,pillar,reported,Jefferson County Public Health,high,children's immune system challenges.,Public Health Claims,U0008,[U0008] • “Our kids face more challenges to their immune system while playing outside than they do from vaccines.”,substantive,The health department's ad claims that children face more challenges to their immune system while playing outside than from vaccines.,The article reports on the health department's claims regarding children's immune system challenges.,The dispute is whether the health department's claims are supported by credible evidence.,Research studies comparing immune challenges from outdoor play versus vaccines.,Evidence showing that vaccines pose greater challenges to children's immune systems than outdoor play.,Evidence indicating that the health department's claims are based on outdated or misinterpreted data.,Access to studies on immune system challenges related to outdoor play and vaccines.,Statements reiterating the health department's claims without independent verification.,"A source only repeats or reports the statement the article already stipulates, without independent evidence about: The health department's ad claims that children face more challenges to their immune system while playing",independent_corroboration,independent_corroboration,immune system challenges | vaccines vs outdoor play | health department claims,,Ensure that studies are comprehensive and consider various factors affecting immune health.,true
CF1-F03,2,Profile Q,model,completed,,"In 1986, Congress removed all liability from drug companies for childhood vaccines, leading to a lack of accountability for vaccine safety.",pillar,reported,U.S. Congress,high,U.S. vaccine liability laws.,Thimerosal and Aluminum,U0070,"[U0070] Bowing to the pressure, in 1986 Congress removed all liability from drug companies for childhood vaccines they produced.",substantive,"In 1986, Congress removed all liability from drug companies for childhood vaccines, leading to a lack of accountability for vaccine safety.",The article states that Congress removed liability for drug companies in 1986.,The dispute is whether the removal of liability has indeed led to a lack of accountability for vaccine safety.,Legislative records confirming the removal of liability and its implications for vaccine safety.,Evidence showing that vaccine safety accountability mechanisms remain effective despite the removal of liability.,Evidence indicating that other forms of accountability exist for vaccine safety.,Access to legislative records and analyses of vaccine safety accountability.,Statements confirming the removal of liability without discussing its implications.,"A source only repeats or reports the statement the article already stipulates, without independent evidence about: In 1986, Congress removed all liability from drug companies for childhood vaccines, leading to a lack of ",official_record,named_work_result,vaccine liability laws | 1986 Congress vaccine legislation | accountability for vaccine safety,NW001,Ensure that the legislative context is accurately represented.,true
CF1-F03,2,Profile Q,model,completed,,A 2011 study found that countries giving the least vaccines had the lowest infant mortality rates.,pillar_support,reported,2011 study,medium,comparison of vaccination rates and infant mortality.,Thimerosal and Aluminum,U0092,[U0092] And a 2011 study of data from 34 developed nations found that countries giving the least vaccines had the lowest infant mortality. [ source ],substantive,A 2011 study found that countries giving the least vaccines had the lowest infant mortality rates.,The article references a 2011 study on vaccination rates and infant mortality.,The dispute is whether the findings of the study are valid and applicable.,Access to the 2011 study and its findings on vaccination rates and infant mortality.,Evidence from other studies showing a different relationship between vaccination rates and infant mortality.,Evidence indicating that the study's findings are limited to specific contexts or populations.,Access to the original 2011 study and its methodology.,References to the study without access to its findings or methodology.,"A source only repeats or reports the statement the article already stipulates, without independent evidence about: A 2011 study found that countries giving the least vaccines had the lowest infant mortality rates.",named_work_result,named_work_result,2011 study vaccination infant mortality | vaccination rates and health outcomes | infant mortality statistics,,Ensure that the study's methodology is robust and peer-reviewed.,true
CF1-F03,2,Profile Q,model,completed,,"The childhood vaccination schedule has increased from 5 doses in the 1960s to 73 doses by 2016, raising concerns about safety.",pillar_support,reported,Historical vaccination data,medium,U.S. childhood vaccination schedule over time.,Thimerosal and Aluminum,U0079 | U0080,"[U0079] While children had received just five vaccine doses in three shots in the 1950s and ’60s when I was growing up (none during pregnancy or in the first 12 months of life), by 1986 children were receiving 25 doses/12 shots.
[U0080] In the decades following the 1986 act the childhood schedule exploded to 73 doses/54 shots.",substantive,"The childhood vaccination schedule has increased from 5 doses in the 1960s to 73 doses by 2016, raising concerns about safety.",The article reports on the increase in the childhood vaccination schedule over time.,The dispute is whether the increase in vaccination doses correlates with safety concerns.,Historical vaccination records confirming the increase in doses over time.,Evidence showing that the increase in doses has not led to safety concerns or adverse effects.,Evidence indicating that the increase in doses is justified by improved health outcomes.,Access to historical vaccination data and safety studies.,Statements confirming the increase in doses without discussing safety implications.,"A source only repeats or reports the statement the article already stipulates, without independent evidence about: The childhood vaccination schedule has increased from 5 doses in the 1960s to 73 doses by 2016, raising c",official_record,official_record,childhood vaccination schedule history | vaccination doses increase | vaccine safety concerns,,Ensure that historical data is accurate and comprehensive.,true
CF1-F03,3,Profile Q,model,completed,,"According to the CDC, half of American school children are not fully vaccinated, and at least 1 in 88 toddlers are completely unvaccinated.",pillar,reported,CDC,high,American school children,Public Health Claims,U0002,"[U0002] “According to the CDC and public health authorities, parents who choose not to vaccinate their children are typically highly educated. CDC data reflect that half of American school children are not fully vaccinated, and at least 1 in 88 toddlers are completely unvaccinated. Why would the parents of these children, comprising a large part of the nation’s brain trust, choose not to vaccinate their children?”",substantive,"According to the CDC, half of American school children are not fully vaccinated, and at least 1 in 88 toddlers are completely unvaccinated.","The CDC states that half of American school children are not fully vaccinated, and at least 1 in 88 toddlers are completely unvaccinated.",The dispute is whether the CDC's reported vaccination rates are accurate.,Statistical data from the CDC confirming the vaccination rates among American school children and toddlers.,Statistical data from the CDC or other credible sources showing different vaccination rates among American school children and toddlers.,Data showing a different percentage of unvaccinated children or a narrower definition of what constitutes 'fully vaccinated'.,Access to CDC vaccination data or reports on vaccination rates among American school children and toddlers.,General statements about vaccination rates without specific data from the CDC.,"A source only repeats or reports the statement the article already stipulates, without independent evidence about: According to the CDC, half of American school children are not fully vaccinated, and at least 1 in 88 tod",primary_article_result,independent_corroboration,CDC vaccination rates | American school children vaccination | toddler vaccination rates,,Ensure that the data is current and accurately reflects the population in question.,true
CF1-F03,3,Profile Q,model,completed,,"Parents are increasingly seeking vaccine exemptions for their children, reflecting a rise in vaccine hesitancy.",pillar,reported,Article's own voice,medium,parents seeking vaccine exemptions,Vaccine Exemptions,U0014,"[U0014] Along with reduction in vaccine uptake, there is also a rise in the rate of parents seeking vaccine exemptions for their children.",substantive,"Parents are increasingly seeking vaccine exemptions for their children, reflecting a rise in vaccine hesitancy.",There is a rise in the rate of parents seeking vaccine exemptions for their children.,The dispute is whether the increase in exemption requests is indicative of a broader trend in vaccine hesitancy.,Data showing an increase in vaccine exemption requests over a specified time period.,Data showing a decrease or no significant change in vaccine exemption requests over the same time period.,Data indicating that the increase in exemption requests is due to reasons other than vaccine hesitancy.,Access to records of vaccine exemption requests from health departments or schools.,A general statement about vaccine hesitancy without specific data on exemption requests.,"A source only repeats or reports the statement the article already stipulates, without independent evidence about: Parents are increasingly seeking vaccine exemptions for their children, reflecting a rise in vaccine hesi",primary_article_result,independent_corroboration,vaccine exemptions | vaccine hesitancy | parents seeking vaccine exemptions,,Ensure that the data is specific to the population and time frame in question.,true
CF1-F03,3,Profile Q,model,completed,,Allegations exist that the CDC manipulated data linking the MMR vaccine to autism and ordered the destruction of evidence.,pillar,reported,"William Thompson, CDC whistleblower",high,CDC's handling of MMR vaccine data,CDC Cover-Up Allegations,U0037 | U0038 | U0041,"[U0037] Senior CDC scientist turned whistleblower William Thompson revealed privately in 2014 that data linking the MMR vaccine (measles/mumps/rubella) to autism had been manipulated by the agency ten years earlier.
[U0038] When top CDC officials learned that their 2004 study results showed a dramatic increase in autism after MMR vaccinations, they’d ordered Thompson and other scientists to destroy all evidence.
[U0041] The fraudulent, re-worked study was then released to declare that it had proven MMR vaccines did not cause autism.",substantive,Allegations exist that the CDC manipulated data linking the MMR vaccine to autism and ordered the destruction of evidence.,"William Thompson, a CDC whistleblower, revealed that data linking the MMR vaccine to autism was manipulated.",The dispute is whether the allegations of manipulation and destruction of evidence are substantiated.,Access to internal CDC documents or credible whistleblower testimony corroborating the allegations.,Evidence showing that the CDC did not manipulate data or destroy evidence related to the MMR vaccine.,Evidence suggesting that the allegations are based on misunderstandings or misinterpretations of the data.,Access to credible whistleblower accounts or internal CDC communications regarding the MMR vaccine.,General statements about the CDC without specific evidence related to the allegations.,"A source only repeats or reports the statement the article already stipulates, without independent evidence about: Allegations exist that the CDC manipulated data linking the MMR vaccine to autism and ordered the destruc",independent_corroboration,independent_corroboration,CDC MMR vaccine data manipulation | William Thompson whistleblower | CDC autism data allegations,,Ensure that the sources are independent and credible.,true
CF1-F03,3,Profile Q,model,completed,,The article claims that aluminum in vaccines is toxic and can cause brain damage at all doses.,pillar,reported,Article's own voice,high,aluminum in vaccines,Toxic Ingredients in Vaccines,U0254,[U0254] It is known to cause brain damage at all doses.,substantive,The article claims that aluminum in vaccines is toxic and can cause brain damage at all doses.,Aluminum in vaccines is claimed to be toxic and can cause brain damage.,The dispute is whether the claim about aluminum's toxicity and its effects is scientifically supported.,Research studies demonstrating the neurotoxic effects of aluminum at various doses.,Research studies showing that aluminum in vaccines is safe and does not cause brain damage.,Studies indicating that aluminum's effects vary by dose or that the context of exposure matters.,Access to peer-reviewed studies on aluminum toxicity and its effects.,General statements about aluminum without specific evidence of its effects in vaccines.,"A source only repeats or reports the statement the article already stipulates, without independent evidence about: The article claims that aluminum in vaccines is toxic and can cause brain damage at all doses.",independent_corroboration,independent_corroboration,aluminum toxicity | vaccines aluminum effects | neurotoxicity of aluminum,,Ensure that the studies are relevant to the specific context of vaccines.,true
CF1-F03,3,Profile Q,model,completed,,The health department's ad claims that vaccines are tested more than any other medicine given to children.,pillar,reported,Jefferson County Public Health,high,vaccines,Public Health Claims,U0012,[U0012] • “Vaccines are tested more than any other medicine you could give your kid.”,substantive,The health department's ad claims that vaccines are tested more than any other medicine given to children.,Vaccines are claimed to be tested more than any other medicine for children.,The dispute is whether the testing protocols for vaccines are indeed more rigorous than those for other medicines.,Documentation of vaccine testing protocols compared to those of other medicines.,Evidence showing that other medicines undergo more rigorous testing than vaccines.,Evidence indicating that the testing protocols for vaccines are similar to those for other medicines.,Access to testing protocols and comparative studies of vaccine and medicine testing.,General claims about vaccine testing without specific comparative data.,"A source only repeats or reports the statement the article already stipulates, without independent evidence about: The health department's ad claims that vaccines are tested more than any other medicine given to children",primary_article_result,independent_corroboration,vaccine testing protocols | comparison of vaccine and medicine testing | rigor of vaccine testing,,Ensure that the comparison is valid and based on similar criteria.,true
CF1-F03,3,Profile Q,model,completed,,"There have been no credible studies linking vaccination to chronic disease, according to public health authorities.",pillar,reported,Jefferson County Public Health,high,vaccination and chronic disease,Public Health Claims,U0011,"[U0011] • “So far, there have been no credible studies that link vaccination to chronic disease.”",substantive,"There have been no credible studies linking vaccination to chronic disease, according to public health authorities.",Public health authorities state that there are no credible studies linking vaccination to chronic disease.,The dispute is whether credible studies exist that link vaccination to chronic disease.,Access to credible studies that demonstrate a link between vaccination and chronic disease.,Evidence showing that public health authorities' claims about the absence of credible studies are accurate.,Studies that suggest a correlation without establishing causation between vaccination and chronic disease.,Access to peer-reviewed studies on vaccination and chronic disease.,General statements about vaccination without specific evidence of studies.,"A source only repeats or reports the statement the article already stipulates, without independent evidence about: There have been no credible studies linking vaccination to chronic disease, according to public health au",independent_corroboration,independent_corroboration,vaccination chronic disease studies | link between vaccination and chronic disease | credible studies vaccination,,Ensure that the studies are relevant and credible.,true
CF1-F03,3,Profile Q,model,completed,,The CDC has been accused of conducting a cover-up regarding the risks associated with thimerosal in vaccines.,pillar,reported,Article's own voice,high,thimerosal in vaccines,CDC Cover-Up Allegations,U0037 | U0038 | U0041 | U0043 | U0309 | U0326 | U0330,"[U0037] Senior CDC scientist turned whistleblower William Thompson revealed privately in 2014 that data linking the MMR vaccine (measles/mumps/rubella) to autism had been manipulated by the agency ten years earlier.
[U0038] When top CDC officials learned that their 2004 study results showed a dramatic increase in autism after MMR vaccinations, they’d ordered Thompson and other scientists to destroy all evidence.
[U0041] The fraudulent, re-worked study was then released to declare that it had proven MMR vaccines did not cause autism.
[U0043] He would reveal them a decade later, conscience-stricken over the likely damage in ongoing vaccine injury the cover-up was causing.
[U0309] Thimerosal is the trade name for the 50% ethylmercury solution used since the 1930s as a preservative in vaccines.
[U0326] That brings us to the seminal study about a possible link between thimerosal and autism mentioned earlier.
[U0330] To avoid public scrutiny the June 2000 emergency meeting was not held at the CDC headquarters in Atlanta, but instead at the Simpsonwood Retreat Center in Norcross, Georgia.",both_needed,The CDC has been accused of conducting a cover-up regarding the risks associated with thimerosal in vaccines.,The article claims that the CDC has been accused of a cover-up regarding thimerosal risks.,The dispute is whether the accusations are substantiated and whether the CDC's actions constitute a cover-up.,Access to credible evidence supporting the accusations of a cover-up by the CDC regarding thimerosal.,Evidence showing that the CDC acted transparently regarding thimerosal and its risks.,Evidence suggesting that the accusations are based on misunderstandings or misinterpretations of the CDC's actions.,Access to credible whistleblower accounts or internal CDC communications regarding thimerosal.,General statements about the CDC without specific evidence related to thimerosal.,"A source only repeats or reports the statement the article already stipulates, without independent evidence about: The CDC has been accused of conducting a cover-up regarding the risks associated with thimerosal in vacci",independent_corroboration,independent_corroboration,CDC thimerosal cover-up | thimerosal vaccine risks | CDC transparency thimerosal,,Ensure that the sources are independent and credible.,true
CF1-F03,3,Profile Q,model,completed,,The CDC's claim that thimerosal is not harmful is contradicted by evidence showing it is neurotoxic and linked to developmental issues.,pillar,reported,Material Safety Data Sheet for thimerosal,high,thimerosal in vaccines,Toxic Ingredients in Vaccines,U0300 | U0310,"[U0300] THE FACTS / MERCURY:
[U0310] Contrary to our health department’s claim, it is highly neurotoxic — dangerous enough to cause “decreased offspring survival” as Eli Lilly was required by law to disclose in its Material Safety Data Sheet for thimerosal.",substantive,The CDC's claim that thimerosal is not harmful is contradicted by evidence showing it is neurotoxic and linked to developmental issues.,The article claims that thimerosal is neurotoxic and linked to developmental issues contrary to CDC claims.,The dispute is whether the evidence contradicting the CDC's claim about thimerosal's safety is credible.,Access to credible studies demonstrating thimerosal's neurotoxicity and its link to developmental issues.,Evidence showing that thimerosal is safe and does not cause neurotoxic effects.,Studies indicating that the effects of thimerosal vary by dose or context.,Access to peer-reviewed studies on thimerosal's effects.,General statements about thimerosal without specific evidence of its effects.,"A source only repeats or reports the statement the article already stipulates, without independent evidence about: The CDC's claim that thimerosal is not harmful is contradicted by evidence showing it is neurotoxic and l",independent_corroboration,independent_corroboration,thimerosal neurotoxicity | thimerosal developmental issues | CDC thimerosal safety,,Ensure that the studies are relevant to the specific context of vaccines.,true
CF1-F03,4,Profile Q,model,completed,,"According to the CDC, half of American school children are not fully vaccinated, and at least 1 in 88 toddlers are completely unvaccinated.",pillar,reported,CDC,high,American school children,Public Health Claims,U0002,"[U0002] “According to the CDC and public health authorities, parents who choose not to vaccinate their children are typically highly educated. CDC data reflect that half of American school children are not fully vaccinated, and at least 1 in 88 toddlers are completely unvaccinated. Why would the parents of these children, comprising a large part of the nation’s brain trust, choose not to vaccinate their children?”",substantive,"According to the CDC, half of American school children are not fully vaccinated, and at least 1 in 88 toddlers are completely unvaccinated.","CDC data reflect that half of American school children are not fully vaccinated, and at least 1 in 88 toddlers are completely unvaccinated.",The dispute is whether the vaccination rates reported by the CDC are accurate and reflect the true vaccination status of American school children.,Independent verification of CDC vaccination statistics from a credible health organization or study. | Statistical data corroborating the percentage of unvaccinated children in the specified demographic.,Evidence showing that the vaccination rates reported by the CDC are significantly lower than stated. | Data indicating a higher percentage of vaccinated children than reported by the CDC.,"Data showing that the vaccination rates vary significantly by region or demographic, indicating a narrower scope than claimed.",Access to CDC vaccination data or reports. | Independent health organization statistics on vaccination rates among American school children.,Statements reiterating the CDC's claims without independent verification.,"A source only repeats or reports the statement the article already stipulates, without independent evidence about: According to the CDC, half of American school children are not fully vaccinated, and at least 1 in 88 tod",independent_corroboration,independent_corroboration,CDC vaccination statistics | American school children vaccination rates,,Ensure that the independent data source is credible and not biased against vaccination.,true
CF1-F03,4,Profile Q,host_pillar_backfill,completed,,"There is a rising trend of parents seeking vaccine exemptions for their children, indicating growing vaccine hesitancy.",pillar,unclear,article,medium,"There is a rising trend of parents seeking vaccine exemptions for their children, indicating growing vaccine hesitancy.",Vaccine Exemptions,U0014,"[U0014] Along with reduction in vaccine uptake, there is also a rise in the rate of parents seeking vaccine exemptions for their children.",substantive,"There is a rising trend of parents seeking vaccine exemptions for their children, indicating growing vaccine hesitancy.",There is a rise in the rate of parents seeking vaccine exemptions for their children.,The dispute is whether the trend of seeking vaccine exemptions is indeed indicative of a broader trend of vaccine hesitancy among parents.,Statistical data showing an increase in vaccine exemption requests over a specified time period. | Surveys or studies indicating parental attitudes towards vaccines and the reasons for seeking exemptions.,Evidence showing a decrease in vaccine exemption requests or stable rates over time. | Data indicating that parents are increasingly supportive of vaccination.,Data showing that the increase in exemption requests is limited to specific regions or demographics.,Access to state or national vaccination exemption data. | Surveys reflecting parental attitudes towards vaccines.,General statements about vaccine hesitancy without specific data on exemption requests.,"A source only repeats or reports the statement the article already stipulates, without independent evidence about: There is a rising trend of parents seeking vaccine exemptions for their children, indicating growing vacc",independent_corroboration,independent_corroboration,vaccine exemption trends | parental vaccine hesitancy,,Ensure that the data source is comprehensive and not limited to a small sample size.,true
CF1-F03,4,Profile Q,model,completed,,Allegations state that the CDC manipulated data linking the MMR vaccine to autism and ordered the destruction of evidence.,pillar,reported,"William Thompson, CDC whistleblower",high,CDC's handling of MMR vaccine data,CDC Cover-Up Allegations,U0037 | U0038 | U0041,"[U0037] Senior CDC scientist turned whistleblower William Thompson revealed privately in 2014 that data linking the MMR vaccine (measles/mumps/rubella) to autism had been manipulated by the agency ten years earlier.
[U0038] When top CDC officials learned that their 2004 study results showed a dramatic increase in autism after MMR vaccinations, they’d ordered Thompson and other scientists to destroy all evidence.
[U0041] The fraudulent, re-worked study was then released to declare that it had proven MMR vaccines did not cause autism.",substantive,Allegations state that the CDC manipulated data linking the MMR vaccine to autism and ordered the destruction of evidence.,"William Thompson, CDC whistleblower, revealed that data linking the MMR vaccine to autism had been manipulated.",The dispute is whether the allegations of data manipulation and evidence destruction by the CDC are substantiated.,Whistleblower testimony corroborated by independent investigations or reports. | Internal CDC documents supporting the claims of data manipulation and evidence destruction.,Evidence showing that the CDC followed proper protocols in handling MMR vaccine data. | Independent studies that contradict the allegations of manipulation.,"Evidence indicating that while data manipulation occurred, it did not significantly impact the overall findings regarding vaccine safety.",Access to whistleblower testimonies and CDC internal documents. | Independent investigations into CDC practices.,Statements reiterating the whistleblower's claims without independent verification.,"A source only repeats or reports the statement the article already stipulates, without independent evidence about: Allegations state that the CDC manipulated data linking the MMR vaccine to autism and ordered the destruc",independent_corroboration,independent_corroboration,CDC data manipulation | MMR vaccine autism allegations,,Ensure that the investigation sources are credible and not biased.,true
CF1-F03,4,Profile Q,model,completed,,The CDC has never safety tested the cumulative aluminum load received in multiple vaccine shots given to infants.,pillar_support,reported,CDC guidelines,high,safety testing of aluminum in vaccines,Toxic Ingredients in Vaccines,U0279,[U0279] The CDC has NEVER safety tested this cumulative load received in multiple shots.,substantive,The CDC has never safety tested the cumulative aluminum load received in multiple vaccine shots given to infants.,The CDC has NEVER safety tested this cumulative load received in multiple shots.,The dispute is whether the CDC has conducted any safety testing on the cumulative aluminum exposure from vaccines.,Documentation from the CDC confirming the lack of safety testing for cumulative aluminum exposure. | Independent studies assessing the safety of aluminum in vaccines.,Evidence showing that the CDC has conducted safety tests on cumulative aluminum loads in vaccines. | Studies indicating that cumulative aluminum exposure is safe for infants.,"Evidence showing that while safety testing may not have been conducted, the individual components of vaccines have been tested for safety.",Access to CDC safety testing protocols and vaccine package inserts. | Independent research on aluminum safety in vaccines.,Statements reiterating the CDC's claims without independent verification.,"A source only repeats or reports the statement the article already stipulates, without independent evidence about: The CDC has never safety tested the cumulative aluminum load received in multiple vaccine shots given to ",independent_corroboration,independent_corroboration,CDC aluminum safety testing | cumulative aluminum in vaccines,,Ensure that the independent studies are comprehensive and peer-reviewed.,true
CF1-F03,4,Profile Q,model,completed,,"There have been no credible studies linking vaccination to chronic disease, according to public health authorities.",pillar,reported,public health authorities,high,vaccination and chronic disease,Public Health Claims,U0011,"[U0011] • “So far, there have been no credible studies that link vaccination to chronic disease.”",substantive,"There have been no credible studies linking vaccination to chronic disease, according to public health authorities.","So far, there have been no credible studies that link vaccination to chronic disease.",The dispute is whether credible studies exist that link vaccination to chronic disease.,Independent studies that demonstrate a link between vaccination and chronic disease. | Meta-analyses or systematic reviews that contradict the public health authorities' claims.,Evidence showing that no credible studies exist linking vaccination to chronic disease. | Data indicating that vaccination is associated with improved health outcomes.,"Evidence showing that while some studies exist, they may not meet the criteria for credibility set by public health authorities.",Access to independent studies on vaccination and chronic disease. | Expertise in epidemiology or public health.,Statements reiterating public health authorities' claims without independent verification.,"A source only repeats or reports the statement the article already stipulates, without independent evidence about: There have been no credible studies linking vaccination to chronic disease, according to public health au",independent_corroboration,independent_corroboration,vaccination chronic disease studies | credible studies vaccination,,Ensure that the studies referenced are peer-reviewed and methodologically sound.,true
CF1-F03,4,Profile Q,model,completed,,"Thimerosal, a mercury-based preservative used in vaccines, is classified as toxic hazardous waste by the EPA.",pillar_support,reported,EPA classification,high,thimerosal in vaccines,Toxic Ingredients in Vaccines,U0367,[U0367] The claim by health agencies that injected ethylmercury is benign becomes even more inconceivable in light of the fact that the EPA classifies the thimerosal in vaccines as toxic hazardous waste .,substantive,"Thimerosal, a mercury-based preservative used in vaccines, is classified as toxic hazardous waste by the EPA.",The EPA classifies the thimerosal in vaccines as toxic hazardous waste.,The dispute is whether thimerosal is indeed classified as toxic hazardous waste by the EPA.,EPA documentation confirming the classification of thimerosal as toxic hazardous waste. | Independent assessments of thimerosal's toxicity.,Evidence showing that thimerosal is not classified as toxic hazardous waste by the EPA. | Studies indicating that thimerosal is safe for use in vaccines.,"Evidence showing that while thimerosal is classified as hazardous, its use in vaccines may be justified under certain conditions.",Access to EPA classification documents regarding thimerosal. | Toxicology expertise related to thimerosal.,Statements reiterating the EPA's classification without independent verification.,"A source only repeats or reports the statement the article already stipulates, without independent evidence about: Thimerosal, a mercury-based preservative used in vaccines, is classified as toxic hazardous waste by the ",official_record,official_record,thimerosal EPA classification | toxic hazardous waste thimerosal,,Ensure that the EPA documents are current and accurately reflect the classification.,true
CF1-F03,4,Profile Q,model,completed,,The claim that ethylmercury in vaccines is not harmful is contradicted by evidence showing it is neurotoxic and can cause developmental issues.,pillar_support,reported,Material Safety Data Sheet for thimerosal,high,neurotoxicity of ethylmercury,Toxic Ingredients in Vaccines,U0301 | U0307 | U0310,"[U0301] “[Thimerosal] is toxic… Mutagenic in mammalian cells.“
[U0307] Entire books have debunked the absurd statement “ethylmercury is NOT harmful to us.”
[U0310] Contrary to our health department’s claim, it is highly neurotoxic — dangerous enough to cause “decreased offspring survival” as Eli Lilly was required by law to disclose in its Material Safety Data Sheet for thimerosal.",substantive,The claim that ethylmercury in vaccines is not harmful is contradicted by evidence showing it is neurotoxic and can cause developmental issues.,Evidence showing that ethylmercury is neurotoxic and can cause developmental issues.,The dispute is whether the evidence regarding the neurotoxicity of ethylmercury is credible and substantial.,Peer-reviewed studies demonstrating the neurotoxic effects of ethylmercury. | Material Safety Data Sheets indicating the harmful effects of ethylmercury.,Evidence showing that ethylmercury is safe and does not cause neurotoxic effects. | Studies indicating that the risks of ethylmercury are overstated.,"Evidence showing that while ethylmercury may have neurotoxic effects, the levels used in vaccines are considered safe.",Access to toxicology studies on ethylmercury. | Expertise in neurotoxicology.,Statements reiterating the claims about ethylmercury without independent verification.,"A source only repeats or reports the statement the article already stipulates, without independent evidence about: The claim that ethylmercury in vaccines is not harmful is contradicted by evidence showing it is neurotox",independent_corroboration,independent_corroboration,ethylmercury neurotoxicity | harmful effects of ethylmercury,,Ensure that the studies referenced are comprehensive and peer-reviewed.,true
CF1-F03,4,Profile Q,model,completed,,The health department's ad claims that children face more challenges to their immune system while playing outside than from vaccines.,pillar_support,reported,Jefferson County Public Health,medium,children's immune system challenges,Public Health Claims,U0008,[U0008] • “Our kids face more challenges to their immune system while playing outside than they do from vaccines.”,substantive,The health department's ad claims that children face more challenges to their immune system while playing outside than from vaccines.,Our kids face more challenges to their immune system while playing outside than they do from vaccines.,The dispute is whether the claim about immune system challenges from environmental exposures is substantiated.,Research studies comparing immune system challenges from environmental exposures to those from vaccines. | Surveys indicating parental perceptions of immune challenges.,Evidence showing that vaccines pose greater challenges to the immune system than environmental exposures. | Studies indicating that outdoor play is beneficial for immune health.,"Evidence showing that while outdoor play presents challenges, they are not necessarily greater than those posed by vaccines.",Access to studies on immune system challenges from environmental exposures. | Expertise in immunology.,Statements reiterating the health department's claims without independent verification.,"A source only repeats or reports the statement the article already stipulates, without independent evidence about: The health department's ad claims that children face more challenges to their immune system while playing",independent_corroboration,independent_corroboration,immune system challenges outdoor play | vaccines immune system,,Ensure that the studies referenced are comprehensive and peer-reviewed.,true
CF1-F03,5,Profile Q,model,failed,verification_failed:host_selection,"According to the CDC, half of American school children are not fully vaccinated, and at least 1 in 88 toddlers are completely unvaccinated.",pillar,reported,CDC,high,American school children and toddlers.,Public Health Claims,U0002,"[U0002] “According to the CDC and public health authorities, parents who choose not to vaccinate their children are typically highly educated. CDC data reflect that half of American school children are not fully vaccinated, and at least 1 in 88 toddlers are completely unvaccinated. Why would the parents of these children, comprising a large part of the nation’s brain trust, choose not to vaccinate their children?”",,,,,,,,,,,,,,,,false
CF1-F03,5,Profile Q,model,failed,verification_failed:host_selection,The health department's ad claims that children face more challenges to their immune system while playing outside than from vaccines.,pillar_support,reported,Jefferson County Public Health,medium,children's immune system challenges.,Public Health Claims,U0008,[U0008] • “Our kids face more challenges to their immune system while playing outside than they do from vaccines.”,,,,,,,,,,,,,,,,false
CF1-F03,5,Profile Q,model,failed,verification_failed:host_selection,"There have been no credible studies linking vaccination to chronic disease, according to public health authorities.",pillar_support,reported,Jefferson County Public Health,high,vaccination and chronic disease.,Public Health Claims,U0011,"[U0011] • “So far, there have been no credible studies that link vaccination to chronic disease.”",,,,,,,,,,,,,,,,false
CF1-F03,5,Profile Q,model,failed,verification_failed:host_selection,"The CDC manipulated data linking the MMR vaccine to autism, as revealed by whistleblower William Thompson.",pillar,reported,William Thompson,high,CDC's handling of MMR vaccine data.,Thimerosal and Aluminum,U0037 | U0041,"[U0037] Senior CDC scientist turned whistleblower William Thompson revealed privately in 2014 that data linking the MMR vaccine (measles/mumps/rubella) to autism had been manipulated by the agency ten years earlier.
[U0041] The fraudulent, re-worked study was then released to declare that it had proven MMR vaccines did not cause autism.",,,,,,,,,,,,,,,,false
CF1-F03,5,Profile Q,model,failed,verification_failed:host_selection,"Thimerosal, a mercury-based preservative in vaccines, is toxic and has been linked to neurological damage.",pillar,reported,Material Safety Data Sheet,high,thimerosal in vaccines.,Thimerosal and Aluminum,U0300 | U0310,"[U0300] THE FACTS / MERCURY:
[U0310] Contrary to our health department’s claim, it is highly neurotoxic — dangerous enough to cause “decreased offspring survival” as Eli Lilly was required by law to disclose in its Material Safety Data Sheet for thimerosal.",,,,,,,,,,,,,,,,false
CF1-F03,5,Profile Q,model,failed,verification_failed:host_selection,"The childhood vaccination schedule has increased from 5 doses in the 1950s to 73 doses by 2011, raising concerns about safety.",pillar_support,reported,Article's own voice,medium,U.S. childhood vaccination schedule.,Thimerosal and Aluminum,U0079 | U0080,"[U0079] While children had received just five vaccine doses in three shots in the 1950s and ’60s when I was growing up (none during pregnancy or in the first 12 months of life), by 1986 children were receiving 25 doses/12 shots.
[U0080] In the decades following the 1986 act the childhood schedule exploded to 73 doses/54 shots.",,,,,,,,,,,,,,,,false
CF1-F03,5,Profile Q,model,failed,verification_failed:host_selection,"Parents have reported a rise in chronic health conditions among children, correlating with increased vaccination rates.",pillar_support,reported,Article's own voice,medium,chronic health conditions in children.,Thimerosal and Aluminum,U0087,"[U0087] More than one in two American children in the 2011 survey had a diagnosed chronic health condition such as an autoimmune disorder, diabetes or obesity, a neurodevelopmental disorder, or a mood or behavioral disorder.",,,,,,,,,,,,,,,,false
CF1-F03,5,Profile Q,model,failed,verification_failed:host_selection,"The CDC has been accused of conducting a cover-up regarding the safety of vaccines, particularly concerning thimerosal.",pillar,reported,Article's own voice,high,CDC's vaccine safety data.,Thimerosal and Aluminum,U0330 | U0345,"[U0330] To avoid public scrutiny the June 2000 emergency meeting was not held at the CDC headquarters in Atlanta, but instead at the Simpsonwood Retreat Center in Norcross, Georgia.
[U0345] It’s the same playbook that CDC whistleblower William Thompson exposed decades later regarding the CDC’s study of the MMR vaccine and autism.",,,,,,,,,,,,,,,,false
CF1-F03,5,Profile Q,model,failed,verification_failed:host_selection,The rise in vaccine hesitancy is linked to increased awareness of potential vaccine risks and adverse effects.,pillar,reported,Article's own voice,medium,vaccine hesitancy trends.,Vaccine Exemptions,U0013 | U0014,"[U0013] The health department’s ad comes at a time when childhood vaccination rates are dropping steadily across the country.
[U0014] Along with reduction in vaccine uptake, there is also a rise in the rate of parents seeking vaccine exemptions for their children.",,,,,,,,,,,,,,,,false
CF1-F03,5,Profile Q,model,failed,verification_failed:host_selection,"The health department's ad claims that vaccines are tested more than any other medicine, which is disputed by critics.",opponent_claim,reported,Jefferson County Public Health,medium,testing of vaccines vs. other medicines.,Public Health Claims,U0012,[U0012] • “Vaccines are tested more than any other medicine you could give your kid.”,,,,,,,,,,,,,,,,false
CF1-F03,1,Profile R,model,completed,,"Half of American school children are not fully vaccinated, and at least 1 in 88 toddlers are completely unvaccinated.",pillar,reported,CDC data,high,"United States, current data",Public Health Claims,U0002,"[U0002] “According to the CDC and public health authorities, parents who choose not to vaccinate their children are typically highly educated. CDC data reflect that half of American school children are not fully vaccinated, and at least 1 in 88 toddlers are completely unvaccinated. Why would the parents of these children, comprising a large part of the nation’s brain trust, choose not to vaccinate their children?”",substantive,"Half of American school children are not fully vaccinated, and at least 1 in 88 toddlers are completely unvaccinated.",,The dispute is whether the vaccination rates among American school children and toddlers are accurately represented.,Evidence shows that at least 50% of American school children are not fully vaccinated. | Data indicates that 1 in 88 toddlers are completely unvaccinated.,Evidence shows that more than 50% of American school children are fully vaccinated. | Data indicates that fewer than 1 in 88 toddlers are completely unvaccinated.,Vaccination rates are lower in specific regions or demographics than the national average.,CDC vaccination statistics | Population of American school children | Current data on vaccination rates,Restating the claim without providing supporting data. | Proving the claim's authorship without addressing the vaccination rates.,,primary_article_result,primary_article_result,CDC vaccination statistics | American school children vaccination rates,,Ensure that the data is current and accurately reflects the population in question.,true
CF1-F03,1,Profile R,model,completed,,The 1986 National Childhood Vaccine Injury Act removed all liability from drug companies for childhood vaccines they produced.,pillar,endorsed,U.S. Congress,high,"U.S. legislation, 1986",Vaccine Safety,U0070,"[U0070] Bowing to the pressure, in 1986 Congress removed all liability from drug companies for childhood vaccines they produced.",substantive,The 1986 National Childhood Vaccine Injury Act removed all liability from drug companies for childhood vaccines they produced.,,The dispute is whether the 1986 Act indeed removed all liability from drug companies.,The text of the 1986 National Childhood Vaccine Injury Act confirms the removal of liability. | Legal interpretations of the Act support the claim.,Evidence shows that drug companies retain some liability under certain conditions. | Legal interpretations contradict the claim.,The Act removed liability only for specific types of claims or under certain circumstances.,Text of the 1986 National Childhood Vaccine Injury Act | Legal context surrounding vaccine liability,Restating the claim without providing legal text or interpretations. | Proving the claim's authorship without addressing the liability issue.,,official_record,named_work_result,1986 National Childhood Vaccine Injury Act | vaccine liability legislation,NW001,Ensure that the legal text is accurately interpreted and reflects the current understanding of liability.,true
CF1-F03,1,Profile R,model,completed,,Public health authorities have engaged in censorship to suppress information that challenges the vaccine narrative.,pillar,endorsed,Article analysis,medium,Local public health discourse,Censorship and Control,U0156 | U0158 | U0159 | U0160,"[U0156] Once again, allowing people to consider varied perspectives and then make up their own minds was not permitted.
[U0158] This censorship was applied even when we submitted letters to the editor about vaccines.
[U0159] Our opinions , if they challenged local health authorities, were not allowed on the OPINION page.
[U0160] Stephen Schumacher (also a PTFP co-editor now) would experience the same censorship several years later regarding the experimental mRNA Covid vaccines.",both_needed,Public health authorities have engaged in censorship to suppress information that challenges the vaccine narrative.,,The dispute involves both the occurrence of censorship and the truth of the claim regarding suppression.,Documented instances of censorship by public health authorities. | Evidence of suppressed information that challenges vaccine narratives.,Evidence shows that public health authorities have not engaged in censorship. | Information challenging vaccine narratives is freely available.,Censorship occurred only in specific instances or contexts.,Instances of censorship by public health authorities | Information that was suppressed,Restating the claim without providing specific examples of censorship. | Proving the claim's authorship without addressing the censorship issue.,,mixed_sources,mixed_sources,censorship in public health | vaccine narrative suppression,,Ensure that the examples of censorship are credible and well-documented.,true
CF1-F03,1,Profile R,model,completed,,"There have been no credible studies linking vaccination to chronic disease, according to public health authorities.",pillar,reported,Jefferson County Public Health,high,General public health claims,Public Health Claims,U0011,"[U0011] • “So far, there have been no credible studies that link vaccination to chronic disease.”",substantive,"There have been no credible studies linking vaccination to chronic disease, according to public health authorities.",,The dispute is whether credible studies exist that link vaccination to chronic disease.,Public health authorities confirm the absence of credible studies linking vaccination to chronic disease. | Evidence from reputable sources supports the claim.,Credible studies exist that link vaccination to chronic disease. | Public health authorities acknowledge such studies.,Studies exist but are deemed not credible by public health authorities.,Statements from public health authorities | Credible studies on vaccination and chronic disease,Restating the claim without providing supporting evidence from authorities. | Proving the claim's authorship without addressing the study issue.,,primary_article_result,primary_article_result,vaccination chronic disease studies | public health authorities statements,,Ensure that the definition of 'credible' is consistent with public health standards.,true
CF1-F03,1,Profile R,model,completed,,The CDC manipulated data linking the MMR vaccine to autism and ordered the destruction of evidence.,pillar,endorsed,"William Thompson, CDC whistleblower",high,"CDC, historical data",Public Health Claims,U0038,"[U0038] When top CDC officials learned that their 2004 study results showed a dramatic increase in autism after MMR vaccinations, they’d ordered Thompson and other scientists to destroy all evidence.",substantive,The CDC manipulated data linking the MMR vaccine to autism and ordered the destruction of evidence.,,The dispute is whether the CDC indeed manipulated data and ordered destruction.,Evidence from whistleblower accounts supports the claim of data manipulation. | Documentation of the order to destroy evidence exists.,Evidence shows that the CDC did not manipulate data or order destruction. | Whistleblower accounts are discredited.,Data manipulation occurred but did not directly link to the MMR vaccine and autism.,Whistleblower accounts | CDC data handling records,Restating the claim without providing specific evidence of manipulation. | Proving the claim's authorship without addressing the data issue.,,primary_article_result,primary_article_result,CDC data manipulation | MMR vaccine autism evidence,,Ensure that the whistleblower's credibility is established.,true
CF1-F03,1,Profile R,model,completed,,The rise in chronic illnesses among children correlates with the increase in the childhood vaccination schedule since 1986.,pillar,endorsed,Article analysis,high,"U.S. children, 1986 to present",Vaccine Safety,U0076 | U0080 | U0086 | U0245 | U0255,"[U0076] Each new childhood shot approved was automatically added to the CDC’s Childhood Vaccine Schedule, with the assurance that tens of millions of children would receive them at routine pediatric visits.
[U0080] In the decades following the 1986 act the childhood schedule exploded to 73 doses/54 shots.
[U0086] It was a rude awakening, especially for those of us in the Baby Boomer generation, to learn that the chronic illness rate in U.S. children which had been negligible when we were kids had jumped to 12.8% in the 1980s, then to 54% by 2011 .
[U0245] Folks SHOULD be nervous about aluminum being used in vaccines.
[U0255] Aluminum poisoning has been linked to autism, SIDs, seizures, autoimmune issues, Alzheimers, neurological damage, impaired renal function, demyelinating disorders such as MS, and cancer. [ source ]",both_needed,The rise in chronic illnesses among children correlates with the increase in the childhood vaccination schedule since 1986.,,The dispute involves both the correlation of chronic illnesses and vaccination schedule increases.,Statistical evidence shows a correlation between chronic illnesses and vaccination rates. | Historical data supports the timeline of vaccination schedule increases.,Evidence shows no correlation between chronic illnesses and vaccination rates. | Data indicates that chronic illness rates have not increased.,Correlation exists but is influenced by other factors.,Statistics on chronic illnesses among children | Vaccination schedule data since 1986,Restating the claim without providing statistical evidence. | Proving the claim's authorship without addressing the correlation issue.,,mixed_sources,mixed_sources,chronic illnesses children vaccination correlation | vaccination schedule history,,Ensure that the correlation is statistically significant and not coincidental.,true
CF1-F03,1,Profile R,model,completed,,"Thimerosal, a mercury-based preservative used in vaccines, is neurotoxic and linked to autism and other neurological disorders.",pillar,endorsed,Material Safety Data Sheet for thimerosal,high,"Thimerosal in vaccines, historical context",Vaccine Safety,U0245 | U0255 | U0301,"[U0245] Folks SHOULD be nervous about aluminum being used in vaccines.
[U0255] Aluminum poisoning has been linked to autism, SIDs, seizures, autoimmune issues, Alzheimers, neurological damage, impaired renal function, demyelinating disorders such as MS, and cancer. [ source ]
[U0301] “[Thimerosal] is toxic… Mutagenic in mammalian cells.“",substantive,"Thimerosal, a mercury-based preservative used in vaccines, is neurotoxic and linked to autism and other neurological disorders.",,The dispute is whether thimerosal is indeed neurotoxic and linked to these disorders.,Scientific studies confirm thimerosal's neurotoxicity. | Evidence links thimerosal to autism and neurological disorders.,Studies show thimerosal is not neurotoxic. | No credible evidence links thimerosal to autism or neurological disorders.,Thimerosal is neurotoxic but not conclusively linked to autism.,Scientific studies on thimerosal | Evidence of neurotoxicity and links to disorders,Restating the claim without providing scientific evidence. | Proving the claim's authorship without addressing the neurotoxicity issue.,,primary_article_result,primary_article_result,thimerosal neurotoxicity | thimerosal autism link,,Ensure that the studies cited are peer-reviewed and credible.,true
CF1-F03,1,Profile R,model,completed,,The CDC has classified thimerosal-containing vaccines as hazardous waste due to their mercury content.,pillar,endorsed,EPA classification,high,"CDC, EPA regulations",Vaccine Safety,U0370,"[U0370] Thimerosal as a Vaccine Preservative , a summary prepared in 2025 for the CDC’s Advisory Committee for Immunization Practices (ACIP), notes that “thimerosal-containing vaccines exceed the TCLP threshold by orders of magnitude and are classified as D009 Hazardous Waste.”",substantive,The CDC has classified thimerosal-containing vaccines as hazardous waste due to their mercury content.,,The dispute is whether the CDC has indeed classified these vaccines as hazardous waste.,Documentation from the CDC confirms the classification of thimerosal-containing vaccines as hazardous waste. | Evidence of mercury content in these vaccines supports the claim.,Evidence shows that the CDC has not classified these vaccines as hazardous waste. | Documentation contradicts the claim.,The classification applies only under specific conditions or contexts.,CDC documentation on hazardous waste classification | Mercury content evidence in vaccines,Restating the claim without providing supporting documentation. | Proving the claim's authorship without addressing the classification issue.,,official_record,named_work_result,CDC hazardous waste classification thimerosal | thimerosal vaccines mercury content,NW001,Ensure that the classification is based on current regulations and standards.,true
CF1-F03,2,Profile R,model,completed,,"Half of American school children are not fully vaccinated, and at least 1 in 88 toddlers are completely unvaccinated.",pillar,reported,CDC data,high,"United States, current vaccination rates",Public Health Claims,U0002,"[U0002] “According to the CDC and public health authorities, parents who choose not to vaccinate their children are typically highly educated. CDC data reflect that half of American school children are not fully vaccinated, and at least 1 in 88 toddlers are completely unvaccinated. Why would the parents of these children, comprising a large part of the nation’s brain trust, choose not to vaccinate their children?”",substantive,"Half of American school children are not fully vaccinated, and at least 1 in 88 toddlers are completely unvaccinated.",,The dispute is whether the vaccination rates reported by the CDC are accurate.,Evidence showing that CDC data confirms that half of American school children are not fully vaccinated. | Statistics indicating that at least 1 in 88 toddlers are completely unvaccinated.,Evidence showing that the CDC data is inaccurate or manipulated. | Statistics indicating that the vaccination rates are higher than reported.,Evidence showing that the vaccination rates vary significantly by region or demographic.,CDC vaccination statistics | Population of American school children | Current vaccination rates | Time frame of the data,Restating the claim without providing new evidence. | Discussing vaccination rates in a different population or time period.,,primary_article_result,primary_article_result,CDC vaccination statistics | American school children vaccination rates,,Ensure that the evidence directly addresses the claim about vaccination rates.,true
CF1-F03,2,Profile R,model,completed,,The 1986 National Childhood Vaccine Injury Act removed all liability from drug companies for childhood vaccines they produced.,pillar,endorsed,U.S. Congress,high,U.S. legislation regarding vaccine liability,Vaccine Safety,U0070,"[U0070] Bowing to the pressure, in 1986 Congress removed all liability from drug companies for childhood vaccines they produced.",substantive,The 1986 National Childhood Vaccine Injury Act removed all liability from drug companies for childhood vaccines they produced.,,The dispute is whether the 1986 Act indeed removed all liability for vaccine manufacturers.,Evidence from the text of the 1986 National Childhood Vaccine Injury Act confirming the removal of liability. | Legal interpretations or analyses that support the claim about liability removal.,Evidence showing that the 1986 Act did not remove all liability for vaccine manufacturers.,Evidence indicating that there are exceptions or conditions under which liability may still apply.,Text of the 1986 National Childhood Vaccine Injury Act | Legal context of vaccine liability,Restating the claim without providing new evidence. | Discussing vaccine liability in a different context or time period.,,official_record,named_work_result,1986 National Childhood Vaccine Injury Act | Vaccine liability law,NW001,Ensure that the evidence directly addresses the claim about liability removal.,true
CF1-F03,2,Profile R,model,completed,,"Censorship of vaccine-related information is prevalent, as seen in the rejection of letters to the editor that challenge public health narratives.",pillar,endorsed,Local newspaper policies,medium,Local media censorship regarding vaccine discussions,Censorship and Control,U0155 | U0160,"[U0155] The reason: correlation does not imply causation.”
[U0160] Stephen Schumacher (also a PTFP co-editor now) would experience the same censorship several years later regarding the experimental mRNA Covid vaccines.",substantive,"Censorship of vaccine-related information is prevalent, as seen in the rejection of letters to the editor that challenge public health narratives.",,The dispute is whether censorship of vaccine-related information is indeed prevalent.,Evidence showing instances of rejected letters to the editor that challenge vaccine narratives. | Data or reports indicating a pattern of censorship in media regarding vaccine discussions.,Evidence showing that there is no significant censorship of vaccine-related information.,Evidence indicating that censorship varies by publication or region.,Instances of rejected letters to the editor | Media policies on vaccine discussions,Restating the claim without providing new evidence. | Discussing censorship in a different context or topic.,,mixed_sources,mixed_sources,Censorship of vaccine information | Letters to the editor vaccine narratives,,Ensure that the evidence directly addresses the claim about censorship.,true
CF1-F03,2,Profile R,model,completed,,The CDC manipulated data linking the MMR vaccine to autism and ordered the destruction of evidence.,pillar,endorsed,"William Thompson, CDC whistleblower",high,CDC's historical data manipulation,Public Health Claims,U0037 | U0038,"[U0037] Senior CDC scientist turned whistleblower William Thompson revealed privately in 2014 that data linking the MMR vaccine (measles/mumps/rubella) to autism had been manipulated by the agency ten years earlier.
[U0038] When top CDC officials learned that their 2004 study results showed a dramatic increase in autism after MMR vaccinations, they’d ordered Thompson and other scientists to destroy all evidence.",substantive,The CDC manipulated data linking the MMR vaccine to autism and ordered the destruction of evidence.,,The dispute is whether the CDC indeed manipulated data and ordered evidence destruction.,Evidence from whistleblower statements confirming data manipulation by the CDC. | Documentation showing orders to destroy evidence related to the MMR vaccine and autism.,Evidence showing that the CDC did not manipulate data or order evidence destruction.,Evidence indicating that data manipulation claims are based on misinterpretations or lack of context.,Whistleblower statements | CDC internal documents,Restating the claim without providing new evidence. | Discussing data manipulation in a different context or topic.,,mixed_sources,mixed_sources,CDC data manipulation | MMR vaccine autism evidence,,Ensure that the evidence directly addresses the claim about data manipulation.,true
CF1-F03,2,Profile R,model,completed,,"The CDC has classified thimerosal in vaccines as toxic hazardous waste, yet it is still used in some vaccines.",pillar,endorsed,EPA classification,high,Thimerosal use in vaccines,Vaccine Safety,U0370,"[U0370] Thimerosal as a Vaccine Preservative , a summary prepared in 2025 for the CDC’s Advisory Committee for Immunization Practices (ACIP), notes that “thimerosal-containing vaccines exceed the TCLP threshold by orders of magnitude and are classified as D009 Hazardous Waste.”",substantive,"The CDC has classified thimerosal in vaccines as toxic hazardous waste, yet it is still used in some vaccines.",,The dispute is whether thimerosal is classified as hazardous waste and its continued use in vaccines.,Evidence from CDC classifications confirming thimerosal as hazardous waste. | Documentation showing that thimerosal is still used in vaccines.,Evidence showing that thimerosal is not classified as hazardous waste or is no longer used in vaccines.,Evidence indicating that thimerosal's classification or use varies by vaccine type.,CDC classification of thimerosal | Current vaccine formulations,Restating the claim without providing new evidence. | Discussing thimerosal in a different context or topic.,,primary_article_result,primary_article_result,Thimerosal hazardous waste | Thimerosal vaccine use,,Ensure that the evidence directly addresses the claim about thimerosal.,true
CF1-F03,2,Profile R,model,completed,,"The presence of aluminum in vaccines is linked to various health issues, including neurological damage and autism.",pillar_support,endorsed,Various studies,high,Health effects of aluminum in vaccines,Vaccine Safety,U0255 | U0366,"[U0255] Aluminum poisoning has been linked to autism, SIDs, seizures, autoimmune issues, Alzheimers, neurological damage, impaired renal function, demyelinating disorders such as MS, and cancer. [ source ]
[U0366] He further notes that studies that denied a risk were nearly always generated by the groups promoting vaccination, rarely by independent researchers.",substantive,"The presence of aluminum in vaccines is linked to various health issues, including neurological damage and autism.",,The dispute is whether aluminum in vaccines is indeed linked to health issues.,Evidence from studies linking aluminum in vaccines to health issues. | Documentation showing specific health issues associated with aluminum exposure.,Evidence showing that aluminum in vaccines is not linked to health issues.,Evidence indicating that the link between aluminum and health issues is weak or contested.,Studies on aluminum toxicity | Health outcomes related to aluminum exposure,Restating the claim without providing new evidence. | Discussing aluminum in a different context or topic.,,primary_article_result,primary_article_result,Aluminum in vaccines health issues | Aluminum toxicity studies,,Ensure that the evidence directly addresses the claim about aluminum.,true
CF1-F03,2,Profile R,model,completed,,The CDC's claim that ethylmercury in vaccines is not harmful contradicts evidence showing it is neurotoxic and linked to autism.,pillar_support,rejected,Manufacturer's data and studies,high,Toxicity of ethylmercury in vaccines,Vaccine Safety,U0245 | U0250 | U0255 | U0301 | U0326,"[U0245] Folks SHOULD be nervous about aluminum being used in vaccines.
[U0250] Injecting aluminum through a vaccination bypasses these protections, placing it directly into the bloodstream.
[U0255] Aluminum poisoning has been linked to autism, SIDs, seizures, autoimmune issues, Alzheimers, neurological damage, impaired renal function, demyelinating disorders such as MS, and cancer. [ source ]
[U0301] “[Thimerosal] is toxic… Mutagenic in mammalian cells.“
[U0326] That brings us to the seminal study about a possible link between thimerosal and autism mentioned earlier.",both_needed,The CDC's claim that ethylmercury in vaccines is not harmful contradicts evidence showing it is neurotoxic and linked to autism.,"The CDC's claim is established, but the harmfulness of ethylmercury is disputed.",The dispute is whether the CDC's claim is accurate and whether ethylmercury is indeed harmful.,Evidence supporting the CDC's claim that ethylmercury is not harmful. | Studies showing that ethylmercury is neurotoxic and linked to autism.,Evidence showing that the CDC's claim is incorrect or misleading. | Documentation indicating that ethylmercury is harmful.,Evidence indicating that the harmfulness of ethylmercury is context-dependent.,CDC statements on ethylmercury | Studies on ethylmercury toxicity,Restating the claim without providing new evidence. | Discussing ethylmercury in a different context or topic.,"A source only repeats or reports the statement the article already stipulates, without independent evidence about: The CDC's claim that ethylmercury in vaccines is not harmful contradicts evidence showing it is neurotoxi",mixed_sources,mixed_sources,Ethylmercury vaccines | CDC claim ethylmercury harmful,,Ensure that the evidence directly addresses both aspects of the claim.,true
CF1-F03,2,Profile R,model,completed,,Vaccines became Big Pharma’s most profitable product division after the 1986 Act due to the removal of liability.,pillar_support,endorsed,Article analysis,medium,Post-1986 vaccine industry profits,Vaccine Safety,U0074,[U0074] Vaccines became Big Pharma’s most profitable product division almost overnight.,substantive,Vaccines became Big Pharma’s most profitable product division after the 1986 Act due to the removal of liability.,,The dispute is whether the removal of liability led to increased profits for vaccine manufacturers.,Evidence showing that vaccine profits increased significantly after the 1986 Act. | Financial reports indicating that vaccines became a major profit center for pharmaceutical companies.,Evidence showing that vaccine profits did not increase after the 1986 Act.,Evidence indicating that other factors contributed to vaccine profitability.,Financial data on vaccine profits | Context of the 1986 Act,Restating the claim without providing new evidence. | Discussing vaccine profits in a different context or time period.,,primary_article_result,named_work_result,Vaccine profits 1986 Act | Pharmaceutical industry vaccine profitability,NW001,Ensure that the evidence directly addresses the claim about vaccine profitability.,true
CF1-F03,3,Profile R,model,completed,,The CDC manipulated data linking the MMR vaccine to autism and ordered the destruction of evidence.,pillar,endorsed,"William Thompson, CDC whistleblower",high,CDC's actions regarding the MMR vaccine study,Public health authorities manipulate data regarding vaccine safety.,U0037 | U0038 | U0040 | U0041,"[U0037] Senior CDC scientist turned whistleblower William Thompson revealed privately in 2014 that data linking the MMR vaccine (measles/mumps/rubella) to autism had been manipulated by the agency ten years earlier.
[U0038] When top CDC officials learned that their 2004 study results showed a dramatic increase in autism after MMR vaccinations, they’d ordered Thompson and other scientists to destroy all evidence.
[U0040] Ultimately, the only way they could eliminate the evident risk was to eliminate from the study the groups of children most likely to regress into autism following their shot.
[U0041] The fraudulent, re-worked study was then released to declare that it had proven MMR vaccines did not cause autism.",substantive,The CDC manipulated data linking the MMR vaccine to autism and ordered the destruction of evidence.,,The dispute is whether the CDC's actions regarding the MMR vaccine data manipulation occurred.,Evidence of internal CDC communications confirming data manipulation. | Documentation of orders to destroy evidence related to the MMR vaccine study.,Official CDC statements denying any manipulation of data regarding the MMR vaccine. | Independent audits confirming the integrity of the MMR vaccine study data.,Evidence showing that data manipulation was limited to specific studies rather than a broader pattern of misconduct.,CDC internal communications | MMR vaccine study data | evidence destruction orders,Restating the claim without new evidence. | Proving the existence of the CDC without addressing the manipulation claim.,,mixed_sources,mixed_sources,CDC data manipulation | MMR vaccine autism | William Thompson whistleblower,,Ensure evidence directly addresses the manipulation of MMR vaccine data.,true
CF1-F03,3,Profile R,model,completed,,"Vaccines contain toxic substances like aluminum and thimerosal, which are harmful to children's health.",pillar,endorsed,Various studies and expert opinions,high,Toxic substances in childhood vaccines,Vaccines contain harmful substances that pose risks to children.,U0245 | U0301 | U0308,"[U0245] Folks SHOULD be nervous about aluminum being used in vaccines.
[U0301] “[Thimerosal] is toxic… Mutagenic in mammalian cells.“
[U0308] Mercury is the third most toxic element on earth, 500 times more poisonous than lead.",substantive,"Vaccines contain toxic substances like aluminum and thimerosal, which are harmful to children's health.",,The dispute is whether the substances in vaccines are indeed harmful to children's health.,Studies showing adverse health effects linked to aluminum and thimerosal in vaccines. | Expert opinions confirming the toxicity of these substances.,Research demonstrating no significant health risks associated with aluminum and thimerosal in vaccines. | Official health guidelines stating the safety of these substances in vaccines.,Evidence indicating that harmful effects are only present at certain exposure levels or in specific populations.,Aluminum and thimerosal content in vaccines | Health outcomes related to vaccine exposure,Discussing the presence of aluminum and thimerosal without linking to health effects. | Using studies that do not specifically address childhood vaccines.,,mixed_sources,mixed_sources,Toxic substances in vaccines | Aluminum thimerosal health risks | Vaccine safety studies,,Focus on direct evidence of harm from vaccine components.,true
CF1-F03,3,Profile R,model,completed,,The rate of chronic health conditions among children has increased significantly since the introduction of aggressive vaccination schedules.,pillar,endorsed,Statistical health data,high,Chronic health conditions in U.S. children post-vaccination schedule changes,Vaccine injury and chronic health conditions are rising among children.,U0086 | U0087 | U0090,"[U0086] It was a rude awakening, especially for those of us in the Baby Boomer generation, to learn that the chronic illness rate in U.S. children which had been negligible when we were kids had jumped to 12.8% in the 1980s, then to 54% by 2011 .
[U0087] More than one in two American children in the 2011 survey had a diagnosed chronic health condition such as an autoimmune disorder, diabetes or obesity, a neurodevelopmental disorder, or a mood or behavioral disorder.
[U0090] But after embarking on the world’s most aggressive vaccination program, the U.S. had twice as many first-day infant deaths as all 27 EU nations combined .",substantive,The rate of chronic health conditions among children has increased significantly since the introduction of aggressive vaccination schedules.,,The dispute is whether there is a significant increase in chronic health conditions linked to vaccination schedules.,Statistical data showing a rise in chronic health conditions post-vaccination schedule changes. | Comparative studies of health conditions in vaccinated vs. unvaccinated children.,Data showing no significant change in chronic health conditions over the same period. | Studies indicating that vaccination schedules do not correlate with health outcomes.,Evidence suggesting that the increase in chronic health conditions is due to factors other than vaccination.,Chronic health condition statistics | Vaccination schedule timelines,Citing general health trends without specific links to vaccination schedules. | Discussing chronic health conditions without vaccination context.,,mixed_sources,mixed_sources,Chronic health conditions children | Vaccination schedule impact | Health statistics trends,,Ensure evidence directly correlates vaccination schedules with health outcomes.,true
CF1-F03,3,Profile R,model,completed,,"Efforts to suppress information about vaccine risks and injuries are widespread, including censorship of public discussions.",pillar,endorsed,Local community experiences,high,Censorship in public health discussions,Censorship and suppression of vaccine-related information is prevalent.,U0049 | U0051 | U0055 | U0062 | U0155,"[U0049] The effort to suppress the film only gave it more publicity and heightened public interest.
[U0051] A tsunami of parents started speaking out about their own children’s vaccine injuries.
[U0055] Within 24 hours of the film being announced, the screening which had been planned over months was canceled.
[U0062] Self-appointed community gatekeeper Owen Rowe demonstrated the epitome of the angry zealotry that Siri describes.
[U0155] The reason: correlation does not imply causation.”",substantive,"Efforts to suppress information about vaccine risks and injuries are widespread, including censorship of public discussions.",,The dispute is whether there is widespread censorship regarding vaccine risks and injuries.,Documented instances of censorship related to vaccine discussions. | Testimonies from individuals affected by censorship.,Evidence showing that public discussions about vaccine risks are freely conducted. | Official statements from health authorities denying censorship.,Evidence indicating that censorship is limited to specific platforms or contexts.,Instances of censorship | Public discussions on vaccine risks,General discussions about vaccines without specific censorship examples. | Proving that vaccine risks exist without addressing censorship.,,mixed_sources,mixed_sources,Vaccine censorship | Public health discussions | Information suppression,,Focus on direct evidence of censorship related to vaccine discussions.,true
CF1-F03,3,Profile R,model,completed,,The increase in vaccine doses administered to children correlates with a rise in chronic health issues.,qualification,reported,Statistical health data,medium,Correlation between vaccine doses and health issues,Vaccine injury and chronic health conditions are rising among children.,U0086 | U0087,"[U0086] It was a rude awakening, especially for those of us in the Baby Boomer generation, to learn that the chronic illness rate in U.S. children which had been negligible when we were kids had jumped to 12.8% in the 1980s, then to 54% by 2011 .
[U0087] More than one in two American children in the 2011 survey had a diagnosed chronic health condition such as an autoimmune disorder, diabetes or obesity, a neurodevelopmental disorder, or a mood or behavioral disorder.",substantive,The increase in vaccine doses administered to children correlates with a rise in chronic health issues.,,The dispute is whether there is a correlation between vaccine doses and chronic health issues.,Statistical analysis showing correlation between vaccine doses and health issues. | Comparative studies of health outcomes in relation to vaccination rates.,Data showing no correlation between the number of vaccine doses and chronic health issues. | Studies indicating that health issues are unrelated to vaccination.,Evidence suggesting that correlation exists only in specific populations or under certain conditions.,Vaccine dose statistics | Chronic health issue data,Citing general health trends without specific links to vaccination doses. | Discussing health issues without vaccination context.,,mixed_sources,mixed_sources,Vaccine doses health correlation | Chronic health issues children | Vaccination rates,,Ensure evidence directly correlates vaccine doses with health outcomes.,true
CF1-F03,3,Profile R,model,completed,,Parents who choose not to vaccinate their children are often highly educated and scientifically literate.,pillar_support,reported,Aaron Siri,medium,Demographics of vaccine-hesitant parents,Public health authorities manipulate data regarding vaccine safety.,U0021,"[U0021] • Parents who do not vaccinate. Parents who choose to forego vaccines, he says, are not only highly educated, but “often scientifically literate. Many are medical professionals. Leading scientists.” He quotes vaccine promoter Emily Brunson, PhD, who acknowledges: “When you look at hesitancy in the U.S., the group who is most likely to purposefully choose to not vaccinate are highly educated. In speaking with them, these are people who have read the primary literature themselves, and they’re correctly interpreting it.”",substantive,Parents who choose not to vaccinate their children are often highly educated and scientifically literate.,,The dispute is whether vaccine-hesitant parents are predominantly highly educated.,Surveys showing educational backgrounds of vaccine-hesitant parents. | Studies linking education levels to vaccine hesitancy.,Data indicating that vaccine-hesitant parents have varied educational backgrounds. | Research showing no correlation between education and vaccine hesitancy.,Evidence suggesting that education level is only one of many factors influencing vaccine hesitancy.,Educational background data | Vaccine hesitancy statistics,General statements about parents without specific educational data. | Discussing vaccine hesitancy without addressing education levels.,,mixed_sources,mixed_sources,Vaccine hesitancy education | Demographics of vaccine-hesitant parents | Education levels,,Focus on direct evidence linking education to vaccine hesitancy.,true
CF1-F03,3,Profile R,model,completed,,"The CDC has conducted studies that were later found to be fraudulent, particularly regarding vaccine safety.",pillar_support,endorsed,Various whistleblowers and critics,medium,Fraudulent studies by the CDC,Public health authorities manipulate data regarding vaccine safety.,U0037 | U0038 | U0040 | U0041 | U0043 | U0344 | U0345,"[U0037] Senior CDC scientist turned whistleblower William Thompson revealed privately in 2014 that data linking the MMR vaccine (measles/mumps/rubella) to autism had been manipulated by the agency ten years earlier.
[U0038] When top CDC officials learned that their 2004 study results showed a dramatic increase in autism after MMR vaccinations, they’d ordered Thompson and other scientists to destroy all evidence.
[U0040] Ultimately, the only way they could eliminate the evident risk was to eliminate from the study the groups of children most likely to regress into autism following their shot.
[U0041] The fraudulent, re-worked study was then released to declare that it had proven MMR vaccines did not cause autism.
[U0043] He would reveal them a decade later, conscience-stricken over the likely damage in ongoing vaccine injury the cover-up was causing.
[U0344] Instead the CDC “massaged” the data and in 2003 released a reworked, fraudulent version of the study loudly trumpeting that thimerosal did not cause autism and other neurodevelomental problems.
[U0345] It’s the same playbook that CDC whistleblower William Thompson exposed decades later regarding the CDC’s study of the MMR vaccine and autism.",substantive,"The CDC has conducted studies that were later found to be fraudulent, particularly regarding vaccine safety.",,The dispute is whether the CDC's studies on vaccine safety were fraudulent.,Evidence of fraudulent practices in CDC studies on vaccine safety. | Whistleblower testimonies confirming study misconduct.,Official CDC reports denying any fraudulent activity in their studies. | Independent reviews confirming the integrity of CDC studies.,Evidence indicating that fraud was limited to specific studies rather than a systemic issue.,CDC study data | Fraudulent practices evidence,Restating the claim without new evidence. | Proving the existence of CDC studies without addressing their integrity.,,mixed_sources,mixed_sources,CDC fraudulent studies | Vaccine safety research | Whistleblower evidence,,Ensure evidence directly addresses the integrity of CDC studies.,true
CF1-F03,3,Profile R,model,completed,,"Thimerosal, a mercury-based preservative, was removed from most childhood vaccines due to safety concerns, but is still present in some flu shots.",pillar_support,endorsed,Public health guidelines,medium,Presence of thimerosal in vaccines,Vaccines contain harmful substances that pose risks to children.,U0360 | U0375,"[U0360] It is still used in some flu shots and other vaccines.
[U0375] In the UK, Denmark, Austria, Japan, Russia, and all Scandinavian countries, vaccine makers are not permitted to use thimerosal in any childhood vaccines, including flu shots.",substantive,"Thimerosal, a mercury-based preservative, was removed from most childhood vaccines due to safety concerns, but is still present in some flu shots.",,The dispute is whether thimerosal is still present in some vaccines and the reasons for its removal.,Documentation of thimerosal's removal from childhood vaccines. | Evidence showing its continued presence in flu shots.,Official health guidelines stating that thimerosal is no longer used in any vaccines. | Research indicating that thimerosal poses no safety concerns.,Evidence suggesting that thimerosal's presence is limited to specific vaccines or formulations.,Thimerosal presence in vaccines | Health guidelines on thimerosal,General discussions about thimerosal without specific vaccine context. | Proving thimerosal's toxicity without addressing its use in vaccines.,,mixed_sources,mixed_sources,Thimerosal vaccine safety | Mercury in vaccines | Vaccine formulations,,Focus on direct evidence of thimerosal's presence in vaccines.,true
CF1-F03,4,Profile R,model,completed,,"Half of American school children are not fully vaccinated, and at least 1 in 88 toddlers are completely unvaccinated.",pillar,reported,CDC data,high,"United States, current vaccination rates",Public Health Claims,U0002,"[U0002] “According to the CDC and public health authorities, parents who choose not to vaccinate their children are typically highly educated. CDC data reflect that half of American school children are not fully vaccinated, and at least 1 in 88 toddlers are completely unvaccinated. Why would the parents of these children, comprising a large part of the nation’s brain trust, choose not to vaccinate their children?”",substantive,"Half of American school children are not fully vaccinated, and at least 1 in 88 toddlers are completely unvaccinated.",,The dispute is whether the vaccination rates reported by the CDC are accurate.,Evidence showing that CDC vaccination statistics confirm that half of American school children are not fully vaccinated. | Data indicating that at least 1 in 88 toddlers are completely unvaccinated.,Evidence showing that less than half of American school children are fully vaccinated. | Data indicating that more than 1 in 88 toddlers are fully vaccinated.,Data showing that the vaccination rates vary significantly by region or demographic.,CDC vaccination statistics | Population of American school children | Current vaccination rates | Measurement of vaccination status in toddlers,Restating the claim without providing statistical evidence from the CDC. | Discussing vaccination rates in a different country or population. | Providing anecdotal evidence without statistical backing.,,primary_article_result,primary_article_result,CDC vaccination statistics | American school children vaccination rates | toddlers vaccination status,,Ensure that the data is current and accurately reflects the population in question.,true
CF1-F03,4,Profile R,model,completed,,The 1986 National Childhood Vaccine Injury Act removed all liability from drug companies for childhood vaccines they produced.,pillar,endorsed,U.S. Congress,high,U.S. vaccine legislation history,Vaccine Safety,U0070,"[U0070] Bowing to the pressure, in 1986 Congress removed all liability from drug companies for childhood vaccines they produced.",substantive,The 1986 National Childhood Vaccine Injury Act removed all liability from drug companies for childhood vaccines they produced.,,The dispute is whether the Act indeed removed all liability from drug companies.,Evidence from the text of the 1986 National Childhood Vaccine Injury Act confirming the removal of liability. | Historical analysis showing the impact of the Act on drug company liability.,Evidence showing that drug companies retain some liability for childhood vaccines under the Act.,Evidence indicating that liability may still exist under certain conditions or for specific vaccines.,Text of the 1986 National Childhood Vaccine Injury Act | Historical context of vaccine liability in the U.S.,Restating the claim without providing the actual text of the Act. | Discussing vaccine liability in a different context or country.,,named_work_result,named_work_result,1986 National Childhood Vaccine Injury Act | vaccine liability history,NW001,Verify the interpretation of the Act and its implications on liability.,true
CF1-F03,4,Profile R,model,completed,,Public health authorities have engaged in censorship to suppress information that challenges the vaccine narrative.,pillar,endorsed,Article's analysis of local censorship incidents,high,Local public health discourse,Censorship and Control,U0063 | U0156 | U0158,"[U0063] By threatening Friedman and the Rose Theatre, he’d eliminated the heinous possibility of people being exposed to information that challenged his beliefs — effectively demanding censorship to squelch independent thinking.
[U0156] Once again, allowing people to consider varied perspectives and then make up their own minds was not permitted.
[U0158] This censorship was applied even when we submitted letters to the editor about vaccines.",substantive,Public health authorities have engaged in censorship to suppress information that challenges the vaccine narrative.,,The dispute is whether there is documented evidence of censorship by public health authorities.,Documented instances of censorship by public health authorities regarding vaccine information. | Analysis showing a pattern of suppression of dissenting views on vaccines.,Evidence showing that public health authorities have not engaged in censorship regarding vaccine information.,Evidence indicating that censorship may vary by region or specific public health authorities.,Instances of censorship | Public health authorities' actions | Documentation of suppressed information,Restating the claim without providing specific examples of censorship. | Discussing censorship in unrelated contexts.,,mixed_sources,mixed_sources,censorship in public health | vaccine narrative suppression,,Ensure that the examples of censorship are credible and well-documented.,true
CF1-F03,4,Profile R,model,completed,,The CDC manipulated data linking the MMR vaccine to autism and ordered the destruction of evidence.,pillar,endorsed,"William Thompson, CDC whistleblower",high,CDC's handling of MMR vaccine data,Public Health Claims,U0037 | U0038,"[U0037] Senior CDC scientist turned whistleblower William Thompson revealed privately in 2014 that data linking the MMR vaccine (measles/mumps/rubella) to autism had been manipulated by the agency ten years earlier.
[U0038] When top CDC officials learned that their 2004 study results showed a dramatic increase in autism after MMR vaccinations, they’d ordered Thompson and other scientists to destroy all evidence.",substantive,The CDC manipulated data linking the MMR vaccine to autism and ordered the destruction of evidence.,"William Thompson, CDC whistleblower",The dispute is whether the CDC's actions regarding the MMR vaccine data are substantiated.,Evidence from whistleblower claims corroborating the manipulation of data by the CDC. | Documentation showing orders to destroy evidence related to the MMR vaccine.,Evidence showing that the CDC did not manipulate data or order destruction of evidence.,Evidence indicating that the manipulation of data was limited to specific studies or circumstances.,Whistleblower testimony | CDC internal documents | Data linking MMR vaccine to autism,Restating the claim without providing corroborating evidence from the whistleblower. | Discussing unrelated vaccine controversies.,"A source only repeats or reports the statement the article already stipulates, without independent evidence about: The CDC manipulated data linking the MMR vaccine to autism and ordered the destruction of evidence.",mixed_sources,mixed_sources,CDC MMR vaccine data manipulation | whistleblower evidence,,Verify the credibility of the whistleblower's claims and the context of the evidence.,true
CF1-F03,4,Profile R,model,completed,,"Vaccines are linked to a rise in chronic health conditions in children, with rates of chronic illness increasing from 12.8% in the 1980s to 54% by 2011.",pillar,endorsed,Article's analysis of health statistics,high,U.S. childhood health statistics,Vaccine Safety,U0086,"[U0086] It was a rude awakening, especially for those of us in the Baby Boomer generation, to learn that the chronic illness rate in U.S. children which had been negligible when we were kids had jumped to 12.8% in the 1980s, then to 54% by 2011 .",substantive,"Vaccines are linked to a rise in chronic health conditions in children, with rates of chronic illness increasing from 12.8% in the 1980s to 54% by 2011.",,The dispute is whether the increase in chronic health conditions is indeed linked to vaccines.,Statistical evidence showing the rise in chronic health conditions in children over the specified period. | Analysis linking the increase in chronic illnesses to vaccination rates.,Evidence showing that chronic health conditions have not increased or are unrelated to vaccines.,Evidence indicating that the rise in chronic conditions may be due to other factors.,Chronic health condition statistics | Vaccination rates over time | Analysis of health trends in children,Restating the claim without providing statistical evidence. | Discussing chronic health conditions in adults.,,primary_article_result,primary_article_result,chronic health conditions in children | vaccination rates and health statistics,,Ensure that the data is comprehensive and accurately reflects the population in question.,true
CF1-F03,4,Profile R,model,completed,,The CDC's claim that thimerosal in vaccines is not harmful contradicts evidence showing it is neurotoxic and linked to autism.,pillar,endorsed,Material Safety Data Sheet for thimerosal,high,Thimerosal's effects on health,Vaccine Safety,U0301 | U0310,"[U0301] “[Thimerosal] is toxic… Mutagenic in mammalian cells.“
[U0310] Contrary to our health department’s claim, it is highly neurotoxic — dangerous enough to cause “decreased offspring survival” as Eli Lilly was required by law to disclose in its Material Safety Data Sheet for thimerosal.",substantive,The CDC's claim that thimerosal in vaccines is not harmful contradicts evidence showing it is neurotoxic and linked to autism.,,The dispute is whether thimerosal is indeed harmful and linked to autism.,Evidence from studies showing thimerosal's neurotoxicity and its link to autism. | Documentation of the CDC's claims regarding thimerosal.,Evidence showing that thimerosal is safe and not linked to autism.,Evidence indicating that the harmful effects of thimerosal may vary by dosage or exposure.,Studies on thimerosal's effects | CDC statements on thimerosal | Link between thimerosal and autism,Restating the claim without providing scientific evidence. | Discussing thimerosal in unrelated contexts.,,mixed_sources,mixed_sources,thimerosal neurotoxicity | CDC thimerosal claims,,Ensure that the studies cited are peer-reviewed and credible.,true
CF1-F03,4,Profile R,model,completed,,The CDC has classified thimerosal-containing vaccines as hazardous waste due to their mercury content.,pillar,endorsed,EPA classification,high,CDC and EPA regulations on vaccine waste,Vaccine Safety,U0370,"[U0370] Thimerosal as a Vaccine Preservative , a summary prepared in 2025 for the CDC’s Advisory Committee for Immunization Practices (ACIP), notes that “thimerosal-containing vaccines exceed the TCLP threshold by orders of magnitude and are classified as D009 Hazardous Waste.”",substantive,The CDC has classified thimerosal-containing vaccines as hazardous waste due to their mercury content.,,The dispute is whether thimerosal-containing vaccines are indeed classified as hazardous waste.,Documentation from the CDC confirming the classification of thimerosal-containing vaccines as hazardous waste. | Evidence showing the criteria for hazardous waste classification.,Evidence showing that thimerosal-containing vaccines are not classified as hazardous waste.,Evidence indicating that the classification may depend on specific conditions or regulations.,CDC classification documents | Criteria for hazardous waste | Thimerosal content in vaccines,Restating the claim without providing official documentation. | Discussing hazardous waste in unrelated contexts.,,primary_article_result,primary_article_result,CDC hazardous waste classification | thimerosal vaccines,,Verify the accuracy of the classification and the context in which it applies.,true
CF1-F03,4,Profile R,model,completed,,"Parents who choose not to vaccinate are often highly educated and scientifically literate, including medical professionals.",pillar,reported,Aaron Siri's observations,medium,Demographics of vaccine-hesitant parents,Public Health Claims,U0021,"[U0021] • Parents who do not vaccinate. Parents who choose to forego vaccines, he says, are not only highly educated, but “often scientifically literate. Many are medical professionals. Leading scientists.” He quotes vaccine promoter Emily Brunson, PhD, who acknowledges: “When you look at hesitancy in the U.S., the group who is most likely to purposefully choose to not vaccinate are highly educated. In speaking with them, these are people who have read the primary literature themselves, and they’re correctly interpreting it.”",substantive,"Parents who choose not to vaccinate are often highly educated and scientifically literate, including medical professionals.",,The dispute is whether the demographic profile of vaccine-hesitant parents is accurately represented.,Survey data showing that a significant proportion of vaccine-hesitant parents are highly educated and scientifically literate. | Evidence indicating that many vaccine-hesitant parents are medical professionals.,Evidence showing that vaccine-hesitant parents are not typically highly educated or scientifically literate.,Evidence indicating that the demographic profile may vary by region or community.,Demographic studies on vaccine-hesitant parents | Education levels of parents | Profession of vaccine-hesitant parents,Restating the claim without providing statistical evidence. | Discussing vaccine hesitancy in unrelated contexts.,,primary_article_result,primary_article_result,vaccine hesitancy demographics | education levels of parents,,Ensure that the survey data is representative and accurately reflects the population in question.,true
CF1-F03,5,Profile R,model,completed,,"Half of American school children are not fully vaccinated, and at least 1 in 88 toddlers are completely unvaccinated.",pillar,reported,CDC data,high,"United States, current vaccination rates",Public Health Claims,U0002,"[U0002] “According to the CDC and public health authorities, parents who choose not to vaccinate their children are typically highly educated. CDC data reflect that half of American school children are not fully vaccinated, and at least 1 in 88 toddlers are completely unvaccinated. Why would the parents of these children, comprising a large part of the nation’s brain trust, choose not to vaccinate their children?”",substantive,"Half of American school children are not fully vaccinated, and at least 1 in 88 toddlers are completely unvaccinated.",,The dispute is whether the vaccination rates reported by the CDC are accurate.,Evidence shows that at least 50% of American school children are not fully vaccinated according to CDC data. | Data indicates that 1 in 88 toddlers are completely unvaccinated.,Evidence shows that less than 50% of American school children are not fully vaccinated according to CDC data. | Data indicates that more than 1 in 88 toddlers are completely vaccinated.,The claim is true only for a specific region or demographic within the United States.,CDC vaccination statistics | Current vaccination rates among American school children | Proportion of unvaccinated toddlers in the U.S.,Restating the claim without providing CDC data verification. | Discussing vaccination rates in a different country or region. | Using outdated vaccination statistics.,,primary_article_result,primary_article_result,CDC vaccination statistics | American school children vaccination rates | unvaccinated toddlers statistics,,,true
CF1-F03,5,Profile R,model,completed,,The 1986 National Childhood Vaccine Injury Act removed all liability from drug companies for childhood vaccines.,pillar,endorsed,U.S. Congress,high,U.S. vaccine legislation history,Vaccine Safety,U0070,"[U0070] Bowing to the pressure, in 1986 Congress removed all liability from drug companies for childhood vaccines they produced.",substantive,The 1986 National Childhood Vaccine Injury Act removed all liability from drug companies for childhood vaccines.,,The dispute is whether the 1986 Act indeed removed all liability from drug companies.,Evidence from the text of the 1986 National Childhood Vaccine Injury Act confirms that liability was removed. | Historical analysis shows that drug companies are not liable for vaccine injuries under the 1986 Act.,Evidence shows that drug companies retain some liability for childhood vaccines under the 1986 Act.,The claim is true only for specific types of vaccines or under certain conditions.,Text of the 1986 National Childhood Vaccine Injury Act | Legal interpretations of the Act regarding liability,Restating the claim without providing legal text verification. | Discussing vaccine liability in a different context or country.,,named_work_result,named_work_result,1986 National Childhood Vaccine Injury Act | vaccine liability history,NW001,,true
CF1-F03,5,Profile R,model,completed,,Public health authorities have engaged in censorship to suppress information that challenges the vaccine narrative.,pillar,endorsed,Local community experiences,medium,Local censorship incidents,Censorship and Control,U0062 | U0063 | U0156 | U0158 | U0160,"[U0062] Self-appointed community gatekeeper Owen Rowe demonstrated the epitome of the angry zealotry that Siri describes.
[U0063] By threatening Friedman and the Rose Theatre, he’d eliminated the heinous possibility of people being exposed to information that challenged his beliefs — effectively demanding censorship to squelch independent thinking.
[U0156] Once again, allowing people to consider varied perspectives and then make up their own minds was not permitted.
[U0158] This censorship was applied even when we submitted letters to the editor about vaccines.
[U0160] Stephen Schumacher (also a PTFP co-editor now) would experience the same censorship several years later regarding the experimental mRNA Covid vaccines.",both_needed,Public health authorities have engaged in censorship to suppress information that challenges the vaccine narrative.,,The dispute involves both the occurrence of censorship and the truth of the claim regarding public health authorities.,Evidence of specific instances where public health authorities censored information about vaccines. | Documentation of community experiences that illustrate censorship related to vaccine discussions.,Evidence shows that public health authorities have not engaged in censorship regarding vaccine information.,Censorship is limited to specific instances or regions rather than a widespread practice.,Instances of censorship by public health authorities | Documentation of community responses to vaccine information,Restating the claim without providing specific examples of censorship. | Discussing censorship in unrelated contexts or topics.,,mixed_sources,mixed_sources,censorship by public health authorities | vaccine narrative suppression | community censorship experiences,,,true
CF1-F03,5,Profile R,model,completed,,The CDC manipulated data linking the MMR vaccine to autism and ordered the destruction of evidence.,pillar,endorsed,"William Thompson, CDC whistleblower",high,CDC's historical data manipulation,Public Health Claims,U0037 | U0038,"[U0037] Senior CDC scientist turned whistleblower William Thompson revealed privately in 2014 that data linking the MMR vaccine (measles/mumps/rubella) to autism had been manipulated by the agency ten years earlier.
[U0038] When top CDC officials learned that their 2004 study results showed a dramatic increase in autism after MMR vaccinations, they’d ordered Thompson and other scientists to destroy all evidence.",substantive,The CDC manipulated data linking the MMR vaccine to autism and ordered the destruction of evidence.,,The dispute is whether the CDC actually manipulated data and ordered evidence destruction.,Evidence from whistleblower accounts confirming data manipulation by the CDC. | Documentation of orders to destroy evidence related to MMR vaccine studies.,Evidence shows that the CDC did not manipulate data or order evidence destruction.,The claim is true only for specific studies or under certain conditions.,Whistleblower accounts from CDC | Documentation of CDC's internal communications regarding MMR vaccine data,Restating the claim without providing specific evidence of manipulation. | Discussing unrelated vaccine studies or data.,,mixed_sources,mixed_sources,CDC data manipulation | MMR vaccine autism evidence | whistleblower accounts,,,true
CF1-F03,5,Profile R,model,completed,,"Vaccines are linked to a rise in chronic health conditions in children, with rates of chronic illness increasing from 12.8% in the 1980s to 54% by 2011.",pillar,endorsed,2011 survey data,high,U.S. childhood health statistics,Vaccine Safety,U0086 | U0087,"[U0086] It was a rude awakening, especially for those of us in the Baby Boomer generation, to learn that the chronic illness rate in U.S. children which had been negligible when we were kids had jumped to 12.8% in the 1980s, then to 54% by 2011 .
[U0087] More than one in two American children in the 2011 survey had a diagnosed chronic health condition such as an autoimmune disorder, diabetes or obesity, a neurodevelopmental disorder, or a mood or behavioral disorder.",substantive,"Vaccines are linked to a rise in chronic health conditions in children, with rates of chronic illness increasing from 12.8% in the 1980s to 54% by 2011.",,The dispute is whether there is a causal link between vaccines and the rise in chronic health conditions.,Evidence shows that chronic illness rates in children increased from 12.8% in the 1980s to 54% by 2011. | Data correlating vaccine rates with chronic health conditions in children.,Evidence shows that chronic illness rates in children did not increase as stated or are unrelated to vaccines.,The claim is true only for specific types of chronic conditions or demographics.,Chronic illness statistics for U.S. children | Vaccination rates over the same period,Restating the claim without providing specific health statistics verification. | Discussing chronic illness rates in adults or unrelated populations.,,primary_article_result,primary_article_result,chronic health conditions in children | vaccination rates and health statistics | U.S. childhood health survey data,,,true
CF1-F03,5,Profile R,model,completed,,The CDC's claim that thimerosal is not harmful is contradicted by evidence showing it is neurotoxic and linked to autism.,pillar,endorsed,Material Safety Data Sheet for thimerosal,high,Thimerosal's effects on health,Vaccine Safety,U0301 | U0310,"[U0301] “[Thimerosal] is toxic… Mutagenic in mammalian cells.“
[U0310] Contrary to our health department’s claim, it is highly neurotoxic — dangerous enough to cause “decreased offspring survival” as Eli Lilly was required by law to disclose in its Material Safety Data Sheet for thimerosal.",substantive,The CDC's claim that thimerosal is not harmful is contradicted by evidence showing it is neurotoxic and linked to autism.,,The dispute is whether thimerosal is indeed harmful and linked to autism.,Evidence from studies showing thimerosal's neurotoxicity and its link to autism. | Documentation from Material Safety Data Sheets indicating thimerosal's harmful effects.,Evidence shows that thimerosal is not harmful or linked to autism.,The claim is true only for specific populations or under certain conditions.,Studies on thimerosal's effects | Material Safety Data Sheets for thimerosal,Restating the claim without providing specific evidence of thimerosal's effects. | Discussing unrelated substances or vaccines.,,mixed_sources,mixed_sources,thimerosal neurotoxicity | thimerosal autism link | Material Safety Data Sheet for thimerosal,,,true
CF1-F03,5,Profile R,model,completed,,The CDC has classified thimerosal-containing vaccines as hazardous waste due to their mercury content.,pillar,endorsed,EPA guidelines,high,Regulatory classification of vaccine waste,Vaccine Safety,U0370,"[U0370] Thimerosal as a Vaccine Preservative , a summary prepared in 2025 for the CDC’s Advisory Committee for Immunization Practices (ACIP), notes that “thimerosal-containing vaccines exceed the TCLP threshold by orders of magnitude and are classified as D009 Hazardous Waste.”",substantive,The CDC has classified thimerosal-containing vaccines as hazardous waste due to their mercury content.,,The dispute is whether thimerosal-containing vaccines are classified as hazardous waste.,Evidence from CDC guidelines confirming the classification of thimerosal-containing vaccines as hazardous waste. | Documentation of mercury content in thimerosal and its implications.,Evidence shows that thimerosal-containing vaccines are not classified as hazardous waste.,The claim is true only under specific regulatory conditions.,CDC guidelines on hazardous waste | Mercury content in thimerosal-containing vaccines,Restating the claim without providing specific regulatory documentation. | Discussing unrelated waste classifications.,,primary_article_result,primary_article_result,thimerosal hazardous waste classification | CDC guidelines on vaccine waste | mercury in vaccines,,,true
CF1-F03,5,Profile R,model,completed,,"Parents who choose not to vaccinate are often highly educated and scientifically literate, including medical professionals.",pillar_support,reported,Aaron Siri,medium,Demographics of vaccine-hesitant parents,Public Health Claims,U0021,"[U0021] • Parents who do not vaccinate. Parents who choose to forego vaccines, he says, are not only highly educated, but “often scientifically literate. Many are medical professionals. Leading scientists.” He quotes vaccine promoter Emily Brunson, PhD, who acknowledges: “When you look at hesitancy in the U.S., the group who is most likely to purposefully choose to not vaccinate are highly educated. In speaking with them, these are people who have read the primary literature themselves, and they’re correctly interpreting it.”",substantive,"Parents who choose not to vaccinate are often highly educated and scientifically literate, including medical professionals.",,The dispute is whether vaccine-hesitant parents are indeed highly educated and scientifically literate.,Evidence from surveys showing that a significant proportion of vaccine-hesitant parents are highly educated. | Documentation of the educational backgrounds of parents who choose not to vaccinate.,Evidence shows that vaccine-hesitant parents are not highly educated or scientifically literate.,The claim is true only for specific demographics or regions.,Survey data on vaccine-hesitant parents | Educational background statistics of non-vaccinating parents,Restating the claim without providing specific educational data verification. | Discussing unrelated demographics or populations.,,primary_article_result,primary_article_result,vaccine-hesitant parents education | demographics of non-vaccinating parents | survey data on vaccine hesitancy,,,true
