fixture,repeat,profile,origin,runStatus,failureClass,propositionCore,claimText,articleRole,articleUse,assertionSource,assertionSourceKind,assertionSourceName,ifSupportedEffect,ifRefutedEffect,scoreTransformCheck,expectedTransform,transformConsistent,materiality,scope,relatedPillarLabels,sourceUnitIds,groundingText,verificationTarget,disputedProposition,stipulatedByArticle,whyThisTarget,warrant,supportCriteria,refuteCriteria,qualifyCriteria,mustMatch,rejectIfOnly_model,rejectIfOnly_host,sourceStrategy_emitted,sourceStrategy_resolved,searchConcepts,relevantNamedWorkIds,cautions,packageValid
CF1-F03,1,Set B,model,completed,,,"According to the CDC, half of American school children are not fully vaccinated, and at least 1 in 88 toddlers are completely unvaccinated.",pillar,reported,CDC,,,,,,unresolved,,high,American school children and toddlers.,Public Health Claims,U0002,"[U0002] “According to the CDC and public health authorities, parents who choose not to vaccinate their children are typically highly educated. CDC data reflect that half of American school children are not fully vaccinated, and at least 1 in 88 toddlers are completely unvaccinated. Why would the parents of these children, comprising a large part of the nation’s brain trust, choose not to vaccinate their children?”",substantive,"According to the CDC, half of American school children are not fully vaccinated, and at least 1 in 88 toddlers are completely unvaccinated.",The CDC reported vaccination rates among American school children and toddlers.,The dispute is whether the reported vaccination rates are accurate.,,Statistical data from the CDC confirming the vaccination rates among American school children and toddlers.,Statistical data from the CDC or other credible sources showing different vaccination rates.,Data showing a different percentage of unvaccinated children or toddlers.,Access to CDC vaccination data and reports on American school children and toddlers.,General statements about vaccination rates without specific data from the CDC.,"A source only repeats or reports the statement the article already stipulates, without independent evidence about: According to the CDC, half of American school children are not fully vaccinated, and at least 1 in 88 tod",primary_article_result,independent_corroboration,CDC vaccination rates | American school children vaccination | toddlers vaccination rates,,Ensure the data is current and accurately reflects the population in question.,true
CF1-F03,1,Set B,host_pillar_backfill,completed,,,"There is a rising trend of parents seeking vaccine exemptions for their children, indicating growing skepticism towards vaccination.",pillar,unclear,article,,,,,,unresolved,,medium,"There is a rising trend of parents seeking vaccine exemptions for their children, indicating growing skepticism towards vaccination.",Vaccine Exemptions,U0014,"[U0014] Along with reduction in vaccine uptake, there is also a rise in the rate of parents seeking vaccine exemptions for their children.",substantive,"There is a rising trend of parents seeking vaccine exemptions for their children, indicating growing skepticism towards vaccination.",The article states there is a rise in vaccine exemptions sought by parents.,The dispute is whether the trend of seeking vaccine exemptions is indeed rising and reflects skepticism.,,Statistical evidence showing an increase in vaccine exemption requests over a specified period.,Data showing a decrease or no change in vaccine exemption requests.,Evidence indicating that the rise in exemptions is due to reasons other than skepticism towards vaccination.,Access to records of vaccine exemption requests from health departments or schools.,A general statement about vaccine exemptions without specific data.,"A source only repeats or reports the statement the article already stipulates, without independent evidence about: There is a rising trend of parents seeking vaccine exemptions for their children, indicating growing skep",independent_corroboration,independent_corroboration,vaccine exemptions trend | parents seeking vaccine exemptions | skepticism towards vaccination,,Ensure the data is from a reliable source and accurately reflects the population in question.,true
CF1-F03,1,Set B,model,completed,,,"The CDC manipulated data linking the MMR vaccine to autism, as revealed by whistleblower William Thompson.",pillar,reported,William Thompson,,,,,,unresolved,,high,CDC's handling of MMR vaccine data.,Thimerosal and Aluminum Concerns,U0037 | U0041,"[U0037] Senior CDC scientist turned whistleblower William Thompson revealed privately in 2014 that data linking the MMR vaccine (measles/mumps/rubella) to autism had been manipulated by the agency ten years earlier.
[U0041] The fraudulent, re-worked study was then released to declare that it had proven MMR vaccines did not cause autism.",substantive,"The CDC manipulated data linking the MMR vaccine to autism, as revealed by whistleblower William Thompson.",William Thompson's claims about CDC data manipulation are reported.,The dispute is whether the CDC actually manipulated the data as claimed.,,Access to original data and documents related to the MMR vaccine study that show manipulation.,Evidence showing that the data was not manipulated or that the conclusions drawn from it are valid.,"Evidence indicating that while data manipulation may have occurred, it did not affect the overall conclusions about vaccine safety.",Access to internal CDC documents or independent analyses of the MMR vaccine data.,Statements from the article without access to the original data or documents.,"A source only repeats or reports the statement the article already stipulates, without independent evidence about: The CDC manipulated data linking the MMR vaccine to autism, as revealed by whistleblower William Thompson",mixed_sources,mixed_sources,CDC MMR vaccine data manipulation | William Thompson whistleblower | MMR vaccine autism study,,Ensure that the evidence is independent and not solely based on the article's claims.,true
CF1-F03,1,Set B,model,completed,,,The rise in SIDS cases coincided with the introduction of mass vaccination programs in the U.S.,pillar_support,reported,Neil Z. Miller,,,,,,unresolved,,high,SIDS cases in the U.S. post-vaccination program introduction.,SIDS and Vaccination,U0187 | U0194,"[U0187] “Prior to the introduction of organized vaccination programs, ‘crib death’ was so rare that it was not mentioned in infant mortality statistics… By 1972, SIDS had become the leading cause of post-neonatal mortality (infant deaths occurring between 28 days and 1 year of life) in the United States.”
[U0194] SIDS is the most extreme example of how vaccines can sometimes overwhelm a child’s immune system.",substantive,The rise in SIDS cases coincided with the introduction of mass vaccination programs in the U.S.,The article states that SIDS cases rose with vaccination programs.,The dispute is whether the rise in SIDS is causally linked to vaccination programs.,,Historical data showing the timeline of SIDS cases and vaccination program introductions.,Data showing that SIDS rates did not rise or that other factors contributed to the rise.,Evidence indicating that the rise in SIDS cases is due to factors unrelated to vaccination.,Access to historical health data on SIDS and vaccination timelines.,General statements about SIDS without specific data or timelines.,"A source only repeats or reports the statement the article already stipulates, without independent evidence about: The rise in SIDS cases coincided with the introduction of mass vaccination programs in the U.S.",mixed_sources,mixed_sources,SIDS rates | vaccination programs introduction | SIDS and vaccination correlation,,Ensure the data is comprehensive and accurately reflects the historical context.,true
CF1-F03,1,Set B,model,completed,,,"Aluminum in vaccines is linked to various health issues, including brain damage and autism.",pillar,reported,Research findings,,,,,,unresolved,,high,Health issues related to aluminum exposure from vaccines.,Thimerosal and Aluminum Concerns,U0255,"[U0255] Aluminum poisoning has been linked to autism, SIDs, seizures, autoimmune issues, Alzheimers, neurological damage, impaired renal function, demyelinating disorders such as MS, and cancer. [ source ]",substantive,"Aluminum in vaccines is linked to various health issues, including brain damage and autism.",The article reports on research findings linking aluminum to health issues.,The dispute is whether the link between aluminum and these health issues is scientifically valid.,,Research studies demonstrating a causal link between aluminum exposure from vaccines and health issues.,Studies showing no link between aluminum in vaccines and the stated health issues.,"Evidence indicating that while aluminum may be linked to health issues, the connection to vaccines is not established.",Access to relevant research studies on aluminum toxicity and health effects.,General claims about aluminum without specific studies or data.,"A source only repeats or reports the statement the article already stipulates, without independent evidence about: Aluminum in vaccines is linked to various health issues, including brain damage and autism.",independent_corroboration,independent_corroboration,aluminum in vaccines | health issues aluminum exposure | brain damage autism aluminum,,Ensure the studies are peer-reviewed and credible.,true
CF1-F03,1,Set B,model,completed,,,"Thimerosal, a mercury-based preservative in vaccines, is classified as a neurotoxin and has been linked to developmental issues.",pillar,reported,Material Safety Data Sheet,,,,,,unresolved,,high,Thimerosal in vaccines.,Thimerosal and Aluminum Concerns,U0242 | U0255 | U0300 | U0309,"[U0242] “Our calculations show that the levels of aluminum suggested by the currently used limits place infants at risk of acute, repeated, and possibly chronic exposures of toxic levels of aluminum in modern vaccine schedules.”
[U0255] Aluminum poisoning has been linked to autism, SIDs, seizures, autoimmune issues, Alzheimers, neurological damage, impaired renal function, demyelinating disorders such as MS, and cancer. [ source ]
[U0300] THE FACTS / MERCURY:
[U0309] Thimerosal is the trade name for the 50% ethylmercury solution used since the 1930s as a preservative in vaccines.",substantive,"Thimerosal, a mercury-based preservative in vaccines, is classified as a neurotoxin and has been linked to developmental issues.",The article states that Thimerosal is classified as a neurotoxin and linked to issues.,The dispute is whether Thimerosal is indeed a neurotoxin and linked to developmental issues.,,Toxicology reports and studies confirming Thimerosal's neurotoxic classification and its effects.,Evidence showing that Thimerosal is not a neurotoxin or that it does not cause developmental issues.,"Evidence indicating that while Thimerosal may be neurotoxic, its effects are not significant in the context of vaccines.",Access to toxicology reports and studies on Thimerosal.,General statements about Thimerosal without specific studies or data.,"A source only repeats or reports the statement the article already stipulates, without independent evidence about: Thimerosal, a mercury-based preservative in vaccines, is classified as a neurotoxin and has been linked t",mixed_sources,mixed_sources,Thimerosal neurotoxin | Thimerosal developmental issues | Thimerosal vaccine safety,,Ensure the evidence is comprehensive and from credible sources.,true
CF1-F03,1,Set B,model,completed,,,"Parents who choose not to vaccinate their children are often highly educated and scientifically literate, including many medical professionals.",pillar_support,reported,Aaron Siri,,,,,,unresolved,,high,Parents in the U.S. who do not vaccinate.,Public Health Claims,U0021,"[U0021] • Parents who do not vaccinate. Parents who choose to forego vaccines, he says, are not only highly educated, but “often scientifically literate. Many are medical professionals. Leading scientists.” He quotes vaccine promoter Emily Brunson, PhD, who acknowledges: “When you look at hesitancy in the U.S., the group who is most likely to purposefully choose to not vaccinate are highly educated. In speaking with them, these are people who have read the primary literature themselves, and they’re correctly interpreting it.”",substantive,"Parents who choose not to vaccinate their children are often highly educated and scientifically literate, including many medical professionals.",The article claims that non-vaccinating parents are often highly educated.,The dispute is whether this characterization of non-vaccinating parents is accurate.,,Surveys or studies showing the education levels of parents who do not vaccinate.,Data showing that non-vaccinating parents are not highly educated or scientifically literate.,"Evidence indicating that while some non-vaccinating parents are educated, the majority may not be.",Access to surveys or studies on parental education levels and vaccination choices.,General statements about education without specific data.,"A source only repeats or reports the statement the article already stipulates, without independent evidence about: Parents who choose not to vaccinate their children are often highly educated and scientifically literate,",independent_corroboration,independent_corroboration,non-vaccinating parents education | vaccination choices education | scientifically literate parents,,Ensure the data is representative and accurately reflects the population in question.,true
CF1-F03,1,Set B,model,completed,,,A 2011 study found that infants who received the most vaccines had the worst hospitalization and death rates.,pillar_support,reported,Study analysis,,,,,,unresolved,,high,Infants in the U.S. from 1990-2010.,Thimerosal and Aluminum Concerns,U0091,[U0091] An analysis of two decades of U.S. data (1990-2010) showed that infants who received the most vaccines had the worst hospitalization and death rates.,substantive,A 2011 study found that infants who received the most vaccines had the worst hospitalization and death rates.,The article reports on a study's findings regarding hospitalization and death rates.,The dispute is whether the study's findings are valid and accurately reported.,,Access to the original study data and methodology.,Evidence showing that the study's findings are flawed or misinterpreted.,"Evidence indicating that while the study found a correlation, it does not imply causation.",Access to the original study and its methodology.,General claims about hospitalization and death rates without specific study data.,"A source only repeats or reports the statement the article already stipulates, without independent evidence about: A 2011 study found that infants who received the most vaccines had the worst hospitalization and death ra",primary_article_result,independent_corroboration,2011 study vaccines hospitalization death rates | infants vaccines outcomes | vaccination study methodology,,Ensure the study is peer-reviewed and credible.,true
CF1-F03,1,Set B,model,completed,,,"The CDC has been accused of conducting a cover-up regarding the safety of vaccines, particularly concerning thimerosal and autism.",pillar_support,reported,Whistleblower accounts,,,,,,unresolved,,high,CDC's actions regarding vaccine safety data.,Thimerosal and Aluminum Concerns,U0309 | U0310 | U0330,"[U0309] Thimerosal is the trade name for the 50% ethylmercury solution used since the 1930s as a preservative in vaccines.
[U0310] Contrary to our health department’s claim, it is highly neurotoxic — dangerous enough to cause “decreased offspring survival” as Eli Lilly was required by law to disclose in its Material Safety Data Sheet for thimerosal.
[U0330] To avoid public scrutiny the June 2000 emergency meeting was not held at the CDC headquarters in Atlanta, but instead at the Simpsonwood Retreat Center in Norcross, Georgia.",substantive,"The CDC has been accused of conducting a cover-up regarding the safety of vaccines, particularly concerning thimerosal and autism.",The article reports accusations against the CDC regarding vaccine safety.,The dispute is whether there is credible evidence of a cover-up by the CDC.,,Access to whistleblower testimonies and internal documents from the CDC.,Evidence showing that the CDC acted transparently regarding vaccine safety.,"Evidence indicating that while there may be concerns, they do not constitute a cover-up.",Access to credible whistleblower accounts and CDC internal communications.,General accusations without specific evidence or documentation.,"A source only repeats or reports the statement the article already stipulates, without independent evidence about: The CDC has been accused of conducting a cover-up regarding the safety of vaccines, particularly concerni",mixed_sources,mixed_sources,CDC vaccine safety cover-up | thimerosal autism accusations | whistleblower CDC,,Ensure the evidence is credible and independent from the article's claims.,true
CF1-F03,1,Set B,model,completed,,,"There have been no credible studies linking vaccination to chronic disease, according to public health authorities.",opponent_claim,reported,Jefferson County Public Health,,,,,,unresolved,,high,Claims made by public health authorities.,Public Health Claims,U0011,"[U0011] • “So far, there have been no credible studies that link vaccination to chronic disease.”",substantive,"There have been no credible studies linking vaccination to chronic disease, according to public health authorities.",Public health authorities claim no credible studies exist linking vaccination to chronic disease.,The dispute is whether credible studies do exist that link vaccination to chronic disease.,,Studies that demonstrate a credible link between vaccination and chronic disease.,Evidence showing that no credible studies exist linking vaccination to chronic disease.,"Evidence indicating that while some studies exist, they may not be considered credible by public health authorities.",Access to studies examining the relationship between vaccination and chronic diseases.,General claims about vaccination without specific studies.,"A source only repeats or reports the statement the article already stipulates, without independent evidence about: There have been no credible studies linking vaccination to chronic disease, according to public health au",independent_corroboration,independent_corroboration,vaccination chronic disease link | credible studies vaccination | public health vaccination claims,,Ensure the studies are peer-reviewed and credible.,true
CF1-F03,1,Set B,model,completed,,,The health department's ad claims that children face more challenges to their immune system while playing outside than from vaccines.,pillar_support,reported,Jefferson County Public Health,,,,,,unresolved,,medium,Children's immune system challenges.,Public Health Claims,U0008,[U0008] • “Our kids face more challenges to their immune system while playing outside than they do from vaccines.”,substantive,The health department's ad claims that children face more challenges to their immune system while playing outside than from vaccines.,The article reports on the health department's ad claims.,The dispute is whether the health department's claims about immune system challenges are accurate.,,Research on immune system challenges from environmental factors compared to vaccines.,Evidence showing that vaccines pose greater challenges to the immune system than environmental factors.,Evidence indicating that the challenges to the immune system from environmental factors are significant.,Access to research on immune system challenges from both vaccines and environmental factors.,General statements about immune system challenges without specific data.,"A source only repeats or reports the statement the article already stipulates, without independent evidence about: The health department's ad claims that children face more challenges to their immune system while playing",independent_corroboration,independent_corroboration,immune system challenges vaccines | children immune system environmental factors | health department ad claims,,Ensure the research is comprehensive and credible.,true
CF1-F03,2,Set B,model,completed,,,"According to the CDC, half of American school children are not fully vaccinated, and at least 1 in 88 toddlers are completely unvaccinated.",pillar,endorsed,CDC,,,,,,unresolved,,high,American school children and toddlers.,Public Health Claims,U0002,"[U0002] “According to the CDC and public health authorities, parents who choose not to vaccinate their children are typically highly educated. CDC data reflect that half of American school children are not fully vaccinated, and at least 1 in 88 toddlers are completely unvaccinated. Why would the parents of these children, comprising a large part of the nation’s brain trust, choose not to vaccinate their children?”",substantive,"According to the CDC, half of American school children are not fully vaccinated, and at least 1 in 88 toddlers are completely unvaccinated.","The CDC states that half of American school children are not fully vaccinated, and at least 1 in 88 toddlers are completely unvaccinated.",The dispute is whether the vaccination rates reported by the CDC are accurate.,,Statistical data from the CDC confirming the vaccination rates among American school children and toddlers.,Statistical data from the CDC or other credible sources showing that the vaccination rates are lower than reported.,Data showing that the vaccination rates vary significantly by region or demographic.,Access to CDC vaccination data or reports on vaccination rates among American school children and toddlers.,Statements or data that do not directly address the specific vaccination rates reported by the CDC.,"A source only repeats or reports the statement the article already stipulates, without independent evidence about: According to the CDC, half of American school children are not fully vaccinated, and at least 1 in 88 tod",primary_article_result,independent_corroboration,CDC vaccination rates | American school children vaccination | toddlers vaccination rates,,Ensure that the data is current and reflects the most recent vaccination rates.,true
CF1-F03,2,Set B,host_pillar_backfill,completed,,,"There is a growing trend of parents seeking vaccine exemptions for their children, indicating rising vaccine hesitancy.",pillar,unclear,article,,,,,,unresolved,,medium,"There is a growing trend of parents seeking vaccine exemptions for their children, indicating rising vaccine hesitancy.",Vaccine Exemptions,U0013 | U0014,"[U0013] The health department’s ad comes at a time when childhood vaccination rates are dropping steadily across the country.
[U0014] Along with reduction in vaccine uptake, there is also a rise in the rate of parents seeking vaccine exemptions for their children.",substantive,"There is a growing trend of parents seeking vaccine exemptions for their children, indicating rising vaccine hesitancy.",There is a rise in the rate of parents seeking vaccine exemptions for their children.,The dispute is whether the trend of seeking vaccine exemptions is indeed growing and indicative of vaccine hesitancy.,,Statistical evidence showing an increase in vaccine exemption requests over recent years.,Data showing a decrease or stability in vaccine exemption requests.,Evidence that the increase in vaccine exemptions is due to factors other than vaccine hesitancy.,Access to state or national records on vaccine exemption requests.,Anecdotal evidence or opinions about vaccine hesitancy without statistical backing.,"A source only repeats or reports the statement the article already stipulates, without independent evidence about: There is a growing trend of parents seeking vaccine exemptions for their children, indicating rising vacc",independent_corroboration,independent_corroboration,vaccine exemptions | parents seeking vaccine exemptions | vaccine hesitancy trends,,Ensure that the data is comprehensive and reflects multiple regions or demographics.,true
CF1-F03,2,Set B,model,completed,,,The article alleges that the CDC manipulated data linking the MMR vaccine to autism and ordered the destruction of evidence.,pillar,reported,William Thompson,,,,,,unresolved,,high,CDC's handling of MMR vaccine data.,Allegations of Fraud,U0037 | U0038 | U0041,"[U0037] Senior CDC scientist turned whistleblower William Thompson revealed privately in 2014 that data linking the MMR vaccine (measles/mumps/rubella) to autism had been manipulated by the agency ten years earlier.
[U0038] When top CDC officials learned that their 2004 study results showed a dramatic increase in autism after MMR vaccinations, they’d ordered Thompson and other scientists to destroy all evidence.
[U0041] The fraudulent, re-worked study was then released to declare that it had proven MMR vaccines did not cause autism.",substantive,The CDC manipulated data linking the MMR vaccine to autism and ordered the destruction of evidence.,"William Thompson, a CDC whistleblower, alleged that the CDC manipulated data and destroyed evidence.",The dispute is whether the CDC actually engaged in manipulation and destruction of evidence as claimed.,,Whistleblower testimony corroborated by independent investigations or documents.,Evidence showing that the CDC did not manipulate data or destroy evidence.,Evidence that the data manipulation was not as extensive as claimed or that it did not affect the overall conclusions.,Access to internal CDC documents or independent investigations into the allegations.,Statements that do not provide direct evidence of manipulation or destruction of evidence.,"A source only repeats or reports the statement the article already stipulates, without independent evidence about: The CDC manipulated data linking the MMR vaccine to autism and ordered the destruction of evidence.",independent_corroboration,independent_corroboration,CDC data manipulation | MMR vaccine autism | whistleblower evidence,,Ensure that the whistleblower's claims are supported by credible evidence.,true
CF1-F03,2,Set B,model,completed,,,"The childhood vaccination schedule has increased from 5 doses in the 1950s to 73 doses by 2011, raising concerns about safety.",pillar,reported,Article's own voice,,,,,,unresolved,,high,U.S. childhood vaccination schedule over time.,Toxic Ingredients,U0079 | U0080,"[U0079] While children had received just five vaccine doses in three shots in the 1950s and ’60s when I was growing up (none during pregnancy or in the first 12 months of life), by 1986 children were receiving 25 doses/12 shots.
[U0080] In the decades following the 1986 act the childhood schedule exploded to 73 doses/54 shots.",substantive,"The childhood vaccination schedule has increased from 5 doses in the 1950s to 73 doses by 2011, raising concerns about safety.",The article states that the vaccination schedule has increased significantly over the decades.,The dispute is whether the increase in doses is accurately reported and whether it raises legitimate safety concerns.,,Historical vaccination data confirming the increase in doses from the 1950s to 2011.,Data showing that the number of doses has not increased as claimed.,Evidence that the increase in doses does not correlate with safety concerns.,Access to historical vaccination schedules and safety studies.,General statements about vaccination safety without specific reference to the increase in doses.,"A source only repeats or reports the statement the article already stipulates, without independent evidence about: The childhood vaccination schedule has increased from 5 doses in the 1950s to 73 doses by 2011, raising c",independent_corroboration,independent_corroboration,vaccination schedule history | increase in vaccine doses | vaccination safety concerns,,Ensure that the data is comprehensive and reflects the entire vaccination schedule.,true
CF1-F03,2,Set B,model,completed,,,The health department's ad claims that children face more challenges to their immune system while playing outside than from vaccines.,pillar,reported,Jefferson County Public Health,,,,,,unresolved,,high,children's immune system challenges.,Public Health Claims,U0008,[U0008] • “Our kids face more challenges to their immune system while playing outside than they do from vaccines.”,substantive,The health department's ad claims that children face more challenges to their immune system while playing outside than from vaccines.,The ad presents a comparison of immune challenges from environmental exposures versus vaccines.,The dispute is whether the claim about immune challenges is supported by credible evidence.,,Research studies comparing immune challenges from environmental exposures to those from vaccines.,Evidence showing that vaccines pose greater challenges to the immune system than environmental exposures.,Evidence that the comparison made in the ad is misleading or oversimplified.,Access to studies on immune system challenges from both vaccines and environmental factors.,Statements that do not provide direct evidence regarding the immune challenges.,"A source only repeats or reports the statement the article already stipulates, without independent evidence about: The health department's ad claims that children face more challenges to their immune system while playing",independent_corroboration,independent_corroboration,immune system challenges | vaccines vs environmental exposures | public health claims,,Ensure that the studies are peer-reviewed and credible.,true
CF1-F03,2,Set B,model,completed,,,"The type of mercury in vaccines, ethylmercury, is claimed to be not harmful to humans according to public health authorities.",pillar,reported,Public health authorities,,,,,,unresolved,,high,mercury in vaccines.,Public Health Claims,U0010,[U0010] • “The type of mercury in vaccines – ethylmercury – is NOT harmful to us.”,substantive,"The type of mercury in vaccines, ethylmercury, is claimed to be not harmful to humans according to public health authorities.",Public health authorities assert that ethylmercury is not harmful to humans.,The dispute is whether the claim about ethylmercury being harmless is supported by credible scientific evidence.,,Toxicological studies demonstrating the safety of ethylmercury in vaccines.,Studies showing that ethylmercury is harmful to humans.,Evidence that the safety of ethylmercury is context-dependent or varies by exposure levels.,Access to toxicological studies on ethylmercury.,Statements that do not provide direct evidence regarding the safety of ethylmercury.,"A source only repeats or reports the statement the article already stipulates, without independent evidence about: The type of mercury in vaccines, ethylmercury, is claimed to be not harmful to humans according to public",independent_corroboration,independent_corroboration,ethylmercury safety | mercury in vaccines | public health claims,,Ensure that the studies are comprehensive and peer-reviewed.,true
CF1-F03,2,Set B,model,completed,,,"The CDC's 1986 act removed all liability from drug companies for childhood vaccines, which is claimed to have led to increased vaccine production without accountability.",pillar,reported,Article's own voice,,,,,,unresolved,,high,U.S. vaccine liability laws.,Toxic Ingredients,U0070,"[U0070] Bowing to the pressure, in 1986 Congress removed all liability from drug companies for childhood vaccines they produced.",substantive,"The CDC's 1986 act removed all liability from drug companies for childhood vaccines, which is claimed to have led to increased vaccine production without accountability.",The article states that the 1986 act removed liability from drug companies for childhood vaccines.,The dispute is whether the removal of liability has indeed led to increased vaccine production without accountability.,,Legislative documents confirming the removal of liability and evidence of increased vaccine production.,Evidence showing that the removal of liability did not lead to increased vaccine production.,Evidence that other factors contributed to increased vaccine production.,Access to legislative records regarding the 1986 act.,Statements that do not provide direct evidence of the consequences of the 1986 act.,"A source only repeats or reports the statement the article already stipulates, without independent evidence about: The CDC's 1986 act removed all liability from drug companies for childhood vaccines, which is claimed to ",official_record,named_work_result,1986 vaccine liability act | vaccine production increase | CDC liability laws,NW001,Ensure that the legislative context is accurately represented.,true
CF1-F03,2,Set B,model,completed,,,"The article claims that aluminum in vaccines is toxic and has been linked to various health issues, including autism and SIDS.",pillar,reported,Article's own voice,,,,,,unresolved,,high,Aluminum in vaccines and associated health risks.,Toxic Ingredients,U0255,"[U0255] Aluminum poisoning has been linked to autism, SIDs, seizures, autoimmune issues, Alzheimers, neurological damage, impaired renal function, demyelinating disorders such as MS, and cancer. [ source ]",substantive,"The article claims that aluminum in vaccines is toxic and has been linked to various health issues, including autism and SIDS.",The article states that aluminum in vaccines is linked to health issues.,The dispute is whether the claims about aluminum's toxicity and its links to health issues are supported by credible evidence.,,Toxicological studies linking aluminum in vaccines to health issues.,Evidence showing that aluminum in vaccines is not harmful or linked to health issues.,Evidence that the links between aluminum and health issues are not causal.,Access to toxicological studies on aluminum.,Statements that do not provide direct evidence regarding aluminum's toxicity.,"A source only repeats or reports the statement the article already stipulates, without independent evidence about: The article claims that aluminum in vaccines is toxic and has been linked to various health issues, inclu",independent_corroboration,independent_corroboration,aluminum toxicity | vaccines and health issues | public health claims,,Ensure that the studies are comprehensive and peer-reviewed.,true
CF1-F03,2,Set B,model,completed,,,"The article alleges that the CDC has engaged in a cover-up regarding the safety of thimerosal in vaccines, despite evidence of its toxicity.",pillar,reported,Article's own voice,,,,,,unresolved,,high,CDC's handling of thimerosal safety data.,Allegations of Fraud,U0304 | U0324,"[U0304] “Comparing toxicity in two forms of mercury is like comparing the benefits of being shot with a .38 caliber bullet rather than a .45 caliber bullet. Most people would prefer Door #3: no bullet at all.”
[U0324] Our health department tells us that thimerosal “is NOT harmful to us,” while also assuring us that it’s not in childhood vaccines.",substantive,"The article alleges that the CDC has engaged in a cover-up regarding the safety of thimerosal in vaccines, despite evidence of its toxicity.",The article claims that the CDC has covered up evidence regarding thimerosal safety.,The dispute is whether the CDC has indeed engaged in a cover-up regarding thimerosal.,,Whistleblower accounts and independent investigations confirming the cover-up.,Evidence showing that the CDC has not engaged in a cover-up regarding thimerosal.,Evidence that the claims of a cover-up are exaggerated or unfounded.,Access to internal CDC documents or independent investigations.,Statements that do not provide direct evidence of a cover-up.,"A source only repeats or reports the statement the article already stipulates, without independent evidence about: The article alleges that the CDC has engaged in a cover-up regarding the safety of thimerosal in vaccines",independent_corroboration,independent_corroboration,CDC thimerosal cover-up | thimerosal safety | whistleblower evidence,,Ensure that the whistleblower's claims are supported by credible evidence.,true
CF1-F03,2,Set B,model,completed,,,The article states that the CDC's claim that thimerosal is not harmful contradicts evidence that it is a neurotoxin and has been linked to autism.,pillar,reported,Article's own voice,,,,,,unresolved,,high,Thimerosal's effects on health.,Toxic Ingredients,U0255 | U0308 | U0362 | U0364,"[U0255] Aluminum poisoning has been linked to autism, SIDs, seizures, autoimmune issues, Alzheimers, neurological damage, impaired renal function, demyelinating disorders such as MS, and cancer. [ source ]
[U0308] Mercury is the third most toxic element on earth, 500 times more poisonous than lead.
[U0362] RFK Jr’s 2015 compilation of hundreds of peer-reviewed studies erases any doubt that thimerosal is a potent neurotoxin that causes neurological damage, from tics to autism.
[U0364] The last review he cites is a meta-analysis:",substantive,The article states that the CDC's claim that thimerosal is not harmful contradicts evidence that it is a neurotoxin and has been linked to autism.,The article claims a contradiction between CDC's assertion and scientific evidence.,The dispute is whether the CDC's claim about thimerosal is indeed contradicted by credible scientific evidence.,,Neurotoxicological studies demonstrating the harmful effects of thimerosal.,Evidence showing that thimerosal is safe and not linked to autism.,Evidence that the relationship between thimerosal and autism is not causal.,Access to neurotoxicological studies on thimerosal.,Statements that do not provide direct evidence regarding thimerosal's safety.,"A source only repeats or reports the statement the article already stipulates, without independent evidence about: The article states that the CDC's claim that thimerosal is not harmful contradicts evidence that it is a ",independent_corroboration,independent_corroboration,thimerosal safety | neurotoxicological studies | CDC claims,,Ensure that the studies are comprehensive and peer-reviewed.,true
CF1-F03,2,Set B,model,completed,,,"The article states that more than one in two American children had a diagnosed chronic health condition by 2011, a significant increase from previous decades.",pillar_support,reported,Article's own voice,,,,,,unresolved,,medium,American children with chronic health conditions.,Toxic Ingredients,U0087,"[U0087] More than one in two American children in the 2011 survey had a diagnosed chronic health condition such as an autoimmune disorder, diabetes or obesity, a neurodevelopmental disorder, or a mood or behavioral disorder.",substantive,"More than one in two American children had a diagnosed chronic health condition by 2011, a significant increase from previous decades.",The article states that more than one in two American children had chronic health conditions by 2011.,The dispute is whether the reported increase in chronic health conditions among children is accurate.,,Statistical health data confirming the increase in chronic health conditions among children.,Data showing that the rate of chronic health conditions among children has not increased.,Evidence that the increase is not as significant as claimed or is due to better diagnosis.,Access to health data on chronic conditions among children.,Statements that do not provide direct evidence regarding the increase in chronic health conditions.,"A source only repeats or reports the statement the article already stipulates, without independent evidence about: More than one in two American children had a diagnosed chronic health condition by 2011, a significant in",independent_corroboration,independent_corroboration,chronic health conditions in children | increase in childhood diseases | health statistics,,Ensure that the data is current and reflects a comprehensive view of childhood health.,true
CF1-F03,3,Set B,model,completed,,,"According to the CDC, half of American school children are not fully vaccinated, and at least 1 in 88 toddlers are completely unvaccinated.",pillar,reported,CDC,,,,,,unresolved,,high,American school children and toddlers,Public Health Claims,U0002,"[U0002] “According to the CDC and public health authorities, parents who choose not to vaccinate their children are typically highly educated. CDC data reflect that half of American school children are not fully vaccinated, and at least 1 in 88 toddlers are completely unvaccinated. Why would the parents of these children, comprising a large part of the nation’s brain trust, choose not to vaccinate their children?”",substantive,"According to the CDC, half of American school children are not fully vaccinated, and at least 1 in 88 toddlers are completely unvaccinated.",The CDC reported vaccination rates among American school children and toddlers.,The dispute is whether the reported vaccination rates are accurate.,,Statistical data from the CDC confirming the vaccination rates among American school children and toddlers.,Statistical data from the CDC or other credible sources showing different vaccination rates.,Data showing a different percentage of unvaccinated children or toddlers.,Access to CDC vaccination data for American school children and toddlers.,Statements about vaccination rates without direct access to the CDC data.,"A source only repeats or reports the statement the article already stipulates, without independent evidence about: According to the CDC, half of American school children are not fully vaccinated, and at least 1 in 88 tod",primary_article_result,independent_corroboration,CDC vaccination rates | American school children vaccination | toddlers vaccination rates,,Ensure that the data is current and accurately reflects the population in question.,true
CF1-F03,3,Set B,host_pillar_backfill,completed,,,"There is a growing trend of parents seeking vaccine exemptions for their children, indicating rising vaccine hesitancy.",pillar,unclear,article,,,,,,unresolved,,medium,"There is a growing trend of parents seeking vaccine exemptions for their children, indicating rising vaccine hesitancy.",Vaccine Exemptions,U0013 | U0014,"[U0013] The health department’s ad comes at a time when childhood vaccination rates are dropping steadily across the country.
[U0014] Along with reduction in vaccine uptake, there is also a rise in the rate of parents seeking vaccine exemptions for their children.",substantive,"There is a growing trend of parents seeking vaccine exemptions for their children, indicating rising vaccine hesitancy.",The article states that there is a trend of parents seeking vaccine exemptions.,The dispute is whether the trend of seeking vaccine exemptions is indeed growing and indicative of vaccine hesitancy.,,External evidence showing an increase in the number of vaccine exemption requests over time.,Evidence showing a decrease or stability in vaccine exemption requests.,Evidence indicating that the trend is limited to specific regions or demographics.,Access to records of vaccine exemption requests from health departments or schools.,General statements about vaccine hesitancy without specific data on exemption requests.,"A source only repeats or reports the statement the article already stipulates, without independent evidence about: There is a growing trend of parents seeking vaccine exemptions for their children, indicating rising vacc",independent_corroboration,independent_corroboration,vaccine exemptions | vaccine hesitancy trends | parents seeking vaccine exemptions,,Ensure that the data is comprehensive and reflects a broad demographic.,true
CF1-F03,3,Set B,model,completed,,,The article alleges that the CDC manipulated data linking the MMR vaccine to autism and ordered the destruction of evidence.,pillar,reported,"William Thompson, CDC whistleblower",,,,,,unresolved,,high,CDC's handling of MMR vaccine data,Allegations of Fraud,U0037 | U0038,"[U0037] Senior CDC scientist turned whistleblower William Thompson revealed privately in 2014 that data linking the MMR vaccine (measles/mumps/rubella) to autism had been manipulated by the agency ten years earlier.
[U0038] When top CDC officials learned that their 2004 study results showed a dramatic increase in autism after MMR vaccinations, they’d ordered Thompson and other scientists to destroy all evidence.",substantive,The article alleges that the CDC manipulated data linking the MMR vaccine to autism and ordered the destruction of evidence.,The article cites William Thompson's claims about CDC data manipulation.,The dispute is whether the CDC actually manipulated data and destroyed evidence as alleged.,,Whistleblower testimony corroborated by independent investigations or documents.,Evidence showing that the CDC did not manipulate data or destroy evidence.,Evidence indicating that the manipulation was limited to specific studies or data.,Access to internal CDC documents or independent investigations into the claims.,Statements from the article without independent corroboration of the allegations.,"A source only repeats or reports the statement the article already stipulates, without independent evidence about: The article alleges that the CDC manipulated data linking the MMR vaccine to autism and ordered the destr",independent_corroboration,independent_corroboration,CDC data manipulation | MMR vaccine autism | William Thompson whistleblower,,Ensure that the whistleblower's claims are supported by credible evidence.,true
CF1-F03,3,Set B,model,completed,,,"The childhood vaccination schedule has increased from 5 vaccine doses in the 1950s to 73 doses by 2011, raising concerns about safety.",pillar,reported,article's own voice,,,,,,unresolved,,high,U.S. childhood vaccination schedule,Toxicity of Vaccine Ingredients,U0080,[U0080] In the decades following the 1986 act the childhood schedule exploded to 73 doses/54 shots.,substantive,"The childhood vaccination schedule has increased from 5 vaccine doses in the 1950s to 73 doses by 2011, raising concerns about safety.",The article reports on the increase in vaccine doses over time.,The dispute is whether the reported increase in vaccine doses is accurate.,,Historical vaccination data confirming the increase in vaccine doses.,Evidence showing that the number of vaccine doses has not increased as reported.,Data indicating that the increase is limited to specific vaccines or populations.,Access to historical vaccination records and schedules.,Statements from the article without direct access to the vaccination data.,"Statements that reiterate the article's claims without independent verification. | A source only repeats or reports the statement the article already stipulates, without independent evidence about: The article claims that the CDC's narrative that vaccines are safe and effective is based on manipulated ",primary_article_result,independent_corroboration,vaccination schedule increase | historical vaccine doses | childhood vaccination data,,Ensure that the data is comprehensive and accurately reflects the vaccination schedule.,true
CF1-F03,3,Set B,model,completed,,,The article claims that the CDC's narrative that vaccines are safe and effective is based on manipulated data and lacks credible scientific support.,thesis,reported,article's own voice,,,,,,unresolved,,high,CDC's vaccine safety narrative,Public Health Claims,U0002 | U0005 | U0008 | U0009 | U0010 | U0011 | U0012 | U0027 | U0028,"[U0002] “According to the CDC and public health authorities, parents who choose not to vaccinate their children are typically highly educated. CDC data reflect that half of American school children are not fully vaccinated, and at least 1 in 88 toddlers are completely unvaccinated. Why would the parents of these children, comprising a large part of the nation’s brain trust, choose not to vaccinate their children?”
[U0005] “What’s the Truth about Vaccines?” asked Jefferson County Public Health (JCPH) in a quarter-page ad in the March 11 Port Townsend Leader. The hand-drawn, whimsical cartoon-style presentation and the ad’s content offered a light-hearted attempt to ease parents’ concerns about vaccinating their children.
[U0008] • “Our kids face more challenges to their immune system while playing outside than they do from vaccines.”
[U0009] • “We are exposed to more aluminum by eating a tomato than from getting vaccines!”
[U0010] • “The type of mercury in vaccines – ethylmercury – is NOT harmful to us.”
[U0011] • “So far, there have been no credible studies that link vaccination to chronic disease.”
[U0012] • “Vaccines are tested more than any other medicine you could give your kid.”
[U0027] As this article will show, the claims made in our health department’s ad repeat medical dogma that has persisted for decades with no basis in reality.
[U0028] At best the narrative is a wishful fairy tale.",substantive,The article claims that the CDC's narrative that vaccines are safe and effective is based on manipulated data and lacks credible scientific support.,The article critiques the CDC's narrative on vaccine safety and efficacy.,The dispute is whether the CDC's narrative is indeed based on manipulated data and lacks credible support.,,Independent studies that contradict the CDC's claims about vaccine safety and efficacy.,Evidence from credible studies supporting the CDC's narrative on vaccine safety and efficacy.,"Evidence showing that while some data may be manipulated, other credible studies support vaccine safety.",Access to independent studies and data on vaccine safety and efficacy.,Statements that reiterate the article's claims without independent verification.,"Statements from public health authorities without supporting evidence. | A source only repeats or reports the statement the article already stipulates, without independent evidence about: The type of mercury in vaccines, ethylmercury, is claimed to be not harmful according to public health au",independent_corroboration,independent_corroboration,CDC vaccine safety narrative | manipulated data vaccines | scientific support for vaccines,,Ensure that the studies referenced are peer-reviewed and credible.,true
CF1-F03,3,Set B,model,completed,,,The health department's ad claims that children face more challenges to their immune system while playing outside than from vaccines.,pillar,reported,Jefferson County Public Health,,,,,,unresolved,,high,children's immune system challenges,Public Health Claims,U0008,[U0008] • “Our kids face more challenges to their immune system while playing outside than they do from vaccines.”,substantive,The health department's ad claims that children face more challenges to their immune system while playing outside than from vaccines.,The article reports on the health department's ad and its claims.,The dispute is whether the claims made in the ad are accurate.,,Research studies comparing immune system challenges from environmental exposures versus vaccines.,Evidence showing that vaccines pose greater challenges to the immune system than environmental exposures.,Evidence indicating that the challenges are context-dependent or vary by individual.,Access to studies on immune system challenges from both vaccines and environmental exposures.,Statements from the article without independent verification of the ad's claims.,"Statements from the article without direct evidence from the CDC. | A source only repeats or reports the statement the article already stipulates, without independent evidence about: The article claims that the CDC has not conducted safety testing on the cumulative aluminum load received",independent_corroboration,independent_corroboration,immune system challenges vaccines | environmental exposures children | health department ad claims,,Ensure that the studies are comprehensive and consider various populations.,true
CF1-F03,3,Set B,model,completed,,,"The type of mercury in vaccines, ethylmercury, is claimed to be not harmful according to public health authorities.",pillar,reported,public health authorities,,,,,,unresolved,,high,mercury in vaccines,Public Health Claims,U0010,[U0010] • “The type of mercury in vaccines – ethylmercury – is NOT harmful to us.”,substantive,"The type of mercury in vaccines, ethylmercury, is claimed to be not harmful according to public health authorities.",Public health authorities assert that ethylmercury is not harmful.,The dispute is whether ethylmercury is indeed harmful or not.,,Studies demonstrating the safety of ethylmercury in vaccines.,Evidence showing harmful effects of ethylmercury in vaccines.,Evidence indicating that ethylmercury may be harmful in certain populations or doses.,Access to studies on ethylmercury and its effects.,Statements from public health authorities without supporting evidence.,"Statements from the article without independent verification of the claims. | A source only repeats or reports the statement the article already stipulates, without independent evidence about: The article alleges that thimerosal, a mercury-based preservative, is neurotoxic and has been linked to a",independent_corroboration,independent_corroboration,ethylmercury safety | mercury in vaccines | public health authorities claims,,Ensure that the studies are comprehensive and consider various populations.,true
CF1-F03,3,Set B,model,completed,,,The article claims that the CDC has not conducted safety testing on the cumulative aluminum load received from multiple vaccines administered at once.,pillar,reported,article's own voice,,,,,,unresolved,,high,safety testing of aluminum in vaccines,Toxicity of Vaccine Ingredients,U0242 | U0277 | U0301 | U0308,"[U0242] “Our calculations show that the levels of aluminum suggested by the currently used limits place infants at risk of acute, repeated, and possibly chronic exposures of toxic levels of aluminum in modern vaccine schedules.”
[U0277] Current vaccination schedules in which multiple shots are administered in a single visit exceed even the 850 mcg limit.
[U0301] “[Thimerosal] is toxic… Mutagenic in mammalian cells.“
[U0308] Mercury is the third most toxic element on earth, 500 times more poisonous than lead.",substantive,The article claims that the CDC has not conducted safety testing on the cumulative aluminum load received from multiple vaccines administered at once.,The article states that the CDC has not conducted such safety testing.,The dispute is whether the CDC has indeed conducted safety testing on cumulative aluminum loads.,,Documentation from the CDC regarding safety testing protocols for aluminum in vaccines.,Evidence showing that the CDC has conducted safety testing on cumulative aluminum loads.,Evidence indicating that testing was conducted but may not have been comprehensive.,Access to CDC safety testing protocols and results.,Statements from the article without direct evidence from the CDC.,"Statements about chronic health conditions without direct access to the survey data. | A source only repeats or reports the statement the article already stipulates, without independent evidence about: The article states that more than one in two American children had a diagnosed chronic health condition b",independent_corroboration,independent_corroboration,CDC aluminum safety testing | cumulative aluminum load vaccines | safety testing protocols,,Ensure that the documentation is current and accurately reflects CDC practices.,true
CF1-F03,3,Set B,model,completed,,,"The article alleges that thimerosal, a mercury-based preservative, is neurotoxic and has been linked to autism and other neurological disorders.",pillar,reported,Gavin de Becker and other sources,,,,,,unresolved,,high,thimerosal in vaccines,Toxicity of Vaccine Ingredients,U0242 | U0255 | U0301 | U0308 | U0323,"[U0242] “Our calculations show that the levels of aluminum suggested by the currently used limits place infants at risk of acute, repeated, and possibly chronic exposures of toxic levels of aluminum in modern vaccine schedules.”
[U0255] Aluminum poisoning has been linked to autism, SIDs, seizures, autoimmune issues, Alzheimers, neurological damage, impaired renal function, demyelinating disorders such as MS, and cancer. [ source ]
[U0301] “[Thimerosal] is toxic… Mutagenic in mammalian cells.“
[U0308] Mercury is the third most toxic element on earth, 500 times more poisonous than lead.
[U0323] Autism and other neurological disorders are associated with this accumulated mercury in the brain.",substantive,"The article alleges that thimerosal, a mercury-based preservative, is neurotoxic and has been linked to autism and other neurological disorders.",The article cites various sources linking thimerosal to neurotoxicity and autism.,The dispute is whether thimerosal is indeed neurotoxic and linked to autism.,,Research studies demonstrating the neurotoxic effects of thimerosal.,Evidence showing that thimerosal is not neurotoxic or linked to autism.,"Evidence indicating that while thimerosal may have neurotoxic effects, the link to autism is not established.",Access to studies on thimerosal and its effects.,Statements from the article without independent verification of the claims.,"Statements from the article without direct evidence from the meeting documentation. | A source only repeats or reports the statement the article already stipulates, without independent evidence about: The article reports that the CDC's 2000 emergency meeting regarding thimerosal was held in secrecy to avo",independent_corroboration,independent_corroboration,thimerosal neurotoxicity | thimerosal autism link | mercury in vaccines,,Ensure that the studies are peer-reviewed and credible.,true
CF1-F03,3,Set B,model,completed,,,The article reports that the CDC's 2000 emergency meeting regarding thimerosal was held in secrecy to avoid public scrutiny of its findings.,pillar_support,reported,FOIA request findings,,,,,,unresolved,,medium,CDC's handling of thimerosal data,Allegations of Fraud,U0330,"[U0330] To avoid public scrutiny the June 2000 emergency meeting was not held at the CDC headquarters in Atlanta, but instead at the Simpsonwood Retreat Center in Norcross, Georgia.",substantive,The article reports that the CDC's 2000 emergency meeting regarding thimerosal was held in secrecy to avoid public scrutiny of its findings.,The article cites findings from a FOIA request regarding the meeting.,The dispute is whether the meeting was indeed held in secrecy and the reasons for it.,,Transcripts or documentation from the emergency meeting confirming its secrecy.,Evidence showing that the meeting was not held in secrecy.,"Evidence indicating that while the meeting was private, it was not necessarily secretive.",Access to transcripts or documentation from the meeting.,Statements from the article without direct evidence from the meeting documentation.,"Statements from the article without independent verification of the ad's claims. | A source only repeats or reports the statement the article already stipulates, without independent evidence about: The health department's ad claims that children face more challenges to their immune system while playing",independent_corroboration,independent_corroboration,CDC thimerosal meeting | emergency meeting secrecy | FOIA request findings,,Ensure that the documentation is credible and accurately reflects the meeting's nature.,true
CF1-F03,3,Set B,model,completed,,,"The article states that more than one in two American children had a diagnosed chronic health condition by 2011, a significant increase from previous decades.",pillar_support,reported,2011 survey data,,,,,,unresolved,,medium,American children with chronic health conditions,Toxicity of Vaccine Ingredients,U0087,"[U0087] More than one in two American children in the 2011 survey had a diagnosed chronic health condition such as an autoimmune disorder, diabetes or obesity, a neurodevelopmental disorder, or a mood or behavioral disorder.",substantive,"The article states that more than one in two American children had a diagnosed chronic health condition by 2011, a significant increase from previous decades.",The article cites a 2011 survey indicating chronic health conditions in children.,The dispute is whether the reported increase in chronic health conditions is accurate.,,Statistical health data confirming the increase in chronic health conditions among children.,Evidence showing that the rate of chronic health conditions among children has not increased.,Data indicating that the increase is limited to specific conditions or demographics.,Access to the 2011 survey data on children's health conditions.,Statements about chronic health conditions without direct access to the survey data.,"Statements from the article without direct access to the vaccination data. | A source only repeats or reports the statement the article already stipulates, without independent evidence about: The childhood vaccination schedule has increased from 5 vaccine doses in the 1950s to 73 doses by 2011, r",primary_article_result,independent_corroboration,chronic health conditions children | 2011 survey data | increase in children's health conditions,,Ensure that the data is comprehensive and accurately reflects the population in question.,true
CF1-F03,1,Set C,model,completed,,,"Half of American school children are not fully vaccinated, and at least 1 in 88 toddlers are completely unvaccinated.",pillar,reported,CDC,,,,,,unresolved,,high,"United States, current vaccination rates",Public Health Claims,U0002,"[U0002] “According to the CDC and public health authorities, parents who choose not to vaccinate their children are typically highly educated. CDC data reflect that half of American school children are not fully vaccinated, and at least 1 in 88 toddlers are completely unvaccinated. Why would the parents of these children, comprising a large part of the nation’s brain trust, choose not to vaccinate their children?”",substantive,"Half of American school children are not fully vaccinated, and at least 1 in 88 toddlers are completely unvaccinated.",,The dispute is whether the vaccination rates reported by the CDC are accurate.,,Evidence showing that CDC data confirms half of American school children are not fully vaccinated. | Statistics indicating that 1 in 88 toddlers are completely unvaccinated.,Evidence showing that the CDC data is inaccurate or misrepresented. | Statistics indicating that the vaccination rates are higher than reported.,Data showing that the vaccination rates vary significantly by region or demographic.,CDC vaccination statistics | Population of American school children | Population of toddlers | Current vaccination rates,Restating the claim without providing supporting data. | Proving the CDC's authorship without addressing the vaccination rates.,,primary_article_result,primary_article_result,CDC vaccination statistics | American school children vaccination rates | toddlers vaccination rates,,Ensure that the data is current and accurately reflects the population in question.,true
CF1-F03,1,Set C,host_pillar_backfill,completed,,,"There is a growing trend of parents seeking vaccine exemptions for their children, indicating a shift in public perception about vaccination.",pillar,unclear,article,,,,,,unresolved,,medium,"There is a growing trend of parents seeking vaccine exemptions for their children, indicating a shift in public perception about vaccination.",Vaccine Exemptions,U0013 | U0014,"[U0013] The health department’s ad comes at a time when childhood vaccination rates are dropping steadily across the country.
[U0014] Along with reduction in vaccine uptake, there is also a rise in the rate of parents seeking vaccine exemptions for their children.",substantive,"There is a growing trend of parents seeking vaccine exemptions for their children, indicating a shift in public perception about vaccination.",,The dispute is whether the trend of seeking vaccine exemptions is indeed growing.,,Evidence showing an increase in the number of vaccine exemption requests over recent years. | Surveys indicating changing public perceptions about vaccination.,Evidence showing that the number of vaccine exemption requests is stable or decreasing.,Data showing that the trend varies significantly by region or demographic.,Data on vaccine exemption requests | Public perception surveys regarding vaccination,Restating the claim without providing supporting data. | Proving the existence of exemptions without addressing the trend.,,primary_article_result,primary_article_result,vaccine exemption trends | public perception vaccination | parents seeking vaccine exemptions,,Ensure that the data reflects a comprehensive view of the population seeking exemptions.,true
CF1-F03,1,Set C,model,completed,,,"The CDC manipulated data linking the MMR vaccine to autism, as revealed by whistleblower William Thompson.",thesis,endorsed,William Thompson,,,,,,unresolved,,high,CDC's handling of MMR vaccine data,Public Health Claims,U0037 | U0040,"[U0037] Senior CDC scientist turned whistleblower William Thompson revealed privately in 2014 that data linking the MMR vaccine (measles/mumps/rubella) to autism had been manipulated by the agency ten years earlier.
[U0040] Ultimately, the only way they could eliminate the evident risk was to eliminate from the study the groups of children most likely to regress into autism following their shot.",substantive,"The CDC manipulated data linking the MMR vaccine to autism, as revealed by whistleblower William Thompson.",,The dispute is whether the CDC actually manipulated the data as claimed.,,Evidence from William Thompson's claims that supports the assertion of data manipulation. | Independent verification of the data manipulation allegations.,Evidence showing that the CDC's data handling was appropriate and accurate. | Counterclaims from credible sources disputing Thompson's allegations.,"Data showing that while manipulation may have occurred, it did not significantly impact overall vaccine safety conclusions.",William Thompson's allegations | CDC's handling of MMR vaccine data,Restating Thompson's claims without providing supporting evidence. | Proving Thompson's authorship without addressing the data manipulation.,,primary_article_result,primary_article_result,CDC MMR vaccine data manipulation | William Thompson whistleblower claims,,Ensure that the evidence directly addresses the manipulation of data rather than general vaccine safety.,true
CF1-F03,1,Set C,model,completed,,,"There have been no credible studies linking vaccination to chronic disease, according to public health authorities.",pillar,reported,Jefferson County Public Health,,,,,,unresolved,,high,Claims made by public health authorities,Public Health Claims,U0011,"[U0011] • “So far, there have been no credible studies that link vaccination to chronic disease.”",substantive,"There have been no credible studies linking vaccination to chronic disease, according to public health authorities.",,The dispute is whether credible studies exist that link vaccination to chronic disease.,,Evidence from public health authorities confirming the absence of credible studies linking vaccination to chronic disease. | Documentation of studies that have been discredited or deemed non-credible.,Evidence showing credible studies that link vaccination to chronic disease. | Counterclaims from credible sources supporting the existence of such studies.,"Data showing that while no credible studies exist, there are ongoing studies that may yield different results.",Public health authorities' statements | Documentation of studies on vaccination and chronic disease,Restating the claim without providing supporting evidence. | Proving the existence of studies without addressing their credibility.,,primary_article_result,primary_article_result,vaccination chronic disease studies | public health authorities statements,,Ensure that the evidence directly addresses the credibility of studies rather than general claims about vaccination.,true
CF1-F03,1,Set C,model,completed,,,The 1986 National Childhood Vaccine Injury Act removed all liability from drug companies for childhood vaccines.,pillar,endorsed,U.S. Congress,,,,,,unresolved,,high,U.S. legislation regarding vaccine liability,Public Health Claims,U0070,"[U0070] Bowing to the pressure, in 1986 Congress removed all liability from drug companies for childhood vaccines they produced.",substantive,The 1986 National Childhood Vaccine Injury Act removed all liability from drug companies for childhood vaccines.,,The dispute is whether the Act indeed removed all liability as claimed.,,Evidence from the text of the 1986 National Childhood Vaccine Injury Act confirming the removal of liability. | Documentation of cases where liability was not pursued due to the Act.,Evidence showing that drug companies can still be held liable under certain circumstances. | Counterclaims from legal experts disputing the interpretation of the Act.,"Data showing that while liability was removed, there are still mechanisms for accountability.",Text of the 1986 National Childhood Vaccine Injury Act | Legal interpretations of the Act,Restating the claim without providing supporting evidence. | Proving the existence of the Act without addressing its implications.,,primary_article_result,named_work_result,1986 National Childhood Vaccine Injury Act | vaccine liability laws,NW001,Ensure that the evidence directly addresses the liability issue rather than general vaccine safety.,true
CF1-F03,1,Set C,model,completed,,,"Parents have reported severe adverse reactions in their children following vaccinations, including seizures and sudden infant death.",pillar,reported,Parents of vaccinated children,,,,,,unresolved,,high,Reports from parents post-vaccination,Public Health Claims,U0001 | U0019 | U0027 | U0090 | U0102 | U0106,"[U0001] Public Health’s “Truth” About Vaccines
PART 1
by Ana Wolpin | Apr 12, 2026 | General | 33 comments
[U0019] He has prosecuted over a hundred lawsuits against health agencies, successfully suing the FDA to release Pfizer and Moderna’s Covid-19 vaccine licensure documents, winning many cases restoring medical exemptions including for the U.S. military, and forcing transparency when the CDC refused to release hidden V-safe data tracking adverse reactions to the Covid-19 shots.
[U0027] As this article will show, the claims made in our health department’s ad repeat medical dogma that has persisted for decades with no basis in reality.
[U0090] But after embarking on the world’s most aggressive vaccination program, the U.S. had twice as many first-day infant deaths as all 27 EU nations combined .
[U0102] Many described rushing their infants or toddlers to the ER with convulsions, 105° fevers, horrifying screams and seizures after their shots, only to be told this is normal… we see this all the time… it has nothing to do with the vaccines .
[U0106] Some within hours of getting vaccinated, and nearly all within a week of their “Well Baby” shots, would be found dead in their cribs after being put down for a nap.",substantive,"Parents have reported severe adverse reactions in their children following vaccinations, including seizures and sudden infant death.",,The dispute is whether these adverse reactions are reported and linked to vaccinations.,,Evidence from VAERS data confirming reports of severe adverse reactions post-vaccination. | Documentation of case studies linking vaccinations to reported adverse reactions.,Evidence showing that reported adverse reactions are not linked to vaccinations. | Counterclaims from health authorities disputing the severity of reported reactions.,"Data showing that while reactions are reported, they may not be causally linked to vaccinations.",VAERS data | Reports from parents regarding adverse reactions,Restating the claim without providing supporting evidence. | Proving the existence of reports without addressing their credibility.,,primary_article_result,primary_article_result,VAERS adverse reactions | parents reports vaccination reactions,,Ensure that the evidence directly addresses the link between vaccinations and reported reactions.,true
CF1-F03,1,Set C,model,completed,,,"Thimerosal, a mercury-based preservative used in vaccines, is neurotoxic and has been linked to autism.",pillar,endorsed,Material Safety Data Sheet for thimerosal,,,,,,unresolved,,high,Thimerosal's effects on health,Public Health Claims,U0001 | U0027 | U0301 | U0310,"[U0001] Public Health’s “Truth” About Vaccines
PART 1
by Ana Wolpin | Apr 12, 2026 | General | 33 comments
[U0027] As this article will show, the claims made in our health department’s ad repeat medical dogma that has persisted for decades with no basis in reality.
[U0301] “[Thimerosal] is toxic… Mutagenic in mammalian cells.“
[U0310] Contrary to our health department’s claim, it is highly neurotoxic — dangerous enough to cause “decreased offspring survival” as Eli Lilly was required by law to disclose in its Material Safety Data Sheet for thimerosal.",substantive,"Thimerosal, a mercury-based preservative used in vaccines, is neurotoxic and has been linked to autism.",,The dispute is whether Thimerosal is indeed neurotoxic and linked to autism.,,Evidence from studies confirming the neurotoxicity of Thimerosal. | Documentation linking Thimerosal exposure to autism.,Evidence showing that Thimerosal is safe and not linked to autism. | Counterclaims from health authorities disputing the neurotoxicity of Thimerosal.,"Data showing that while Thimerosal may be neurotoxic, its effects may vary based on exposure levels.",Studies on Thimerosal's neurotoxicity | Documentation linking Thimerosal to autism,Restating the claim without providing supporting evidence. | Proving the existence of Thimerosal without addressing its effects.,,primary_article_result,primary_article_result,Thimerosal neurotoxicity | Thimerosal autism link,,Ensure that the evidence directly addresses the neurotoxic effects of Thimerosal rather than general vaccine safety.,true
CF1-F03,1,Set C,model,completed,,,"Aluminum in vaccines is toxic and can cause neurological damage, including autism.",pillar,endorsed,Various studies on aluminum toxicity,,,,,,unresolved,,high,Aluminum exposure from vaccines,Public Health Claims,U0250 | U0255,"[U0250] Injecting aluminum through a vaccination bypasses these protections, placing it directly into the bloodstream.
[U0255] Aluminum poisoning has been linked to autism, SIDs, seizures, autoimmune issues, Alzheimers, neurological damage, impaired renal function, demyelinating disorders such as MS, and cancer. [ source ]",substantive,"Aluminum in vaccines is toxic and can cause neurological damage, including autism.",,The dispute is whether aluminum in vaccines is indeed toxic and linked to neurological damage.,,Evidence from studies confirming the toxicity of aluminum in vaccines. | Documentation linking aluminum exposure to neurological damage.,Evidence showing that aluminum in vaccines is safe and not linked to neurological damage. | Counterclaims from health authorities disputing the toxicity of aluminum.,"Data showing that while aluminum may be toxic, its effects may vary based on exposure levels.",Studies on aluminum toxicity in vaccines | Documentation linking aluminum to neurological damage,Restating the claim without providing supporting evidence. | Proving the existence of aluminum without addressing its effects.,,primary_article_result,primary_article_result,aluminum toxicity vaccines | aluminum neurological damage,,Ensure that the evidence directly addresses the toxic effects of aluminum rather than general vaccine safety.,true
CF1-F03,1,Set C,model,completed,,,The CDC has classified thimerosal-containing vaccines as hazardous waste due to their mercury content.,pillar,endorsed,EPA guidelines,,,,,,unresolved,,high,CDC's classification of vaccine waste,Public Health Claims,U0370,"[U0370] Thimerosal as a Vaccine Preservative , a summary prepared in 2025 for the CDC’s Advisory Committee for Immunization Practices (ACIP), notes that “thimerosal-containing vaccines exceed the TCLP threshold by orders of magnitude and are classified as D009 Hazardous Waste.”",substantive,The CDC has classified thimerosal-containing vaccines as hazardous waste due to their mercury content.,,The dispute is whether the CDC has indeed classified these vaccines as hazardous waste.,,Evidence from CDC documentation confirming the classification of thimerosal-containing vaccines as hazardous waste. | Documentation of the criteria used for this classification.,Evidence showing that the classification is incorrect or misrepresented. | Counterclaims from credible sources disputing the hazardous classification.,"Data showing that while classified as hazardous, the actual risk may vary based on exposure.",CDC documentation on hazardous waste classification | Criteria for classifying vaccines as hazardous waste,Restating the claim without providing supporting evidence. | Proving the existence of the classification without addressing its implications.,,primary_article_result,named_work_result,CDC hazardous waste classification thimerosal | thimerosal vaccines hazardous waste,NW001,Ensure that the evidence directly addresses the classification issue rather than general vaccine safety.,true
CF1-F03,1,Set C,model,completed,,,The health department's ad claims that children face more challenges to their immune system while playing outside than from vaccines.,pillar,reported,Jefferson County Public Health,,,,,,unresolved,,medium,"Jefferson County, health department ad",Public Health Claims,U0008,[U0008] • “Our kids face more challenges to their immune system while playing outside than they do from vaccines.”,substantive,The health department's ad claims that children face more challenges to their immune system while playing outside than from vaccines.,,The dispute is whether the health department's claim is accurate.,,Evidence supporting the claim that children face more challenges to their immune system while playing outside than from vaccines. | Documentation of studies comparing outdoor challenges to vaccination risks.,Evidence showing that vaccines pose greater risks to children's immune systems than outdoor challenges. | Counterclaims from credible sources disputing the health department's claim.,"Data showing that while outdoor challenges exist, their impact may vary based on individual circumstances.",Health department ad claims | Studies on immune system challenges,Restating the claim without providing supporting evidence. | Proving the existence of the ad without addressing its accuracy.,,primary_article_result,primary_article_result,health department immune system claims | outdoor challenges vaccination risks,,Ensure that the evidence directly addresses the health department's claim rather than general vaccine safety.,true
CF1-F03,1,Set C,model,completed,,,The childhood vaccination schedule has increased from 5 doses in the 1950s to 73 doses by 2011.,pillar,endorsed,Article author,,,,,,unresolved,,medium,U.S. childhood vaccination schedule over decades,Public Health Claims,U0080,[U0080] In the decades following the 1986 act the childhood schedule exploded to 73 doses/54 shots.,substantive,The childhood vaccination schedule has increased from 5 doses in the 1950s to 73 doses by 2011.,,The dispute is whether the vaccination schedule has indeed increased as claimed.,,Evidence confirming the increase in the childhood vaccination schedule from 5 doses to 73 doses. | Documentation of historical vaccination schedules.,Evidence showing that the vaccination schedule has not increased as claimed. | Counterclaims from credible sources disputing the increase.,"Data showing that while the schedule has increased, the number of required vaccines may vary by state.",Historical vaccination schedules | Documentation of vaccination dose increases,Restating the claim without providing supporting evidence. | Proving the existence of the schedule without addressing its changes.,,primary_article_result,primary_article_result,childhood vaccination schedule increase | historical vaccination doses,,Ensure that the evidence directly addresses the increase in vaccination doses rather than general vaccine safety.,true
CF1-F03,1,Set C,model,completed,,,"Censorship of vaccine dissenting views is prevalent, as evidenced by the cancellation of the film 'Vaxxed'.",pillar,endorsed,Article author,,,,,,unresolved,,medium,Censorship incidents related to vaccine discussions,Censorship and Gatekeeping,U0048 | U0052 | U0055 | U0062,"[U0048] Scheduled to premier at the Tribeca Film Festival, Big Pharma pressure forced its cancellation.
[U0052] Working with the film’s distributor and Rose Theatre owner Rocky Friedman, Annette Huenke (now a PTFP co-editor) set up a screening of Vaxxed in Port Townsend.
[U0055] Within 24 hours of the film being announced, the screening which had been planned over months was canceled.
[U0062] Self-appointed community gatekeeper Owen Rowe demonstrated the epitome of the angry zealotry that Siri describes.",substantive,"Censorship of vaccine dissenting views is prevalent, as evidenced by the cancellation of the film 'Vaxxed'.",,The dispute is whether censorship of vaccine dissenting views is indeed prevalent.,,"Evidence showing instances of censorship related to vaccine dissenting views, including the cancellation of 'Vaxxed'. | Documentation of other similar incidents of censorship.",Evidence showing that censorship is not prevalent or that dissenting views are allowed to be expressed. | Counterclaims from credible sources disputing the prevalence of censorship.,"Data showing that while censorship exists, it may not be widespread or systematic.",Instances of censorship related to vaccines | Documentation of the cancellation of 'Vaxxed',Restating the claim without providing supporting evidence. | Proving the existence of censorship without addressing its prevalence.,,primary_article_result,primary_article_result,vaccine censorship | cancellation of Vaxxed,,Ensure that the evidence directly addresses the prevalence of censorship rather than general vaccine safety.,true
CF1-F03,2,Set C,model,completed,,,"Half of American school children are not fully vaccinated, and at least 1 in 88 toddlers are completely unvaccinated.",pillar,reported,CDC,,,,,,unresolved,,high,"United States, current vaccination rates",Public Health Claims,U0002,"[U0002] “According to the CDC and public health authorities, parents who choose not to vaccinate their children are typically highly educated. CDC data reflect that half of American school children are not fully vaccinated, and at least 1 in 88 toddlers are completely unvaccinated. Why would the parents of these children, comprising a large part of the nation’s brain trust, choose not to vaccinate their children?”",substantive,"Half of American school children are not fully vaccinated, and at least 1 in 88 toddlers are completely unvaccinated.",,The dispute is whether the vaccination rates reported by the CDC are accurate.,,Evidence showing that CDC data confirms half of American school children are not fully vaccinated. | Statistics indicating that at least 1 in 88 toddlers are completely unvaccinated.,Evidence showing that less than half of American school children are not fully vaccinated. | Statistics indicating that more than 1 in 88 toddlers are fully vaccinated.,Data showing that the vaccination rates vary significantly by region or demographic.,CDC vaccination statistics | Population of American school children | Current vaccination rates | Time frame of the data,Restating the claim without providing supporting data. | Proving the CDC's authorship without addressing the vaccination rates.,,primary_article_result,primary_article_result,CDC vaccination statistics | American school children vaccination rates,,Ensure that the data is current and accurately reflects the population in question.,true
CF1-F03,2,Set C,host_pillar_backfill,completed,,,"There is a growing trend of parents seeking vaccine exemptions for their children, indicating a shift in public perception about vaccination.",pillar,unclear,article,,,,,,unresolved,,medium,"There is a growing trend of parents seeking vaccine exemptions for their children, indicating a shift in public perception about vaccination.",Vaccine Exemptions,U0013 | U0014,"[U0013] The health department’s ad comes at a time when childhood vaccination rates are dropping steadily across the country.
[U0014] Along with reduction in vaccine uptake, there is also a rise in the rate of parents seeking vaccine exemptions for their children.",substantive,"There is a growing trend of parents seeking vaccine exemptions for their children, indicating a shift in public perception about vaccination.",,The dispute is whether the trend of seeking vaccine exemptions is indeed growing.,,Evidence showing an increase in the number of vaccine exemption requests over recent years. | Surveys indicating changing public perceptions about vaccination.,Evidence showing a decrease in the number of vaccine exemption requests over recent years. | Surveys indicating stable or increasing support for vaccination.,Data showing that the trend is limited to specific regions or demographics.,Data on vaccine exemption requests | Public perception surveys on vaccination | Time frame of the data,Restating the claim without providing supporting data. | Discussing vaccine exemptions without addressing the trend.,,primary_article_result,primary_article_result,vaccine exemption trends | public perception of vaccination,,Ensure that the data is comprehensive and reflects a broad population.,true
CF1-F03,2,Set C,model,completed,,,The CDC manipulated data linking the MMR vaccine to autism and ordered the destruction of evidence.,thesis,endorsed,"William Thompson, CDC whistleblower",,,,,,unresolved,,high,"CDC, MMR vaccine studies",Public Health Claims,U0037 | U0038,"[U0037] Senior CDC scientist turned whistleblower William Thompson revealed privately in 2014 that data linking the MMR vaccine (measles/mumps/rubella) to autism had been manipulated by the agency ten years earlier.
[U0038] When top CDC officials learned that their 2004 study results showed a dramatic increase in autism after MMR vaccinations, they’d ordered Thompson and other scientists to destroy all evidence.",substantive,The CDC manipulated data linking the MMR vaccine to autism and ordered the destruction of evidence.,,The dispute is whether the CDC actually manipulated data and ordered destruction.,,Evidence from whistleblower William Thompson corroborating data manipulation claims. | Documentation showing orders from CDC officials to destroy evidence.,Evidence showing that the CDC did not manipulate data or destroy evidence. | Official statements from the CDC denying the allegations.,Data showing that the manipulation claims are limited to specific studies or contexts.,William Thompson's statements | CDC internal communications | MMR vaccine studies,Restating the claim without providing supporting data. | Proving the whistleblower's identity without addressing the manipulation.,,primary_article_result,primary_article_result,CDC data manipulation | William Thompson whistleblower,,Ensure that the evidence is credible and directly related to the claims.,true
CF1-F03,2,Set C,model,completed,,,The health department's claims about vaccines are based on medical dogma that lacks a basis in reality.,thesis,endorsed,Article author,,,,,,unresolved,,high,Jefferson County Public Health claims,Public Health Claims,U0027,"[U0027] As this article will show, the claims made in our health department’s ad repeat medical dogma that has persisted for decades with no basis in reality.",substantive,The health department's claims about vaccines are based on medical dogma that lacks a basis in reality.,,The dispute is whether the health department's claims are indeed based on unfounded medical dogma.,,Evidence showing that health department claims lack scientific backing. | Documentation of medical dogma in public health narratives.,Evidence showing that health department claims are supported by credible scientific research. | Documentation of valid medical practices in vaccination.,Data showing that some health department claims are valid while others are not.,Health department claims | Scientific studies on vaccination | Public health narratives,Restating the claim without providing supporting data. | Discussing medical dogma without addressing the health department's claims.,,primary_article_result,primary_article_result,health department vaccine claims | medical dogma in vaccination,,Ensure that the evidence is comprehensive and reflects a broad perspective.,true
CF1-F03,2,Set C,model,completed,,,"There have been no credible studies linking vaccination to chronic disease, according to public health authorities.",pillar,reported,Jefferson County Public Health,,,,,,unresolved,,high,General vaccination claims,Public Health Claims,U0011,"[U0011] • “So far, there have been no credible studies that link vaccination to chronic disease.”",substantive,"There have been no credible studies linking vaccination to chronic disease, according to public health authorities.",,The dispute is whether credible studies exist that link vaccination to chronic disease.,,Evidence showing that public health authorities have stated no credible studies exist. | Documentation of studies that have been discredited or deemed non-credible.,Evidence showing credible studies that link vaccination to chronic disease. | Statements from public health authorities acknowledging such studies.,Data showing that some studies may be credible while others are not.,Public health authority statements | Studies on vaccination and chronic disease | Time frame of the data,Restating the claim without providing supporting data. | Proving the authority's statement without addressing the studies.,,primary_article_result,primary_article_result,vaccination chronic disease studies | public health authority statements,,Ensure that the evidence is current and accurately reflects the scientific consensus.,true
CF1-F03,2,Set C,model,completed,,,The 1986 National Childhood Vaccine Injury Act removed all liability from drug companies for childhood vaccines.,pillar,endorsed,U.S. Congress,,,,,,unresolved,,high,"U.S. legislation, vaccine liability",Public Health Claims,U0070,"[U0070] Bowing to the pressure, in 1986 Congress removed all liability from drug companies for childhood vaccines they produced.",substantive,The 1986 National Childhood Vaccine Injury Act removed all liability from drug companies for childhood vaccines.,,The dispute is whether the 1986 Act indeed removed all liability.,,Evidence from the text of the 1986 National Childhood Vaccine Injury Act confirming liability removal. | Documentation of legal interpretations of the Act.,Evidence showing that the Act did not remove all liability. | Legal opinions stating that some liability remains.,Data showing that liability varies by specific circumstances or cases.,Text of the 1986 Act | Legal interpretations of vaccine liability | Time frame of the Act,Restating the claim without providing supporting data. | Proving the Act's existence without addressing liability.,,primary_article_result,named_work_result,1986 National Childhood Vaccine Injury Act | vaccine liability laws,NW001,Ensure that the evidence is comprehensive and reflects legal interpretations.,true
CF1-F03,2,Set C,model,completed,,,"Parents have reported a rise in chronic health conditions in children, correlating with increased vaccination rates.",pillar,reported,Article author,,,,,,unresolved,,high,"U.S. children, chronic health conditions",Public Health Claims,U0086,"[U0086] It was a rude awakening, especially for those of us in the Baby Boomer generation, to learn that the chronic illness rate in U.S. children which had been negligible when we were kids had jumped to 12.8% in the 1980s, then to 54% by 2011 .",substantive,"Parents have reported a rise in chronic health conditions in children, correlating with increased vaccination rates.",,The dispute is whether there is a correlation between chronic health conditions and vaccination rates.,,Evidence showing reports from parents about rising chronic health conditions. | Statistics correlating chronic health conditions with vaccination rates.,Evidence showing no correlation between chronic health conditions and vaccination rates. | Statistics indicating stable or decreasing chronic health conditions.,Data showing that the correlation is limited to specific populations or conditions.,Parent reports on health conditions | Vaccination rate statistics | Time frame of the data,Restating the claim without providing supporting data. | Discussing chronic health conditions without addressing vaccination rates.,,primary_article_result,primary_article_result,chronic health conditions children | vaccination rates correlation,,Ensure that the evidence is comprehensive and reflects a broad perspective.,true
CF1-F03,2,Set C,model,completed,,,"Thimerosal, a mercury-based preservative used in vaccines, is toxic and linked to neurological damage.",pillar,endorsed,Material Safety Data Sheet for thimerosal,,,,,,unresolved,,high,Thimerosal in vaccines,Public Health Claims,U0001 | U0027 | U0301,"[U0001] Public Health’s “Truth” About Vaccines
PART 1
by Ana Wolpin | Apr 12, 2026 | General | 33 comments
[U0027] As this article will show, the claims made in our health department’s ad repeat medical dogma that has persisted for decades with no basis in reality.
[U0301] “[Thimerosal] is toxic… Mutagenic in mammalian cells.“",substantive,"Thimerosal, a mercury-based preservative used in vaccines, is toxic and linked to neurological damage.",,The dispute is whether Thimerosal is indeed toxic and linked to neurological damage.,,Evidence from Material Safety Data Sheets confirming Thimerosal's toxicity. | Studies linking Thimerosal to neurological damage.,Evidence showing that Thimerosal is not toxic or linked to neurological damage. | Studies discrediting the link between Thimerosal and neurological issues.,Data showing that toxicity may vary by dosage or exposure.,Material Safety Data Sheets | Studies on Thimerosal | Time frame of the data,Restating the claim without providing supporting data. | Proving Thimerosal's existence without addressing its effects.,,primary_article_result,primary_article_result,Thimerosal toxicity | neurological damage Thimerosal,,Ensure that the evidence is credible and directly related to the claims.,true
CF1-F03,2,Set C,model,completed,,,The CDC has not safety tested the cumulative aluminum load received in multiple vaccine shots.,pillar,endorsed,Article author,,,,,,unresolved,,high,CDC vaccine safety testing,Public Health Claims,U0279,[U0279] The CDC has NEVER safety tested this cumulative load received in multiple shots.,substantive,The CDC has not safety tested the cumulative aluminum load received in multiple vaccine shots.,,The dispute is whether the CDC has conducted safety tests on aluminum loads.,,Evidence showing that the CDC has not conducted safety tests on cumulative aluminum loads. | Documentation of CDC safety testing protocols.,Evidence showing that the CDC has conducted safety tests on aluminum loads. | Statements from the CDC confirming safety testing.,Data showing that safety testing may vary by specific vaccines or circumstances.,CDC safety testing protocols | Aluminum load statistics | Time frame of the data,Restating the claim without providing supporting data. | Proving the CDC's existence without addressing safety testing.,,primary_article_result,primary_article_result,CDC aluminum safety testing | cumulative aluminum load vaccines,,Ensure that the evidence is comprehensive and reflects testing protocols.,true
CF1-F03,2,Set C,model,completed,,,The health department's ad claims that children face more challenges to their immune system while playing outside than from vaccines.,pillar,reported,Jefferson County Public Health,,,,,,unresolved,,medium,"Jefferson County, health department ad",Public Health Claims,U0008,[U0008] • “Our kids face more challenges to their immune system while playing outside than they do from vaccines.”,substantive,The health department's ad claims that children face more challenges to their immune system while playing outside than from vaccines.,,The dispute is whether the health department's ad accurately reflects the challenges to children's immune systems.,,Evidence showing that the health department's ad claims are supported by scientific research. | Documentation of challenges to children's immune systems from outdoor play.,Evidence showing that the health department's claims are not supported by research. | Studies indicating that vaccines pose more challenges than outdoor play.,Data showing that the claims may vary by specific contexts or populations.,Health department ad claims | Scientific studies on immune challenges | Time frame of the data,Restating the claim without providing supporting data. | Discussing immune challenges without addressing the ad's claims.,,primary_article_result,primary_article_result,health department immune system claims | vaccines outdoor play,,Ensure that the evidence is comprehensive and reflects a broad perspective.,true
CF1-F03,2,Set C,model,completed,,,The childhood vaccination schedule has increased from 5 doses in the 1950s to 73 doses by 2011.,pillar,endorsed,Article author,,,,,,unresolved,,medium,U.S. vaccination schedule history,Public Health Claims,U0080,[U0080] In the decades following the 1986 act the childhood schedule exploded to 73 doses/54 shots.,substantive,The childhood vaccination schedule has increased from 5 doses in the 1950s to 73 doses by 2011.,,The dispute is whether the vaccination schedule has indeed increased as stated.,,Evidence showing the historical vaccination schedule from the 1950s to 2011. | Documentation of the number of doses in the childhood vaccination schedule.,Evidence showing that the vaccination schedule has not increased as claimed. | Statistics indicating fewer doses in the schedule.,Data showing that the increase may vary by specific vaccines or regions.,Historical vaccination schedules | Number of doses over time | Time frame of the data,Restating the claim without providing supporting data. | Proving the existence of a schedule without addressing the increase.,,primary_article_result,primary_article_result,historical vaccination schedule | vaccination doses increase,,Ensure that the evidence is comprehensive and reflects historical data.,true
CF1-F03,2,Set C,model,completed,,,"Censorship of vaccine-related discussions is prevalent, as seen in the cancellation of the film 'Vaxxed'.",pillar,endorsed,Article author,,,,,,unresolved,,medium,U.S. public discourse on vaccines,Censorship and Gatekeeping,U0048 | U0052 | U0055 | U0062,"[U0048] Scheduled to premier at the Tribeca Film Festival, Big Pharma pressure forced its cancellation.
[U0052] Working with the film’s distributor and Rose Theatre owner Rocky Friedman, Annette Huenke (now a PTFP co-editor) set up a screening of Vaxxed in Port Townsend.
[U0055] Within 24 hours of the film being announced, the screening which had been planned over months was canceled.
[U0062] Self-appointed community gatekeeper Owen Rowe demonstrated the epitome of the angry zealotry that Siri describes.",substantive,"Censorship of vaccine-related discussions is prevalent, as seen in the cancellation of the film 'Vaxxed'.",,The dispute is whether censorship of vaccine-related discussions is indeed prevalent.,,Evidence showing instances of censorship related to vaccine discussions. | Documentation of the cancellation of the film 'Vaxxed'.,Evidence showing that vaccine-related discussions are not censored. | Statements from film festivals or distributors denying censorship.,Data showing that censorship may vary by region or context.,Instances of censorship | Cancellation documentation | Time frame of the data,Restating the claim without providing supporting data. | Discussing censorship without addressing vaccine-related discussions.,,primary_article_result,primary_article_result,vaccine censorship | Vaxxed film cancellation,,Ensure that the evidence is comprehensive and reflects a broad perspective.,true
CF1-F03,3,Set C,model,completed,,,"Half of American school children are not fully vaccinated, and at least 1 in 88 toddlers are completely unvaccinated.",pillar,reported,CDC,,,,,,unresolved,,high,"United States, current vaccination rates",Public health claims about vaccines are misleading. | Vaccine-related injuries and deaths are underreported.,U0002,"[U0002] “According to the CDC and public health authorities, parents who choose not to vaccinate their children are typically highly educated. CDC data reflect that half of American school children are not fully vaccinated, and at least 1 in 88 toddlers are completely unvaccinated. Why would the parents of these children, comprising a large part of the nation’s brain trust, choose not to vaccinate their children?”",substantive,"Half of American school children are not fully vaccinated, and at least 1 in 88 toddlers are completely unvaccinated.",,The dispute is whether the vaccination rates among American school children and toddlers are accurately reported.,,Evidence shows that vaccination rates among American school children are below 100%. | Data indicates that at least 1 in 88 toddlers are unvaccinated.,Evidence shows that vaccination rates among American school children are at or above 100%. | Data indicates that fewer than 1 in 88 toddlers are unvaccinated.,Vaccination rates are lower in specific regions or demographics within the United States.,CDC vaccination statistics | Population of American school children | Population of toddlers | Current vaccination rates | Geographic scope of the United States,Restating the claim without providing statistical evidence. | Discussing vaccination rates in a different country or region. | Using outdated statistics that do not reflect current rates.,,primary_article_result,primary_article_result,CDC vaccination statistics | American school children vaccination rates | toddlers vaccination rates,,,true
CF1-F03,3,Set C,model,completed,,,The CDC manipulated data linking the MMR vaccine to autism and ordered the destruction of evidence.,pillar,endorsed,"William Thompson, CDC whistleblower",,,,,,unresolved,,high,CDC's handling of MMR vaccine data,Public health claims about vaccines are misleading. | Censorship and suppression of vaccine-related information is prevalent.,U0037 | U0038 | U0040,"[U0037] Senior CDC scientist turned whistleblower William Thompson revealed privately in 2014 that data linking the MMR vaccine (measles/mumps/rubella) to autism had been manipulated by the agency ten years earlier.
[U0038] When top CDC officials learned that their 2004 study results showed a dramatic increase in autism after MMR vaccinations, they’d ordered Thompson and other scientists to destroy all evidence.
[U0040] Ultimately, the only way they could eliminate the evident risk was to eliminate from the study the groups of children most likely to regress into autism following their shot.",substantive,The CDC manipulated data linking the MMR vaccine to autism and ordered the destruction of evidence.,,The dispute is whether the CDC's actions regarding the MMR vaccine data manipulation and evidence destruction are true.,,Whistleblower statements corroborate the manipulation of MMR vaccine data. | Internal documents from the CDC support claims of evidence destruction.,No credible evidence supports the claim of data manipulation by the CDC. | Official CDC statements deny any wrongdoing regarding MMR vaccine data.,The manipulation of data was limited to specific studies or time periods.,William Thompson's whistleblower statements | CDC internal documents | Evidence of data manipulation | Evidence of evidence destruction,Restating the claim without providing supporting evidence. | Discussing vaccine safety without addressing the specific MMR data manipulation. | Using unrelated studies to refute the claim.,,mixed_sources,mixed_sources,CDC MMR vaccine data manipulation | William Thompson whistleblower | CDC evidence destruction,,,true
CF1-F03,3,Set C,model,completed,,,The 1986 National Childhood Vaccine Injury Act removed all liability from drug companies for childhood vaccines they produced.,pillar,endorsed,U.S. Congress,,,,,,unresolved,,high,U.S. vaccine legislation history,Vaccine-related injuries and deaths are underreported.,U0068 | U0070,"[U0068] The first shock for anyone just beginning this research was learning about the 1986 National Childhood Vaccine Injury Act.
[U0070] Bowing to the pressure, in 1986 Congress removed all liability from drug companies for childhood vaccines they produced.",substantive,The 1986 National Childhood Vaccine Injury Act removed all liability from drug companies for childhood vaccines they produced.,,The dispute is whether the 1986 Act indeed removed liability for vaccine manufacturers.,,The text of the 1986 National Childhood Vaccine Injury Act confirms the removal of liability. | Historical accounts of the Act's implications support the claim.,Evidence shows that manufacturers still hold some liability under certain conditions.,Liability removal applies only to specific vaccines or circumstances.,Text of the 1986 National Childhood Vaccine Injury Act | Historical context of vaccine liability | Legal interpretations of the Act,Restating the claim without providing legal evidence. | Discussing vaccine safety without addressing the liability issue. | Using unrelated laws to refute the claim.,,official_record,named_work_result,1986 National Childhood Vaccine Injury Act | vaccine manufacturer liability | historical vaccine legislation,NW001,,true
CF1-F03,3,Set C,model,completed,,,The CDC has classified thimerosal-containing vaccines as hazardous waste due to their mercury content.,pillar_support,endorsed,EPA,,,,,,unresolved,,high,U.S. vaccine safety regulations,Public health claims about vaccines are misleading. | Censorship and suppression of vaccine-related information is prevalent.,U0370,"[U0370] Thimerosal as a Vaccine Preservative , a summary prepared in 2025 for the CDC’s Advisory Committee for Immunization Practices (ACIP), notes that “thimerosal-containing vaccines exceed the TCLP threshold by orders of magnitude and are classified as D009 Hazardous Waste.”",substantive,The CDC has classified thimerosal-containing vaccines as hazardous waste due to their mercury content.,,The dispute is whether the CDC's classification of thimerosal-containing vaccines as hazardous waste is accurate.,,CDC documents confirm the classification of thimerosal as hazardous waste. | Evidence shows that thimerosal exceeds hazardous waste thresholds.,CDC documents deny that thimerosal-containing vaccines are classified as hazardous waste.,The classification applies only to specific types of thimerosal-containing vaccines.,CDC classification documents | Hazardous waste thresholds for thimerosal | Evidence of mercury content in vaccines,Restating the claim without providing supporting evidence. | Discussing mercury content without addressing the hazardous waste classification. | Using unrelated substances to refute the claim.,,primary_article_result,primary_article_result,CDC thimerosal classification | hazardous waste thimerosal | mercury in vaccines,,,true
CF1-F03,3,Set C,model,completed,,,"Thimerosal, a mercury-based preservative in vaccines, is neurotoxic and has been linked to autism and other neurological disorders.",pillar_support,endorsed,Material Safety Data Sheet for thimerosal,,,,,,unresolved,,high,Thimerosal's effects on health,Public health claims about vaccines are misleading. | Censorship and suppression of vaccine-related information is prevalent.,U0001 | U0027 | U0028 | U0062 | U0156 | U0160 | U0301 | U0310 | U0364,"[U0001] Public Health’s “Truth” About Vaccines
PART 1
by Ana Wolpin | Apr 12, 2026 | General | 33 comments
[U0027] As this article will show, the claims made in our health department’s ad repeat medical dogma that has persisted for decades with no basis in reality.
[U0028] At best the narrative is a wishful fairy tale.
[U0062] Self-appointed community gatekeeper Owen Rowe demonstrated the epitome of the angry zealotry that Siri describes.
[U0156] Once again, allowing people to consider varied perspectives and then make up their own minds was not permitted.
[U0160] Stephen Schumacher (also a PTFP co-editor now) would experience the same censorship several years later regarding the experimental mRNA Covid vaccines.
[U0301] “[Thimerosal] is toxic… Mutagenic in mammalian cells.“
[U0310] Contrary to our health department’s claim, it is highly neurotoxic — dangerous enough to cause “decreased offspring survival” as Eli Lilly was required by law to disclose in its Material Safety Data Sheet for thimerosal.
[U0364] The last review he cites is a meta-analysis:",substantive,"Thimerosal, a mercury-based preservative in vaccines, is neurotoxic and has been linked to autism and other neurological disorders.",,The dispute is whether thimerosal is neurotoxic and linked to autism and neurological disorders.,,Scientific studies confirm thimerosal's neurotoxicity. | Evidence links thimerosal exposure to autism and neurological disorders.,Studies show no significant link between thimerosal and autism or neurological disorders.,The neurotoxic effects are limited to specific populations or exposure levels.,Scientific literature on thimerosal | Evidence of neurotoxicity | Link between thimerosal and autism,Restating the claim without providing scientific evidence. | Discussing vaccine safety without addressing thimerosal specifically. | Using unrelated chemicals to refute the claim.,,primary_article_result,primary_article_result,thimerosal neurotoxicity | thimerosal autism link | scientific studies on thimerosal,,,true
CF1-F03,3,Set C,model,completed,,,"Aluminum in vaccines is toxic and can cause neurological damage, yet safety testing for cumulative aluminum exposure in vaccines has not been conducted.",pillar_support,endorsed,Article's author,,,,,,unresolved,,high,Toxicity of aluminum in vaccines,Public health claims about vaccines are misleading. | Censorship and suppression of vaccine-related information is prevalent.,U0250 | U0255 | U0286,"[U0250] Injecting aluminum through a vaccination bypasses these protections, placing it directly into the bloodstream.
[U0255] Aluminum poisoning has been linked to autism, SIDs, seizures, autoimmune issues, Alzheimers, neurological damage, impaired renal function, demyelinating disorders such as MS, and cancer. [ source ]
[U0286] “FDA regulations require safety testing of constituent ingredients in drugs (21 CFR 610.15). With the exception of extraneous proteins, no component safety testing is required for vaccines or vaccine schedules. The dosing of aluminum in vaccines is based on the production of antibody titers, not safety science .”",substantive,"Aluminum in vaccines is toxic and can cause neurological damage, yet safety testing for cumulative aluminum exposure in vaccines has not been conducted.",,The dispute is whether aluminum in vaccines is toxic and whether adequate safety testing has been conducted.,,Evidence shows aluminum's toxicity and its potential neurological effects. | Documentation confirms lack of safety testing for cumulative aluminum exposure.,Studies show aluminum in vaccines is safe and does not cause neurological damage.,Toxicity effects are limited to specific populations or exposure levels.,Scientific literature on aluminum toxicity | Safety testing protocols for vaccines | Cumulative aluminum exposure evidence,Restating the claim without providing scientific evidence. | Discussing aluminum in general without addressing its vaccine context. | Using unrelated substances to refute the claim.,,primary_article_result,primary_article_result,aluminum toxicity vaccines | safety testing aluminum | neurological damage aluminum,,,true
CF1-F03,3,Set C,model,completed,,,The childhood vaccination schedule has increased from 5 doses in the 1950s to 73 doses by 2011.,pillar_support,reported,Article's author,,,,,,unresolved,,medium,U.S. childhood vaccination schedule over decades,Vaccine-related injuries and deaths are underreported.,U0079 | U0080,"[U0079] While children had received just five vaccine doses in three shots in the 1950s and ’60s when I was growing up (none during pregnancy or in the first 12 months of life), by 1986 children were receiving 25 doses/12 shots.
[U0080] In the decades following the 1986 act the childhood schedule exploded to 73 doses/54 shots.",substantive,The childhood vaccination schedule has increased from 5 doses in the 1950s to 73 doses by 2011.,,The dispute is whether the increase in the childhood vaccination schedule is accurately reported.,,Historical vaccination data confirms the increase in doses from 5 to 73. | Documentation from health authorities supports the claim.,Evidence shows that the vaccination schedule has not increased as claimed.,The increase in doses applies only to specific vaccines or populations.,Historical vaccination records | Documentation from health authorities | Childhood vaccination schedule data,Restating the claim without providing historical evidence. | Discussing vaccination rates without addressing the schedule increase. | Using unrelated health data to refute the claim.,,primary_article_result,primary_article_result,childhood vaccination schedule history | vaccination doses increase | historical vaccination data,,,true
CF1-F03,3,Set C,model,completed,,,"Parents have reported severe adverse reactions in their children following vaccinations, including seizures and sudden infant death.",pillar_support,reported,Parents' testimonies,,,,,,unresolved,,medium,Reported vaccine reactions in children,Vaccine-related injuries and deaths are underreported.,U0089 | U0091 | U0100 | U0102 | U0106,"[U0089] During my childhood we had one of the best infant mortality rates in the world.
[U0091] An analysis of two decades of U.S. data (1990-2010) showed that infants who received the most vaccines had the worst hospitalization and death rates.
[U0100] More than 8,000 names were signed on the bus’ exterior of adults and children injured or killed by vaccines.
[U0102] Many described rushing their infants or toddlers to the ER with convulsions, 105° fevers, horrifying screams and seizures after their shots, only to be told this is normal… we see this all the time… it has nothing to do with the vaccines .
[U0106] Some within hours of getting vaccinated, and nearly all within a week of their “Well Baby” shots, would be found dead in their cribs after being put down for a nap.",both_needed,"Parents have reported severe adverse reactions in their children following vaccinations, including seizures and sudden infant death.",,The dispute is whether parents' reports of adverse reactions are credible and whether they are linked to vaccinations.,,Parent testimonies corroborate reports of severe adverse reactions post-vaccination. | Data from health authorities supports the occurrence of these reactions.,Evidence shows that reported reactions are not linked to vaccinations.,Adverse reactions are limited to specific vaccines or populations.,Parent testimonies | Health authority data on vaccine reactions | Evidence linking reactions to vaccinations,Restating the claim without providing supporting evidence. | Discussing vaccine safety without addressing specific adverse reactions. | Using unrelated health data to refute the claim.,,mixed_sources,mixed_sources,adverse reactions vaccines | parent reports vaccine reactions | severe vaccine reactions,,,true
CF1-F03,3,Set C,model,completed,,,"Censorship of vaccine-related information is prevalent in media and public discourse, limiting open discussion about vaccine safety.",pillar_support,endorsed,Article's author,,,,,,unresolved,,medium,Media censorship regarding vaccines,Censorship and suppression of vaccine-related information is prevalent.,U0062 | U0063 | U0156 | U0158 | U0160,"[U0062] Self-appointed community gatekeeper Owen Rowe demonstrated the epitome of the angry zealotry that Siri describes.
[U0063] By threatening Friedman and the Rose Theatre, he’d eliminated the heinous possibility of people being exposed to information that challenged his beliefs — effectively demanding censorship to squelch independent thinking.
[U0156] Once again, allowing people to consider varied perspectives and then make up their own minds was not permitted.
[U0158] This censorship was applied even when we submitted letters to the editor about vaccines.
[U0160] Stephen Schumacher (also a PTFP co-editor now) would experience the same censorship several years later regarding the experimental mRNA Covid vaccines.",substantive,"Censorship of vaccine-related information is prevalent in media and public discourse, limiting open discussion about vaccine safety.",,The dispute is whether censorship of vaccine-related information is occurring and its impact on public discourse.,,Evidence shows instances of censorship regarding vaccine information in media. | Documentation supports claims of limited discussion on vaccine safety.,Evidence shows that open discussion about vaccine safety is prevalent.,Censorship is limited to specific media outlets or contexts.,Instances of media censorship | Documentation of public discourse on vaccines | Evidence of limited discussion on vaccine safety,Restating the claim without providing supporting evidence. | Discussing media practices without addressing vaccine censorship. | Using unrelated topics to refute the claim.,,mixed_sources,mixed_sources,vaccine censorship media | public discourse vaccine safety | instances of vaccine censorship,,,true
CF1-F03,3,Set C,model,completed,,,"More than one in two American children had a diagnosed chronic health condition by 2011, a significant increase from previous decades.",pillar_support,reported,Article's author,,,,,,unresolved,,medium,U.S. children's health statistics,Vaccine-related injuries and deaths are underreported.,U0087 | U0088,"[U0087] More than one in two American children in the 2011 survey had a diagnosed chronic health condition such as an autoimmune disorder, diabetes or obesity, a neurodevelopmental disorder, or a mood or behavioral disorder.
[U0088] Today the percentage is surely even higher, but updated statistics are not available.",substantive,"More than one in two American children had a diagnosed chronic health condition by 2011, a significant increase from previous decades.",,The dispute is whether the reported increase in chronic health conditions among American children is accurate.,,Data confirms that more than 50% of American children had chronic health conditions by 2011. | Historical data supports the claim of increased chronic health conditions.,Evidence shows that the percentage of children with chronic health conditions is lower than reported.,The increase in chronic health conditions applies only to specific demographics.,Health statistics on American children | Data from 2011 on chronic health conditions | Historical health condition data,Restating the claim without providing statistical evidence. | Discussing health conditions without addressing the specific percentage. | Using unrelated health data to refute the claim.,,primary_article_result,primary_article_result,chronic health conditions children | American children health statistics | 2011 health data,,,true
CF1-F03,1,Set E2 + C2,model,completed,,Vaccines contain harmful substances such as aluminum and mercury that pose risks to children's health.,Vaccines contain harmful substances such as aluminum and mercury that pose risks to children's health.,pillar,endorsed,Ana Wolpin,,,strengthens,weakens,normal,normal,true,high,specific to vaccine ingredients and their effects on health,Pillar 1: Vaccine Safety,U0241 | U0242 | U0261 | U0300,"[U0241] THE FACTS / ALUMINUM:
[U0242] “Our calculations show that the levels of aluminum suggested by the currently used limits place infants at risk of acute, repeated, and possibly chronic exposures of toxic levels of aluminum in modern vaccine schedules.”
[U0261] The package insert for the Recombivax HB (HepB) vaccine shows its formulation contains 0.5 mg (500 mcg) of aluminum, with residual formaldehyde:
[U0300] THE FACTS / MERCURY:",substantive,Vaccines contain harmful substances such as aluminum and mercury that pose risks to children's health.,,The dispute is whether the substances in vaccines are harmful to children's health.,,Evidence showing that aluminum and mercury in vaccines cause health issues in children.,Evidence demonstrating that aluminum and mercury in vaccines do not pose risks to children's health.,Evidence indicating that the risks associated with aluminum and mercury in vaccines are minimal or only affect certain populations.,aluminum | mercury | children's health | toxicity studies,Restating the claim without providing new evidence. | Discussing vaccine safety without addressing aluminum and mercury specifically.,,mixed_sources,mixed_sources,aluminum toxicity | mercury toxicity | vaccine ingredients,,Ensure that evidence specifically addresses the health risks posed by aluminum and mercury in vaccines.,true
CF1-F03,1,Set E2 + C2,model,completed,,The claims made by public health authorities regarding vaccine safety and efficacy are not supported by credible scientific evidence.,The claims made by public health authorities regarding vaccine safety and efficacy are not supported by credible scientific evidence.,pillar,endorsed,Ana Wolpin,,,strengthens,weakens,normal,normal,true,high,general claims about vaccine safety and efficacy,Pillar 2: Vaccine Efficacy,U0001,"[U0001] Public Health’s “Truth” About Vaccines
PART 1
by Ana Wolpin | Apr 12, 2026 | General | 33 comments",substantive,The claims made by public health authorities regarding vaccine safety and efficacy are not supported by credible scientific evidence.,,The dispute is whether credible scientific evidence supports public health claims about vaccine safety and efficacy.,,Research studies that show a lack of credible evidence supporting vaccine safety and efficacy claims.,Research studies that provide credible evidence supporting vaccine safety and efficacy claims.,"Evidence indicating that while some claims may lack support, others may be substantiated.",public health claims | vaccine safety | vaccine efficacy | scientific evidence,Restating the claim without providing new evidence. | Discussing vaccine safety without addressing the credibility of public health claims.,,primary_article_result,primary_article_result,vaccine safety studies | vaccine efficacy studies | public health claims,,Ensure that evidence specifically addresses the credibility of public health claims about vaccines.,true
CF1-F03,1,Set E2 + C2,model,completed,,There is a systematic effort to suppress information and research that questions the safety and efficacy of vaccines.,There is a systematic effort to suppress information and research that questions the safety and efficacy of vaccines.,pillar,endorsed,Ana Wolpin,,,strengthens,weakens,normal,normal,true,high,specific to vaccine-related information suppression,Pillar 3: Censorship and Information Suppression,U0064 | U0066 | U0068 | U0148,"[U0064] People Who Do the Research
[U0066] We formed a vaccine study group that dove into the vaccination question with a great deal of curiosity.
[U0068] The first shock for anyone just beginning this research was learning about the 1986 National Childhood Vaccine Injury Act.
[U0148] Over a period of several months our group developed a vaccine study guide — VACCINATION: Where there is Risk, there must be Choice .",substantive,There is a systematic effort to suppress information and research that questions the safety and efficacy of vaccines.,,The dispute is whether there is a systematic effort to suppress vaccine-related information.,,Instances of documented censorship or suppression of research questioning vaccine safety and efficacy.,Evidence showing that there is no systematic effort to suppress vaccine-related information.,"Evidence indicating that while some information may be suppressed, it does not constitute a systematic effort.",censorship | vaccine research | safety and efficacy claims,Restating the claim without providing new evidence. | Discussing vaccine safety without addressing the suppression of information.,,mixed_sources,mixed_sources,vaccine censorship | research suppression | vaccine safety information,,Ensure that evidence specifically addresses the systematic nature of information suppression regarding vaccines.,true
CF1-F03,1,Set E2 + C2,model,completed,,"The type of mercury in vaccines, ethylmercury, is harmful and linked to neurological damage.","The type of mercury in vaccines, ethylmercury, is harmful and linked to neurological damage.",opponent_claim,endorsed,Ana Wolpin,,,strengthens,weakens,normal,normal,true,high,specific to ethylmercury in vaccines,Pillar 1: Vaccine Safety,U0255 | U0300 | U0306,"[U0255] Aluminum poisoning has been linked to autism, SIDs, seizures, autoimmune issues, Alzheimers, neurological damage, impaired renal function, demyelinating disorders such as MS, and cancer. [ source ]
[U0300] THE FACTS / MERCURY:
[U0306] “Forbidden Facts: Government Deceit & Suppression About Brain Damage from Childhood Vaccines”",substantive,"The type of mercury in vaccines, ethylmercury, is harmful and linked to neurological damage.",,The dispute is whether ethylmercury in vaccines is harmful and linked to neurological damage.,,Research studies linking ethylmercury exposure from vaccines to neurological damage.,Research studies showing that ethylmercury in vaccines does not cause neurological damage.,Evidence indicating that ethylmercury may be harmful only at certain exposure levels.,ethylmercury | neurological damage | vaccine exposure,Restating the claim without providing new evidence. | Discussing mercury in general without specifying ethylmercury.,,primary_article_result,primary_article_result,ethylmercury toxicity | neurological damage studies | vaccine mercury content,,Ensure that evidence specifically addresses the harmful effects of ethylmercury in vaccines.,true
CF1-F03,1,Set E2 + C2,model,completed,,"Aluminum in vaccines is linked to various health issues, including autism and neurological disorders.","Aluminum in vaccines is linked to various health issues, including autism and neurological disorders.",opponent_claim,endorsed,Ana Wolpin,,,strengthens,weakens,normal,normal,true,high,specific to aluminum's health effects,Pillar 1: Vaccine Safety,U0255,"[U0255] Aluminum poisoning has been linked to autism, SIDs, seizures, autoimmune issues, Alzheimers, neurological damage, impaired renal function, demyelinating disorders such as MS, and cancer. [ source ]",substantive,"Aluminum in vaccines is linked to various health issues, including autism and neurological disorders.",,The dispute is whether aluminum in vaccines is linked to health issues such as autism and neurological disorders.,,Research studies linking aluminum exposure from vaccines to health issues like autism and neurological disorders.,Research studies showing that aluminum in vaccines does not cause health issues.,Evidence indicating that aluminum may be harmful only in certain populations or exposure levels.,aluminum | health issues | autism | neurological disorders,Restating the claim without providing new evidence. | Discussing aluminum toxicity without linking it to vaccines.,,primary_article_result,primary_article_result,aluminum toxicity | autism studies | neurological disorders and vaccines,,Ensure that evidence specifically addresses the health issues linked to aluminum in vaccines.,true
CF1-F03,1,Set E2 + C2,model,completed,,"The CDC has manipulated data to conceal the risks associated with vaccines, including the MMR vaccine and autism.","The CDC has manipulated data to conceal the risks associated with vaccines, including the MMR vaccine and autism.",opponent_claim,endorsed,Ana Wolpin,,,strengthens,weakens,normal,normal,true,high,specific to CDC data manipulation,Pillar 3: Censorship and Information Suppression,U0041 | U0344,"[U0041] The fraudulent, re-worked study was then released to declare that it had proven MMR vaccines did not cause autism.
[U0344] Instead the CDC “massaged” the data and in 2003 released a reworked, fraudulent version of the study loudly trumpeting that thimerosal did not cause autism and other neurodevelomental problems.",substantive,"The CDC has manipulated data to conceal the risks associated with vaccines, including the MMR vaccine and autism.",,The dispute is whether the CDC manipulated data regarding vaccine risks.,,Evidence of data manipulation by the CDC related to vaccine risks.,Evidence showing that the CDC did not manipulate data regarding vaccine risks.,"Evidence indicating that while there may be concerns about data handling, it does not constitute manipulation.",CDC | data manipulation | vaccine risks | MMR vaccine,Restating the claim without providing new evidence. | Discussing CDC practices without addressing data manipulation.,,primary_article_result,primary_article_result,CDC data handling | vaccine risk studies | MMR vaccine data,,Ensure that evidence specifically addresses the alleged data manipulation by the CDC.,true
CF1-F03,1,Set E2 + C2,model,completed,,The rise in chronic health conditions among children correlates with the increase in vaccination rates since the 1986 National Childhood Vaccine Injury Act.,The rise in chronic health conditions among children correlates with the increase in vaccination rates since the 1986 National Childhood Vaccine Injury Act.,opponent_claim,endorsed,Ana Wolpin,,,strengthens,weakens,normal,normal,true,high,specific to chronic health conditions and vaccination rates,Pillar 2: Vaccine Efficacy,U0086 | U0090,"[U0086] It was a rude awakening, especially for those of us in the Baby Boomer generation, to learn that the chronic illness rate in U.S. children which had been negligible when we were kids had jumped to 12.8% in the 1980s, then to 54% by 2011 .
[U0090] But after embarking on the world’s most aggressive vaccination program, the U.S. had twice as many first-day infant deaths as all 27 EU nations combined .",substantive,The rise in chronic health conditions among children correlates with the increase in vaccination rates since the 1986 National Childhood Vaccine Injury Act.,,The dispute is whether there is a correlation between vaccination rates and chronic health conditions in children.,,Epidemiological studies showing a correlation between vaccination rates and chronic health conditions.,Epidemiological studies showing no correlation between vaccination rates and chronic health conditions.,Evidence indicating that the correlation may not imply causation.,vaccination rates | chronic health conditions | children | 1986 National Childhood Vaccine Injury Act,Restating the claim without providing new evidence. | Discussing vaccination rates without linking them to health conditions.,,primary_article_result,primary_article_result,vaccination and health outcomes | chronic conditions in children | 1986 Vaccine Injury Act,,Ensure that evidence specifically addresses the correlation between vaccination rates and chronic health conditions.,true
CF1-F03,1,Set E2 + C2,model,completed,,The narrative that vaccines are safe and effective is a form of medical dogma that lacks scientific basis.,The narrative that vaccines are safe and effective is a form of medical dogma that lacks scientific basis.,opponent_claim,endorsed,Ana Wolpin,,,strengthens,weakens,normal,normal,true,high,general claims about vaccine safety and efficacy,Pillar 2: Vaccine Efficacy,U0027 | U0028,"[U0027] As this article will show, the claims made in our health department’s ad repeat medical dogma that has persisted for decades with no basis in reality.
[U0028] At best the narrative is a wishful fairy tale.",substantive,The narrative that vaccines are safe and effective is a form of medical dogma that lacks scientific basis.,,The dispute is whether the narrative of vaccine safety and efficacy is scientifically supported.,,Evidence showing that the narrative of vaccine safety and efficacy lacks scientific support.,Evidence demonstrating that vaccines are safe and effective based on scientific studies.,"Evidence indicating that while some claims may lack support, others may be substantiated.",vaccine safety narrative | scientific basis | medical dogma,Restating the claim without providing new evidence. | Discussing vaccine safety without addressing the narrative's scientific basis.,,primary_article_result,primary_article_result,vaccine safety studies | scientific critiques of vaccines | medical dogma,,Ensure that evidence specifically addresses the scientific basis of the vaccine safety narrative.,true
CF1-F03,1,Set E2 + C2,model,completed,,The CDC's childhood vaccination schedule has expanded significantly without adequate safety testing for the cumulative effects of multiple vaccines.,The CDC's childhood vaccination schedule has expanded significantly without adequate safety testing for the cumulative effects of multiple vaccines.,opponent_claim,endorsed,Ana Wolpin,,,strengthens,weakens,normal,normal,true,high,specific to CDC vaccination schedule and safety testing,Pillar 1: Vaccine Safety,U0277 | U0286,"[U0277] Current vaccination schedules in which multiple shots are administered in a single visit exceed even the 850 mcg limit.
[U0286] “FDA regulations require safety testing of constituent ingredients in drugs (21 CFR 610.15). With the exception of extraneous proteins, no component safety testing is required for vaccines or vaccine schedules. The dosing of aluminum in vaccines is based on the production of antibody titers, not safety science .”",substantive,The CDC's childhood vaccination schedule has expanded significantly without adequate safety testing for the cumulative effects of multiple vaccines.,,The dispute is whether the CDC's vaccination schedule has expanded without adequate safety testing.,,Evidence showing that the CDC's vaccination schedule has expanded without proper safety testing.,Evidence demonstrating that the CDC has conducted adequate safety testing for the vaccination schedule.,"Evidence indicating that while the schedule has expanded, some testing may have been conducted.",CDC vaccination schedule | safety testing | cumulative effects,Restating the claim without providing new evidence. | Discussing vaccination schedules without addressing safety testing.,,primary_article_result,primary_article_result,CDC vaccination schedule | safety testing of vaccines | cumulative effects of vaccines,,Ensure that evidence specifically addresses the safety testing of the CDC's vaccination schedule.,true
CF1-F03,1,Set E2 + C2,model,completed,,Parents are increasingly seeking vaccine exemptions due to concerns about vaccine safety and efficacy.,Parents are increasingly seeking vaccine exemptions due to concerns about vaccine safety and efficacy.,pillar_support,endorsed,Ana Wolpin,,,strengthens,weakens,normal,normal,true,medium,specific to parental behavior regarding vaccination,Pillar 4: Vaccine Exemptions and Parental Choice,U0014,"[U0014] Along with reduction in vaccine uptake, there is also a rise in the rate of parents seeking vaccine exemptions for their children.",substantive,Parents are increasingly seeking vaccine exemptions due to concerns about vaccine safety and efficacy.,,The dispute is whether parents are seeking vaccine exemptions due to safety and efficacy concerns.,,Statistics showing an increase in vaccine exemption requests by parents.,Statistics showing no increase in vaccine exemption requests.,Evidence indicating that concerns about vaccine safety and efficacy are not the only reasons for seeking exemptions.,vaccine exemptions | parental concerns | safety and efficacy,Restating the claim without providing new evidence. | Discussing vaccine exemptions without linking them to parental concerns.,,primary_article_result,primary_article_result,vaccine exemption statistics | parental vaccine concerns | vaccine safety and efficacy,,Ensure that evidence specifically addresses the reasons for seeking vaccine exemptions.,true
CF1-F03,2,Set E2 + C2,model,completed,,"Vaccines contain aluminum, which is toxic and can cause neurological damage.","Vaccines contain aluminum, which is toxic and can cause neurological damage.",pillar,endorsed,Ana Wolpin,,,strengthens,weakens,normal,normal,true,high,aluminum in vaccines,Pillar 1: Vaccine Safety,U0241 | U0255,"[U0241] THE FACTS / ALUMINUM:
[U0255] Aluminum poisoning has been linked to autism, SIDs, seizures, autoimmune issues, Alzheimers, neurological damage, impaired renal function, demyelinating disorders such as MS, and cancer. [ source ]",substantive,"Vaccines contain aluminum, which is toxic and can cause neurological damage.",,The dispute is whether aluminum in vaccines is toxic and causes neurological damage.,,Studies showing aluminum in vaccines leads to neurological damage in children.,Studies demonstrating that aluminum in vaccines does not cause neurological damage.,Evidence showing that aluminum is present in vaccines but does not lead to neurological damage in all cases.,aluminum | neurological damage | vaccines,Restating the claim without providing new evidence. | Proving that aluminum is present in vaccines without addressing its toxicity.,,primary_article_result,primary_article_result,aluminum toxicity | neurological damage | vaccines,,,true
CF1-F03,2,Set E2 + C2,model,completed,,The claim that vaccines are tested more rigorously than other medications is misleading and not supported by evidence.,The claim that vaccines are tested more rigorously than other medications is misleading and not supported by evidence.,pillar,endorsed,Ana Wolpin,,,weakens,strengthens,invert,invert,true,high,vaccine testing standards,Pillar 2: Vaccine Efficacy,U0401,[U0401] Is it true that “vaccines are tested more than any other medicine you could give your kid” ?,substantive,The claim that vaccines are tested more rigorously than other medications is misleading and not supported by evidence.,,The dispute is whether vaccines are indeed tested more rigorously than other medications.,,Comparative studies showing vaccines are tested less rigorously than other medications.,Evidence demonstrating that vaccines undergo more rigorous testing than other medications.,"Evidence indicating that while vaccines are tested, the level of rigor is variable compared to other medications.",vaccine testing standards | rigorous testing | comparative analysis,Restating the claim without providing new evidence. | Proving that vaccines are tested without addressing the rigor of that testing.,,primary_article_result,primary_article_result,vaccine testing | rigor of testing | comparative studies on medications,,,true
CF1-F03,2,Set E2 + C2,model,completed,,The rise in vaccine hesitancy is linked to increased awareness of vaccine risks and public health authorities' lack of transparency.,The rise in vaccine hesitancy is linked to increased awareness of vaccine risks and public health authorities' lack of transparency.,pillar,endorsed,Ana Wolpin,,,strengthens,weakens,normal,normal,true,medium,vaccine hesitancy trends,Pillar 3: Vaccine Exemptions and Hesitancy,U0013 | U0014,"[U0013] The health department’s ad comes at a time when childhood vaccination rates are dropping steadily across the country.
[U0014] Along with reduction in vaccine uptake, there is also a rise in the rate of parents seeking vaccine exemptions for their children.",substantive,The rise in vaccine hesitancy is linked to increased awareness of vaccine risks and public health authorities' lack of transparency.,,The dispute is whether vaccine hesitancy is indeed linked to awareness of risks and transparency issues.,,Surveys showing a correlation between awareness of vaccine risks and increased vaccine hesitancy.,Evidence indicating that vaccine hesitancy is not linked to awareness of risks or transparency issues.,"Evidence showing that while there is hesitancy, it may be influenced by factors other than awareness of risks.",vaccine hesitancy | awareness of risks | transparency of public health authorities,Restating the claim without providing new evidence. | Discussing vaccine hesitancy without linking it to awareness of risks.,,primary_article_result,primary_article_result,vaccine hesitancy trends | public perception of vaccines | awareness of vaccine risks,,,true
CF1-F03,2,Set E2 + C2,model,completed,,Public health authorities engage in censorship to suppress dissenting views on vaccines.,Public health authorities engage in censorship to suppress dissenting views on vaccines.,pillar,endorsed,Ana Wolpin,,,strengthens,weakens,normal,normal,true,high,censorship in public health,Pillar 4: Censorship and Information Suppression,U0062 | U0156 | U0158 | U0159,"[U0062] Self-appointed community gatekeeper Owen Rowe demonstrated the epitome of the angry zealotry that Siri describes.
[U0156] Once again, allowing people to consider varied perspectives and then make up their own minds was not permitted.
[U0158] This censorship was applied even when we submitted letters to the editor about vaccines.
[U0159] Our opinions , if they challenged local health authorities, were not allowed on the OPINION page.",substantive,Public health authorities engage in censorship to suppress dissenting views on vaccines.,,The dispute is whether public health authorities actually engage in censorship regarding vaccines.,,Documented instances of censorship by public health authorities regarding vaccine discussions.,Evidence showing that public health authorities do not engage in censorship regarding vaccines.,"Evidence indicating that while there may be instances of censorship, they are not widespread or systematic.",censorship | public health authorities | dissenting views on vaccines,Restating the claim without providing new evidence. | Proving that dissenting views exist without showing censorship.,,mixed_sources,mixed_sources,censorship in public health | dissenting views on vaccines | examples of censorship,,,true
CF1-F03,2,Set E2 + C2,model,completed,,"Thimerosal, a mercury-based preservative used in some vaccines, is neurotoxic and poses significant health risks.","Thimerosal, a mercury-based preservative used in some vaccines, is neurotoxic and poses significant health risks.",pillar,endorsed,Ana Wolpin,,,strengthens,weakens,normal,normal,true,high,thimerosal in vaccines,Pillar 1: Vaccine Safety,U0300 | U0310,"[U0300] THE FACTS / MERCURY:
[U0310] Contrary to our health department’s claim, it is highly neurotoxic — dangerous enough to cause “decreased offspring survival” as Eli Lilly was required by law to disclose in its Material Safety Data Sheet for thimerosal.",substantive,"Thimerosal, a mercury-based preservative used in some vaccines, is neurotoxic and poses significant health risks.",,The dispute is whether thimerosal is indeed neurotoxic and poses health risks.,,Research demonstrating thimerosal's neurotoxicity and associated health risks.,Studies showing that thimerosal does not pose significant health risks.,Evidence indicating that thimerosal is present in some vaccines but its health risks are minimal or context-dependent.,thimerosal | neurotoxicity | health risks | vaccines,Restating the claim without providing new evidence. | Proving that thimerosal is present in vaccines without addressing its toxicity.,,primary_article_result,primary_article_result,thimerosal toxicity | health risks of thimerosal | mercury in vaccines,,,true
CF1-F03,2,Set E2 + C2,model,completed,,"The CDC has manipulated data to conceal the risks associated with vaccines, particularly regarding autism.","The CDC has manipulated data to conceal the risks associated with vaccines, particularly regarding autism.",pillar,endorsed,Ana Wolpin,,,strengthens,weakens,normal,normal,true,high,CDC data manipulation,Pillar 1: Vaccine Safety,U0344 | U0345,"[U0344] Instead the CDC “massaged” the data and in 2003 released a reworked, fraudulent version of the study loudly trumpeting that thimerosal did not cause autism and other neurodevelomental problems.
[U0345] It’s the same playbook that CDC whistleblower William Thompson exposed decades later regarding the CDC’s study of the MMR vaccine and autism.",substantive,"The CDC has manipulated data to conceal the risks associated with vaccines, particularly regarding autism.",,The dispute is whether the CDC has indeed manipulated data regarding vaccine risks.,,Investigations showing data manipulation by the CDC regarding vaccine risks.,Evidence indicating that the CDC has not manipulated data regarding vaccine risks.,"Evidence showing that while there may be concerns about data handling, it does not necessarily imply manipulation.",CDC | data manipulation | vaccine risks | autism,Restating the claim without providing new evidence. | Proving that the CDC has data without addressing manipulation.,,primary_article_result,primary_article_result,CDC data handling | vaccine risk data | autism and vaccines,,,true
CF1-F03,2,Set E2 + C2,model,completed,,The CDC's assertion that vaccines are safe and effective is based on flawed studies and data manipulation.,The CDC's assertion that vaccines are safe and effective is based on flawed studies and data manipulation.,pillar,endorsed,Ana Wolpin,,,strengthens,weakens,normal,normal,true,high,CDC vaccine safety claims,Pillar 1: Vaccine Safety,U0241 | U0242 | U0257 | U0300 | U0344 | U0345,"[U0241] THE FACTS / ALUMINUM:
[U0242] “Our calculations show that the levels of aluminum suggested by the currently used limits place infants at risk of acute, repeated, and possibly chronic exposures of toxic levels of aluminum in modern vaccine schedules.”
[U0257] Then, based on a 1997 study of preterm infants receiving intravenous-feeding solutions, a safe level of exposure for injectables was shown to be a small fraction of that 850 mcg.
[U0300] THE FACTS / MERCURY:
[U0344] Instead the CDC “massaged” the data and in 2003 released a reworked, fraudulent version of the study loudly trumpeting that thimerosal did not cause autism and other neurodevelomental problems.
[U0345] It’s the same playbook that CDC whistleblower William Thompson exposed decades later regarding the CDC’s study of the MMR vaccine and autism.",substantive,The CDC's assertion that vaccines are safe and effective is based on flawed studies and data manipulation.,,The dispute is whether the CDC's assertion about vaccine safety is indeed based on flawed studies.,,Analysis showing flaws in studies used by the CDC to assert vaccine safety.,Evidence demonstrating that the studies used by the CDC are robust and reliable.,"Evidence indicating that while some studies may have flaws, the overall conclusion about vaccine safety remains valid.",CDC | vaccine safety | flawed studies | data manipulation,Restating the claim without providing new evidence. | Proving that the CDC asserts vaccine safety without addressing the validity of studies.,,mixed_sources,mixed_sources,CDC vaccine safety claims | flaws in vaccine studies | data manipulation by CDC,,,true
CF1-F03,3,Set E2 + C2,model,completed,,"The type of mercury in vaccines, ethylmercury, is toxic and linked to neurological damage.","The type of mercury in vaccines, ethylmercury, is toxic and linked to neurological damage.",pillar,endorsed,Gavin de Becker,,,strengthens,weakens,normal,normal,true,high,ethylmercury in vaccines,Pillar 1: Vaccine Safety Concerns,U0242 | U0255 | U0300,"[U0242] “Our calculations show that the levels of aluminum suggested by the currently used limits place infants at risk of acute, repeated, and possibly chronic exposures of toxic levels of aluminum in modern vaccine schedules.”
[U0255] Aluminum poisoning has been linked to autism, SIDs, seizures, autoimmune issues, Alzheimers, neurological damage, impaired renal function, demyelinating disorders such as MS, and cancer. [ source ]
[U0300] THE FACTS / MERCURY:",substantive,"The type of mercury in vaccines, ethylmercury, is toxic and linked to neurological damage.",,The dispute is whether ethylmercury is toxic and linked to neurological damage.,,Toxicology studies show ethylmercury causes neurological damage in exposed populations.,Toxicology studies show ethylmercury does not cause neurological damage.,Ethylmercury is toxic only at certain exposure levels.,ethylmercury | neurological damage | toxicology studies | exposed populations,Restating the claim without evidence of toxicity or neurological damage. | Proving ethylmercury exists in vaccines without addressing its toxicity.,,primary_article_result,primary_article_result,ethylmercury toxicity | neurological damage | toxicology studies,,Ensure studies are peer-reviewed and methodologically sound.,true
CF1-F03,3,Set E2 + C2,model,completed,,"Vaccines are not tested more than any other medicine, contrary to public health claims.","Vaccines are not tested more than any other medicine, contrary to public health claims.",pillar,endorsed,Article analysis,,,strengthens,weakens,normal,normal,true,high,vaccine testing protocols,Pillar 2: Vaccine Efficacy and Testing,U0401,[U0401] Is it true that “vaccines are tested more than any other medicine you could give your kid” ?,substantive,"Vaccines are not tested more than any other medicine, contrary to public health claims.",,The dispute is whether vaccines undergo more rigorous testing than other medicines.,,Comparative studies show vaccines are tested less rigorously than other medicines.,Comparative studies show vaccines are tested more rigorously than other medicines.,Vaccines are tested equally to some other specific medicines.,vaccine testing protocols | comparative studies | rigorous testing standards,Restating the claim without evidence of testing protocols. | Proving vaccines are tested without comparing to other medicines.,,primary_article_result,primary_article_result,vaccine testing | comparative medicine testing | rigorous testing standards,,Ensure studies are comprehensive and include a variety of medicines.,true
CF1-F03,3,Set E2 + C2,model,completed,,"The CDC has manipulated data to downplay the risks associated with vaccines, including the MMR vaccine and autism.","The CDC has manipulated data to downplay the risks associated with vaccines, including the MMR vaccine and autism.",pillar,endorsed,William Thompson,,,strengthens,weakens,normal,normal,true,high,CDC's handling of vaccine data,Pillar 3: Vaccine Injury and Censorship,U0037 | U0040 | U0041 | U0064 | U0378,"[U0037] Senior CDC scientist turned whistleblower William Thompson revealed privately in 2014 that data linking the MMR vaccine (measles/mumps/rubella) to autism had been manipulated by the agency ten years earlier.
[U0040] Ultimately, the only way they could eliminate the evident risk was to eliminate from the study the groups of children most likely to regress into autism following their shot.
[U0041] The fraudulent, re-worked study was then released to declare that it had proven MMR vaccines did not cause autism.
[U0064] People Who Do the Research
[U0378] Sadly, aluminum and mercury are not the only toxic substances in vaccines.",substantive,"The CDC has manipulated data to downplay the risks associated with vaccines, including the MMR vaccine and autism.",,The dispute is whether the CDC manipulated data regarding vaccine risks.,,Whistleblower accounts corroborate data manipulation by the CDC.,Data shows the CDC did not manipulate information regarding vaccine risks.,Data manipulation occurred only in specific studies.,CDC data handling | MMR vaccine | autism | whistleblower accounts,Restating the claim without evidence of data manipulation. | Proving the CDC exists without addressing data handling.,,primary_article_result,primary_article_result,CDC data manipulation | MMR vaccine risks | whistleblower accounts,,Ensure whistleblower accounts are credible and verified.,true
CF1-F03,3,Set E2 + C2,model,completed,,Parents who choose to forego vaccines are often highly educated and scientifically literate.,Parents who choose to forego vaccines are often highly educated and scientifically literate.,pillar,endorsed,Aaron Siri,,,strengthens,weakens,normal,normal,true,high,parents in the U.S.,Pillar 4: Rise in Vaccine Hesitancy,U0021,"[U0021] • Parents who do not vaccinate. Parents who choose to forego vaccines, he says, are not only highly educated, but “often scientifically literate. Many are medical professionals. Leading scientists.” He quotes vaccine promoter Emily Brunson, PhD, who acknowledges: “When you look at hesitancy in the U.S., the group who is most likely to purposefully choose to not vaccinate are highly educated. In speaking with them, these are people who have read the primary literature themselves, and they’re correctly interpreting it.”",substantive,Parents who choose to forego vaccines are often highly educated and scientifically literate.,,The dispute is whether vaccine-hesitant parents are typically highly educated.,,Demographic studies show a high percentage of vaccine-hesitant parents have advanced degrees.,Demographic studies show vaccine-hesitant parents are not highly educated.,Some vaccine-hesitant parents may not be highly educated.,vaccine-hesitant parents | education levels | demographic studies,Restating the claim without evidence of education levels. | Proving some parents are educated without addressing vaccine hesitancy.,,primary_article_result,primary_article_result,vaccine hesitancy demographics | education levels | scientific literacy,,Ensure demographic studies are representative and comprehensive.,true
CF1-F03,3,Set E2 + C2,model,completed,,"Aluminum in vaccines is linked to various health issues, including autism and SIDS.","Aluminum in vaccines is linked to various health issues, including autism and SIDS.",pillar,endorsed,James Lyons-Weiler and Robert Ricketson,,,strengthens,weakens,normal,normal,true,high,aluminum in vaccines,Pillar 1: Vaccine Safety Concerns,U0241 | U0242 | U0255,"[U0241] THE FACTS / ALUMINUM:
[U0242] “Our calculations show that the levels of aluminum suggested by the currently used limits place infants at risk of acute, repeated, and possibly chronic exposures of toxic levels of aluminum in modern vaccine schedules.”
[U0255] Aluminum poisoning has been linked to autism, SIDs, seizures, autoimmune issues, Alzheimers, neurological damage, impaired renal function, demyelinating disorders such as MS, and cancer. [ source ]",substantive,"Aluminum in vaccines is linked to various health issues, including autism and SIDS.",,The dispute is whether aluminum in vaccines is linked to health issues.,,Research shows a correlation between aluminum exposure and health issues.,Research shows no correlation between aluminum exposure and health issues.,Aluminum is linked to health issues only at certain exposure levels.,aluminum in vaccines | health issues | research studies,Restating the claim without evidence of aluminum's effects. | Proving aluminum exists in vaccines without addressing health issues.,,primary_article_result,primary_article_result,aluminum toxicity | health issues | vaccine ingredients,,Ensure research studies are peer-reviewed and methodologically sound.,true
CF1-F03,3,Set E2 + C2,model,completed,,The rise in chronic illnesses among children correlates with the increase in the childhood vaccination schedule since 1986.,The rise in chronic illnesses among children correlates with the increase in the childhood vaccination schedule since 1986.,pillar,endorsed,Article analysis,,,strengthens,weakens,normal,normal,true,high,U.S. children since 1986,Pillar 1: Vaccine Safety Concerns,U0076 | U0080 | U0086 | U0241 | U0300,"[U0076] Each new childhood shot approved was automatically added to the CDC’s Childhood Vaccine Schedule, with the assurance that tens of millions of children would receive them at routine pediatric visits.
[U0080] In the decades following the 1986 act the childhood schedule exploded to 73 doses/54 shots.
[U0086] It was a rude awakening, especially for those of us in the Baby Boomer generation, to learn that the chronic illness rate in U.S. children which had been negligible when we were kids had jumped to 12.8% in the 1980s, then to 54% by 2011 .
[U0241] THE FACTS / ALUMINUM:
[U0300] THE FACTS / MERCURY:",substantive,The rise in chronic illnesses among children correlates with the increase in the childhood vaccination schedule since 1986.,,The dispute is whether there is a correlation between vaccination rates and chronic illnesses.,,Epidemiological studies show a rise in chronic illnesses correlating with vaccination rates.,Epidemiological studies show no correlation between vaccination rates and chronic illnesses.,The correlation exists only in specific populations.,chronic illnesses | childhood vaccination schedule | epidemiological studies,Restating the claim without evidence of correlation. | Proving vaccination rates exist without addressing chronic illnesses.,,primary_article_result,primary_article_result,chronic illness rates | vaccination schedule | epidemiological studies,,Ensure studies are comprehensive and account for confounding variables.,true
CF1-F03,3,Set E2 + C2,model,completed,,"The 1986 National Childhood Vaccine Injury Act removed liability from vaccine manufacturers, leading to a lack of accountability.","The 1986 National Childhood Vaccine Injury Act removed liability from vaccine manufacturers, leading to a lack of accountability.",pillar,endorsed,Article analysis,,,strengthens,weakens,normal,normal,true,high,U.S. vaccine manufacturers,Pillar 3: Vaccine Injury and Censorship,U0070,"[U0070] Bowing to the pressure, in 1986 Congress removed all liability from drug companies for childhood vaccines they produced.",substantive,"The 1986 National Childhood Vaccine Injury Act removed liability from vaccine manufacturers, leading to a lack of accountability.",,The dispute is whether the 1986 Act removed liability and affected accountability.,,Legislative analysis shows the 1986 Act removed liability from manufacturers.,Legislative analysis shows the 1986 Act did not affect liability.,Liability removal applies only to specific vaccines.,1986 National Childhood Vaccine Injury Act | liability removal | vaccine manufacturers,Restating the claim without evidence of liability removal. | Proving the Act exists without addressing its effects.,,official_record,named_work_result,National Childhood Vaccine Injury Act | vaccine liability | accountability,NW001,Ensure legislative analysis is accurate and comprehensive.,true
CF1-F03,3,Set E2 + C2,model,completed,,Censorship of vaccine-related information is prevalent in media and public discourse.,Censorship of vaccine-related information is prevalent in media and public discourse.,pillar,endorsed,Article analysis,,,strengthens,weakens,normal,normal,true,high,media and public discourse,Pillar 3: Vaccine Injury and Censorship,U0156 | U0158 | U0160,"[U0156] Once again, allowing people to consider varied perspectives and then make up their own minds was not permitted.
[U0158] This censorship was applied even when we submitted letters to the editor about vaccines.
[U0160] Stephen Schumacher (also a PTFP co-editor now) would experience the same censorship several years later regarding the experimental mRNA Covid vaccines.",substantive,Censorship of vaccine-related information is prevalent in media and public discourse.,,The dispute is whether censorship of vaccine information is widespread.,,Case studies show instances of censorship in media regarding vaccines.,Case studies show no evidence of censorship in media regarding vaccines.,Censorship occurs only in specific media outlets.,censorship | vaccine information | media,Restating the claim without evidence of censorship. | Proving media exists without addressing vaccine information.,,primary_article_result,primary_article_result,media censorship | vaccine information | public discourse,,Ensure case studies are credible and representative.,true
CF1-F03,3,Set E2 + C2,model,completed,,The increase in vaccine mandates is a response to rising vaccine hesitancy and public skepticism.,The increase in vaccine mandates is a response to rising vaccine hesitancy and public skepticism.,pillar,endorsed,Article analysis,,,strengthens,weakens,normal,normal,true,high,U.S. vaccine mandates,Pillar 4: Rise in Vaccine Hesitancy,U0402 | U0403 | U0404,"[U0402] We will also share Jefferson County Public Health’s response to questions we sent them about the ad, including a request for sources/evidence to support their claims.
[U0403] Finally, we’ll take a look at the rise in vaccine hesitancy that may have provoked JCPH’s creation of this ad, and at challenges being made to the CDC’s current childhood vaccine schedule.
[U0404] Efforts to rein in pharma’s capture of health agencies, medical groups and the vaccine narrative are causing a pitched battle, and the institutions entrenched in the religion of vaccines are doubling down to maintain their control.",substantive,The increase in vaccine mandates is a response to rising vaccine hesitancy and public skepticism.,,The dispute is whether vaccine mandates are a response to hesitancy.,,Legislative analysis shows a correlation between vaccine mandates and public hesitancy.,Legislative analysis shows no correlation between mandates and public hesitancy.,Mandates are implemented only in response to specific outbreaks.,vaccine mandates | vaccine hesitancy | legislative analysis,Restating the claim without evidence of correlation. | Proving mandates exist without addressing public hesitancy.,,official_record,official_record,vaccine mandates | public hesitancy | legislative analysis,,Ensure legislative analysis is thorough and considers various factors.,true
CF1-F03,3,Set E2 + C2,model,completed,,"The CDC data reflect that half of American school children are not fully vaccinated, and at least 1 in 88 toddlers are completely unvaccinated.","The CDC data reflect that half of American school children are not fully vaccinated, and at least 1 in 88 toddlers are completely unvaccinated.",pillar_support,reported,CDC,,,strengthens,unchanged,normal,unresolved,false,high,U.S. school children and toddlers,Pillar 1: Vaccine Safety Concerns,U0002,"[U0002] “According to the CDC and public health authorities, parents who choose not to vaccinate their children are typically highly educated. CDC data reflect that half of American school children are not fully vaccinated, and at least 1 in 88 toddlers are completely unvaccinated. Why would the parents of these children, comprising a large part of the nation’s brain trust, choose not to vaccinate their children?”",substantive,"The CDC data reflect that half of American school children are not fully vaccinated, and at least 1 in 88 toddlers are completely unvaccinated.",,The dispute is whether the CDC data accurately reflects vaccination rates.,,CDC data shows accurate vaccination rates among school children and toddlers.,CDC data shows inaccurate vaccination rates.,Vaccination rates vary by region or demographic.,CDC vaccination data | school children | toddlers,Restating the claim without evidence of vaccination rates. | Proving CDC exists without addressing data accuracy.,,primary_article_result,primary_article_result,CDC vaccination statistics | school children | toddlers,,Ensure data is up-to-date and accurately reported.,true
CF1-F03,3,Set E2 + C2,model,completed,,The health department's claims about vaccines are based on medical dogma with no basis in reality.,The health department's claims about vaccines are based on medical dogma with no basis in reality.,opponent_claim,endorsed,Aaron Siri,,,strengthens,weakens,normal,normal,true,high,claims made by health authorities,Pillar 3: Vaccine Injury and Censorship,U0027,"[U0027] As this article will show, the claims made in our health department’s ad repeat medical dogma that has persisted for decades with no basis in reality.",substantive,The health department's claims about vaccines are based on medical dogma with no basis in reality.,,The dispute is whether health department claims are based on unfounded medical dogma.,,Critiques show health department claims lack scientific basis.,Critiques show health department claims are scientifically valid.,Some claims may have a scientific basis.,health department claims | medical dogma | scientific basis,Restating the claim without evidence of dogma. | Proving health department exists without addressing claims.,,primary_article_result,primary_article_result,health department claims | medical dogma | scientific validity,,Ensure critiques are credible and well-supported.,true
