"package_version","license","used_in","publisher","repository"
"@ampproject/remapping@2.3.0","Apache-2.0","dashboard;extension","Justin Ridgewell","https://github.com/ampproject/remapping"
"@asamuzakjp/css-color@2.8.3","MIT","backend","asamuzaK","https://github.com/asamuzaK/cssColor"
"@babel/code-frame@7.25.7","MIT","dashboard","The Babel Team","https://github.com/babel/babel"
"@babel/code-frame@7.26.2","MIT","backend;extension","The Babel Team","https://github.com/babel/babel"
"@babel/compat-data@7.25.8","MIT","dashboard","The Babel Team","https://github.com/babel/babel"
"@babel/compat-data@7.26.8","MIT","extension","The Babel Team","https://github.com/babel/babel"
"@babel/core@7.25.8","MIT","dashboard","The Babel Team","https://github.com/babel/babel"
"@babel/core@7.26.10","MIT","extension","The Babel Team","https://github.com/babel/babel"
"@babel/generator@7.25.7","MIT","dashboard","The Babel Team","https://github.com/babel/babel"
"@babel/generator@7.26.10","MIT","extension","The Babel Team","https://github.com/babel/babel"
"@babel/helper-compilation-targets@7.25.7","MIT","dashboard","The Babel Team","https://github.com/babel/babel"
"@babel/helper-compilation-targets@7.26.5","MIT","extension","The Babel Team","https://github.com/babel/babel"
"@babel/helper-module-imports@7.25.7","MIT","dashboard","The Babel Team","https://github.com/babel/babel"
"@babel/helper-module-imports@7.25.9","MIT","extension","The Babel Team","https://github.com/babel/babel"
"@babel/helper-module-transforms@7.25.7","MIT","dashboard","The Babel Team","https://github.com/babel/babel"
"@babel/helper-module-transforms@7.26.0","MIT","extension","The Babel Team","https://github.com/babel/babel"
"@babel/helper-plugin-utils@7.25.7","MIT","dashboard","The Babel Team","https://github.com/babel/babel"
"@babel/helper-plugin-utils@7.26.5","MIT","extension","The Babel Team","https://github.com/babel/babel"
"@babel/helper-simple-access@7.25.7","MIT","dashboard","The Babel Team","https://github.com/babel/babel"
"@babel/helper-string-parser@7.25.7","MIT","dashboard","The Babel Team","https://github.com/babel/babel"
"@babel/helper-string-parser@7.25.9","MIT","extension","The Babel Team","https://github.com/babel/babel"
"@babel/helper-validator-identifier@7.25.7","MIT","dashboard","The Babel Team","https://github.com/babel/babel"
"@babel/helper-validator-identifier@7.25.9","MIT","backend;extension","The Babel Team","https://github.com/babel/babel"
"@babel/helper-validator-option@7.25.7","MIT","dashboard","The Babel Team","https://github.com/babel/babel"
"@babel/helper-validator-option@7.25.9","MIT","extension","The Babel Team","https://github.com/babel/babel"
"@babel/helpers@7.25.7","MIT","dashboard","The Babel Team","https://github.com/babel/babel"
"@babel/helpers@7.26.10","MIT","extension","The Babel Team","https://github.com/babel/babel"
"@babel/highlight@7.25.7","MIT","dashboard","The Babel Team","https://github.com/babel/babel"
"@babel/parser@7.25.8","MIT","dashboard","The Babel Team","https://github.com/babel/babel"
"@babel/parser@7.26.10","MIT","extension","The Babel Team","https://github.com/babel/babel"
"@babel/plugin-transform-react-jsx-self@7.25.7","MIT","dashboard","The Babel Team","https://github.com/babel/babel"
"@babel/plugin-transform-react-jsx-self@7.25.9","MIT","extension","The Babel Team","https://github.com/babel/babel"
"@babel/plugin-transform-react-jsx-source@7.25.7","MIT","dashboard","The Babel Team","https://github.com/babel/babel"
"@babel/plugin-transform-react-jsx-source@7.25.9","MIT","extension","The Babel Team","https://github.com/babel/babel"
"@babel/runtime@7.25.7","MIT","dashboard","The Babel Team","https://github.com/babel/babel"
"@babel/runtime@7.26.10","MIT","extension","The Babel Team","https://github.com/babel/babel"
"@babel/template@7.25.7","MIT","dashboard","The Babel Team","https://github.com/babel/babel"
"@babel/template@7.26.9","MIT","extension","The Babel Team","https://github.com/babel/babel"
"@babel/traverse@7.25.7","MIT","dashboard","The Babel Team","https://github.com/babel/babel"
"@babel/traverse@7.26.10","MIT","extension","The Babel Team","https://github.com/babel/babel"
"@babel/types@7.25.8","MIT","dashboard","The Babel Team","https://github.com/babel/babel"
"@babel/types@7.26.10","MIT","extension","The Babel Team","https://github.com/babel/babel"
"@chakra-ui/anatomy@2.2.2","MIT","dashboard","Segun Adebayo","https://github.com/chakra-ui/chakra-ui"
"@chakra-ui/anatomy@2.3.6","MIT","dashboard;extension","Segun Adebayo","https://github.com/chakra-ui/chakra-ui"
"@chakra-ui/color-mode@2.2.0","MIT","dashboard","Segun Adebayo","https://github.com/chakra-ui/chakra-ui"
"@chakra-ui/hooks@2.4.4","MIT","dashboard;extension","Segun Adebayo","https://github.com/chakra-ui/chakra-ui"
"@chakra-ui/icon@3.0.16","MIT","dashboard","Segun Adebayo","https://github.com/chakra-ui/chakra-ui"
"@chakra-ui/icons@2.0.17","MIT","dashboard","Segun Adebayo","https://github.com/chakra-ui/chakra-ui"
"@chakra-ui/object-utils@2.1.0","MIT","dashboard","Segun Adebayo","https://github.com/chakra-ui/chakra-ui"
"@chakra-ui/react-use-safe-layout-effect@2.1.0","MIT","dashboard","Segun Adebayo","https://github.com/chakra-ui/chakra-ui"
"@chakra-ui/react-utils@2.0.12","MIT","dashboard","Segun Adebayo","https://github.com/chakra-ui/chakra-ui"
"@chakra-ui/react@2.10.6","MIT","extension","Segun Adebayo","https://github.com/chakra-ui/chakra-ui"
"@chakra-ui/react@2.10.7","MIT","dashboard","Segun Adebayo","https://github.com/chakra-ui/chakra-ui"
"@chakra-ui/shared-utils@2.0.5","MIT","dashboard","Segun Adebayo","https://github.com/chakra-ui/chakra-ui"
"@chakra-ui/styled-system@2.12.2","MIT","dashboard;extension","Segun Adebayo","https://github.com/chakra-ui/chakra-ui"
"@chakra-ui/styled-system@2.9.2","MIT","dashboard","Segun Adebayo","https://github.com/chakra-ui/chakra-ui"
"@chakra-ui/system@2.6.2","MIT","dashboard","Segun Adebayo","https://github.com/chakra-ui/chakra-ui"
"@chakra-ui/theme-tools@2.1.2","MIT","dashboard","Segun Adebayo","https://github.com/chakra-ui/chakra-ui"
"@chakra-ui/theme-tools@2.2.8","MIT","dashboard;extension","Segun Adebayo","https://github.com/chakra-ui/chakra-ui"
"@chakra-ui/theme-utils@2.0.21","MIT","dashboard","Segun Adebayo","https://github.com/chakra-ui/chakra-ui"
"@chakra-ui/theme@3.3.1","MIT","dashboard","Segun Adebayo","https://github.com/chakra-ui/chakra-ui"
"@chakra-ui/theme@3.4.8","MIT","dashboard;extension","Segun Adebayo","https://github.com/chakra-ui/chakra-ui"
"@chakra-ui/utils@2.0.15","MIT","dashboard","Segun Adebayo","https://github.com/chakra-ui/chakra-ui"
"@chakra-ui/utils@2.2.4","MIT","dashboard;extension","Segun Adebayo","https://github.com/chakra-ui/chakra-ui"
"@cspotcode/source-map-support@0.8.1","MIT","extension","","https://github.com/cspotcode/node-source-map-support"
"@csstools/color-helpers@5.0.2","MIT-0","backend","","https://github.com/csstools/postcss-plugins"
"@csstools/css-calc@2.1.2","MIT","backend","","https://github.com/csstools/postcss-plugins"
"@csstools/css-color-parser@3.0.8","MIT","backend","","https://github.com/csstools/postcss-plugins"
"@csstools/css-parser-algorithms@3.0.4","MIT","backend","","https://github.com/csstools/postcss-plugins"
"@csstools/css-tokenizer@3.0.3","MIT","backend","","https://github.com/csstools/postcss-plugins"
"@discoveryjs/json-ext@0.5.7","MIT","extension","Roman Dvornov","https://github.com/discoveryjs/json-ext"
"@emotion/babel-plugin@11.13.5","MIT","dashboard;extension","Kye Hohenberger","https://github.com/emotion-js/emotion/tree/main/packages/babel-plugin"
"@emotion/cache@11.14.0","MIT","dashboard;extension","","https://github.com/emotion-js/emotion/tree/main/packages/cache"
"@emotion/hash@0.9.2","MIT","dashboard;extension","","https://github.com/emotion-js/emotion/tree/main/packages/hash"
"@emotion/is-prop-valid@0.8.8","MIT","extension","","https://github.com/emotion-js/emotion/tree/master/packages/is-prop-valid"
"@emotion/is-prop-valid@1.3.1","MIT","dashboard;extension","","https://github.com/emotion-js/emotion/tree/main/packages/is-prop-valid"
"@emotion/memoize@0.7.4","MIT","extension","","https://github.com/emotion-js/emotion/tree/master/packages/memoize"
"@emotion/memoize@0.9.0","MIT","dashboard;extension","","https://github.com/emotion-js/emotion/tree/main/packages/memoize"
"@emotion/react@11.14.0","MIT","dashboard;extension","Emotion Contributors","https://github.com/emotion-js/emotion/tree/main/packages/react"
"@emotion/serialize@1.3.3","MIT","dashboard;extension","","https://github.com/emotion-js/emotion/tree/main/packages/serialize"
"@emotion/sheet@1.4.0","MIT","dashboard;extension","","https://github.com/emotion-js/emotion/tree/main/packages/sheet"
"@emotion/styled@11.14.0","MIT","dashboard;extension","","https://github.com/emotion-js/emotion/tree/main/packages/styled"
"@emotion/unitless@0.10.0","MIT","dashboard;extension","","https://github.com/emotion-js/emotion/tree/main/packages/unitless"
"@emotion/use-insertion-effect-with-fallbacks@1.2.0","MIT","dashboard;extension","","https://github.com/emotion-js/emotion/tree/main/packages/use-insertion-effect-with-fallbacks"
"@emotion/utils@1.4.2","MIT","dashboard;extension","","https://github.com/emotion-js/emotion/tree/main/packages/utils"
"@emotion/weak-memoize@0.4.0","MIT","dashboard;extension","","https://github.com/emotion-js/emotion/tree/main/packages/weak-memoize"
"@esbuild/darwin-x64@0.21.5","MIT","dashboard","","https://github.com/evanw/esbuild"
"@esbuild/darwin-x64@0.25.1","MIT","extension","","https://github.com/evanw/esbuild"
"@eslint-community/eslint-utils@4.4.0","MIT","dashboard","Toru Nagashima","https://github.com/eslint-community/eslint-utils"
"@eslint-community/regexpp@4.11.1","MIT","dashboard","Toru Nagashima","https://github.com/eslint-community/regexpp"
"@eslint/config-array@0.18.0","Apache-2.0","dashboard","Nicholas C. Zakas","https://github.com/eslint/rewrite"
"@eslint/core@0.6.0","Apache-2.0","dashboard","Nicholas C. Zakas","https://github.com/eslint/rewrite"
"@eslint/eslintrc@3.1.0","MIT","dashboard","Nicholas C. Zakas","https://github.com/eslint/eslintrc"
"@eslint/js@9.12.0","MIT","dashboard","","https://github.com/eslint/eslint"
"@eslint/object-schema@2.1.4","Apache-2.0","dashboard","Nicholas C. Zakas","https://github.com/eslint/rewrite"
"@eslint/plugin-kit@0.2.0","Apache-2.0","dashboard","Nicholas C. Zakas","https://github.com/eslint/rewrite"
"@gilbarbara/deep-equal@0.1.2","MIT","dashboard","Gil Barbara","https://github.com/gilbarbara/deep-equal"
"@gilbarbara/deep-equal@0.3.1","MIT","dashboard","Gil Barbara","https://github.com/gilbarbara/deep-equal"
"@humanfs/core@0.19.0","Apache-2.0","dashboard","Nicholas C. Zakas","https://github.com/humanwhocodes/humanfs"
"@humanfs/node@0.16.5","Apache-2.0","dashboard","Nicholas C. Zakas","https://github.com/humanwhocodes/humanfs"
"@humanwhocodes/module-importer@1.0.1","Apache-2.0","dashboard","Nicholas C. Zaks","https://github.com/humanwhocodes/module-importer"
"@humanwhocodes/retry@0.3.1","Apache-2.0","dashboard","Nicholas C. Zaks","https://github.com/humanwhocodes/retry"
"@img/sharp-darwin-x64@0.33.5","Apache-2.0","backend;extension","Lovell Fuller","https://github.com/lovell/sharp"
"@img/sharp-libvips-darwin-x64@1.0.4","LGPL-3.0-or-later","backend;extension","Lovell Fuller","https://github.com/lovell/sharp-libvips"
"@jridgewell/gen-mapping@0.3.5","MIT","dashboard","Justin Ridgewell","https://github.com/jridgewell/gen-mapping"
"@jridgewell/gen-mapping@0.3.8","MIT","extension","Justin Ridgewell","https://github.com/jridgewell/gen-mapping"
"@jridgewell/resolve-uri@3.1.2","MIT","dashboard;extension","Justin Ridgewell","https://github.com/jridgewell/resolve-uri"
"@jridgewell/set-array@1.2.1","MIT","dashboard;extension","Justin Ridgewell","https://github.com/jridgewell/set-array"
"@jridgewell/source-map@0.3.6","MIT","extension","Justin Ridgewell","https://github.com/jridgewell/source-map"
"@jridgewell/sourcemap-codec@1.5.0","MIT","dashboard;extension","Rich Harris","https://github.com/jridgewell/sourcemap-codec"
"@jridgewell/trace-mapping@0.3.25","MIT","dashboard;extension","Justin Ridgewell","https://github.com/jridgewell/trace-mapping"
"@jridgewell/trace-mapping@0.3.9","MIT","extension","Justin Ridgewell","https://github.com/jridgewell/trace-mapping"
"@juggle/resize-observer@3.4.0","Apache-2.0","dashboard","Juggle","https://github.com/juggle/resize-observer"
"@leichtgewicht/ip-codec@2.0.5","MIT","extension","Martin Heidegger","https://github.com/martinheidegger/ip-codec"
"@mapbox/node-pre-gyp@1.0.11","BSD-3-Clause","backend","Dane Springmeyer","https://github.com/mapbox/node-pre-gyp"
"@motionone/animation@10.18.0","MIT","extension","Matt Perry",""
"@motionone/dom@10.18.0","MIT","extension","Matt Perry",""
"@motionone/easing@10.18.0","MIT","extension","Matt Perry",""
"@motionone/generators@10.18.0","MIT","extension","Matt Perry",""
"@motionone/types@10.17.1","MIT","extension","Matt Perry",""
"@motionone/utils@10.18.0","MIT","extension","Matt Perry",""
"@mozilla/readability@0.5.0","Apache-2.0","backend","","https://github.com/mozilla/readability"
"@nodelib/fs.scandir@2.1.5","MIT","dashboard;extension","","https://github.com/nodelib/nodelib/tree/master/packages/fs/fs.scandir"
"@nodelib/fs.stat@2.0.5","MIT","dashboard;extension","","https://github.com/nodelib/nodelib/tree/master/packages/fs/fs.stat"
"@nodelib/fs.walk@1.2.8","MIT","dashboard;extension","","https://github.com/nodelib/nodelib/tree/master/packages/fs/fs.walk"
"@pdf-lib/standard-fonts@1.0.0","MIT","backend","Andrew Dillon","https://github.com/Hopding/standard-fonts"
"@pdf-lib/upng@1.0.1","MIT","backend","photopea","https://github.com/Hopding/upng"
"@pmmmwh/react-refresh-webpack-plugin@0.5.15","MIT","extension","Michael Mok","https://github.com/pmmmwh/react-refresh-webpack-plugin"
"@polka/url@1.0.0-next.28","MIT","extension","Luke Edwards","https://github.com/lukeed/polka"
"@popperjs/core@2.11.8","MIT","dashboard;extension","Federico Zivolo","https://github.com/popperjs/popper-core"
"@puppeteer/browsers@2.7.1","Apache-2.0","backend","The Chromium Authors","https://github.com/puppeteer/puppeteer/tree/main/packages/browsers"
"@puppeteer/browsers@2.9.0","Apache-2.0","extension","The Chromium Authors","https://github.com/puppeteer/puppeteer/tree/main/packages/browsers"
"@reactflow/background@11.3.14","MIT","dashboard","","https://github.com/xyflow/xyflow"
"@reactflow/controls@11.2.14","MIT","dashboard","","https://github.com/xyflow/xyflow"
"@reactflow/core@11.11.4","MIT","dashboard","","https://github.com/xyflow/xyflow"
"@reactflow/minimap@11.7.14","MIT","dashboard","","https://github.com/xyflow/xyflow"
"@reactflow/node-resizer@2.2.14","MIT","dashboard","","https://github.com/xyflow/xyflow"
"@reactflow/node-toolbar@1.3.14","MIT","dashboard","","https://github.com/xyflow/xyflow"
"@redis/bloom@5.11.0","MIT","backend","","https://github.com/redis/node-redis"
"@redis/client@5.11.0","MIT","backend","","https://github.com/redis/node-redis"
"@redis/json@5.11.0","MIT","backend","","https://github.com/redis/node-redis"
"@redis/search@5.11.0","MIT","backend","","https://github.com/redis/node-redis"
"@redis/time-series@5.11.0","MIT","backend","","https://github.com/redis/node-redis"
"@remix-run/router@1.20.0","MIT","dashboard","Remix Software","https://github.com/remix-run/react-router"
"@remix-run/router@1.23.0","MIT","extension","Remix Software","https://github.com/remix-run/react-router"
"@rollup/rollup-darwin-x64@4.24.0","MIT","dashboard","Lukas Taegert-Atkinson","https://github.com/rollup/rollup"
"@rollup/rollup-darwin-x64@4.35.0","MIT","extension","Lukas Taegert-Atkinson","https://github.com/rollup/rollup"
"@sindresorhus/is@0.7.0","MIT","extension","Sindre Sorhus","https://github.com/sindresorhus/is"
"@socket.io/component-emitter@3.1.2","MIT","backend;dashboard","","https://github.com/socketio/emitter"
"@tanstack/query-core@5.59.13","MIT","dashboard","tannerlinsley","https://github.com/TanStack/query"
"@tanstack/query-devtools@5.58.0","MIT","dashboard","tannerlinsley","https://github.com/TanStack/query"
"@tanstack/react-query-devtools@5.59.15","MIT","dashboard","tannerlinsley","https://github.com/TanStack/query"
"@tanstack/react-query@5.59.15","MIT","dashboard","tannerlinsley","https://github.com/TanStack/query"
"@tootallnate/quickjs-emscripten@0.23.0","MIT","backend;extension","","https://github.com/justjake/quickjs-emscripten"
"@trysound/sax@0.2.0","ISC","extension","Isaac Z. Schlueter","https://github.com/svg/sax"
"@tsconfig/node10@1.0.11","MIT","extension","","https://github.com/tsconfig/bases"
"@tsconfig/node12@1.0.11","MIT","extension","","https://github.com/tsconfig/bases"
"@tsconfig/node14@1.0.3","MIT","extension","","https://github.com/tsconfig/bases"
"@tsconfig/node16@1.0.4","MIT","extension","","https://github.com/tsconfig/bases"
"@tweenjs/tween.js@25.0.0","MIT","dashboard","tween.js contributors","https://github.com/tweenjs/tween.js"
"@types/babel__core@7.20.5","MIT","dashboard;extension","","https://github.com/DefinitelyTyped/DefinitelyTyped"
"@types/babel__generator@7.6.8","MIT","dashboard;extension","","https://github.com/DefinitelyTyped/DefinitelyTyped"
"@types/babel__template@7.4.4","MIT","dashboard;extension","","https://github.com/DefinitelyTyped/DefinitelyTyped"
"@types/babel__traverse@7.20.6","MIT","dashboard;extension","","https://github.com/DefinitelyTyped/DefinitelyTyped"
"@types/body-parser@1.19.5","MIT","backend;extension","","https://github.com/DefinitelyTyped/DefinitelyTyped"
"@types/bonjour@3.5.13","MIT","extension","","https://github.com/DefinitelyTyped/DefinitelyTyped"
"@types/chrome@0.0.177","MIT","extension","","https://github.com/DefinitelyTyped/DefinitelyTyped"
"@types/chrome@0.0.308","MIT","dashboard","","https://github.com/DefinitelyTyped/DefinitelyTyped"
"@types/connect-history-api-fallback@1.5.4","MIT","extension","","https://github.com/DefinitelyTyped/DefinitelyTyped"
"@types/connect@3.4.38","MIT","backend;extension","","https://github.com/DefinitelyTyped/DefinitelyTyped"
"@types/cors@2.8.19","MIT","backend","","https://github.com/DefinitelyTyped/DefinitelyTyped"
"@types/cytoscape-dagre@2.3.4","MIT","dashboard","","https://github.com/DefinitelyTyped/DefinitelyTyped"
"@types/d3-array@3.2.1","MIT","dashboard","","https://github.com/DefinitelyTyped/DefinitelyTyped"
"@types/d3-axis@3.0.6","MIT","dashboard","","https://github.com/DefinitelyTyped/DefinitelyTyped"
"@types/d3-brush@3.0.6","MIT","dashboard","","https://github.com/DefinitelyTyped/DefinitelyTyped"
"@types/d3-chord@3.0.6","MIT","dashboard","","https://github.com/DefinitelyTyped/DefinitelyTyped"
"@types/d3-color@3.1.3","MIT","dashboard","","https://github.com/DefinitelyTyped/DefinitelyTyped"
"@types/d3-contour@3.0.6","MIT","dashboard","","https://github.com/DefinitelyTyped/DefinitelyTyped"
"@types/d3-delaunay@6.0.4","MIT","dashboard","","https://github.com/DefinitelyTyped/DefinitelyTyped"
"@types/d3-dispatch@3.0.7","MIT","dashboard","","https://github.com/DefinitelyTyped/DefinitelyTyped"
"@types/d3-drag@3.0.7","MIT","dashboard","","https://github.com/DefinitelyTyped/DefinitelyTyped"
"@types/d3-dsv@3.0.7","MIT","dashboard","","https://github.com/DefinitelyTyped/DefinitelyTyped"
"@types/d3-ease@3.0.2","MIT","dashboard","","https://github.com/DefinitelyTyped/DefinitelyTyped"
"@types/d3-fetch@3.0.7","MIT","dashboard","","https://github.com/DefinitelyTyped/DefinitelyTyped"
"@types/d3-force@3.0.10","MIT","dashboard","","https://github.com/DefinitelyTyped/DefinitelyTyped"
"@types/d3-format@3.0.4","MIT","dashboard","","https://github.com/DefinitelyTyped/DefinitelyTyped"
"@types/d3-geo@3.1.0","MIT","dashboard","","https://github.com/DefinitelyTyped/DefinitelyTyped"
"@types/d3-hierarchy@3.1.7","MIT","dashboard","","https://github.com/DefinitelyTyped/DefinitelyTyped"
"@types/d3-interpolate@3.0.4","MIT","dashboard","","https://github.com/DefinitelyTyped/DefinitelyTyped"
"@types/d3-path@3.1.1","MIT","dashboard","","https://github.com/DefinitelyTyped/DefinitelyTyped"
"@types/d3-polygon@3.0.2","MIT","dashboard","","https://github.com/DefinitelyTyped/DefinitelyTyped"
"@types/d3-quadtree@3.0.6","MIT","dashboard","","https://github.com/DefinitelyTyped/DefinitelyTyped"
"@types/d3-random@3.0.3","MIT","dashboard","","https://github.com/DefinitelyTyped/DefinitelyTyped"
"@types/d3-scale-chromatic@3.1.0","MIT","dashboard","","https://github.com/DefinitelyTyped/DefinitelyTyped"
"@types/d3-scale@4.0.9","MIT","dashboard","","https://github.com/DefinitelyTyped/DefinitelyTyped"
"@types/d3-selection@3.0.11","MIT","dashboard","","https://github.com/DefinitelyTyped/DefinitelyTyped"
"@types/d3-shape@3.1.7","MIT","dashboard","","https://github.com/DefinitelyTyped/DefinitelyTyped"
"@types/d3-time-format@4.0.3","MIT","dashboard","","https://github.com/DefinitelyTyped/DefinitelyTyped"
"@types/d3-time@3.0.4","MIT","dashboard","","https://github.com/DefinitelyTyped/DefinitelyTyped"
"@types/d3-timer@3.0.2","MIT","dashboard","","https://github.com/DefinitelyTyped/DefinitelyTyped"
"@types/d3-transition@3.0.9","MIT","dashboard","","https://github.com/DefinitelyTyped/DefinitelyTyped"
"@types/d3-zoom@3.0.8","MIT","dashboard","","https://github.com/DefinitelyTyped/DefinitelyTyped"
"@types/d3@7.4.3","MIT","dashboard","","https://github.com/DefinitelyTyped/DefinitelyTyped"
"@types/eslint-scope@3.7.7","MIT","extension","","https://github.com/DefinitelyTyped/DefinitelyTyped"
"@types/eslint@9.6.1","MIT","extension","","https://github.com/DefinitelyTyped/DefinitelyTyped"
"@types/estree@1.0.6","MIT","dashboard;extension","","https://github.com/DefinitelyTyped/DefinitelyTyped"
"@types/express-serve-static-core@4.19.6","MIT","extension","","https://github.com/DefinitelyTyped/DefinitelyTyped"
"@types/express-serve-static-core@5.0.6","MIT","backend","","https://github.com/DefinitelyTyped/DefinitelyTyped"
"@types/express@4.17.21","MIT","extension","","https://github.com/DefinitelyTyped/DefinitelyTyped"
"@types/express@5.0.1","MIT","backend","","https://github.com/DefinitelyTyped/DefinitelyTyped"
"@types/filesystem@0.0.36","MIT","dashboard;extension","","https://github.com/DefinitelyTyped/DefinitelyTyped"
"@types/filewriter@0.0.33","MIT","dashboard;extension","","https://github.com/DefinitelyTyped/DefinitelyTyped"
"@types/geojson@7946.0.16","MIT","dashboard","","https://github.com/DefinitelyTyped/DefinitelyTyped"
"@types/glob@7.2.0","MIT","extension","","https://github.com/DefinitelyTyped/DefinitelyTyped"
"@types/har-format@1.2.16","MIT","dashboard;extension","","https://github.com/DefinitelyTyped/DefinitelyTyped"
"@types/http-errors@2.0.4","MIT","backend;extension","","https://github.com/DefinitelyTyped/DefinitelyTyped"
"@types/http-proxy@1.17.16","MIT","extension","","https://github.com/DefinitelyTyped/DefinitelyTyped"
"@types/jquery@3.5.32","MIT","dashboard","","https://github.com/DefinitelyTyped/DefinitelyTyped"
"@types/jsdom@21.1.7","MIT","extension","","https://github.com/DefinitelyTyped/DefinitelyTyped"
"@types/json-schema@7.0.15","MIT","dashboard;extension","","https://github.com/DefinitelyTyped/DefinitelyTyped"
"@types/lodash.debounce@4.0.9","MIT","dashboard","","https://github.com/DefinitelyTyped/DefinitelyTyped"
"@types/lodash.mergewith@4.6.7","MIT","dashboard","","https://github.com/DefinitelyTyped/DefinitelyTyped"
"@types/lodash.mergewith@4.6.9","MIT","dashboard;extension","","https://github.com/DefinitelyTyped/DefinitelyTyped"
"@types/lodash@4.17.10","MIT","dashboard","","https://github.com/DefinitelyTyped/DefinitelyTyped"
"@types/lodash@4.17.16","MIT","extension","","https://github.com/DefinitelyTyped/DefinitelyTyped"
"@types/mime@1.3.5","MIT","backend;extension","","https://github.com/DefinitelyTyped/DefinitelyTyped"
"@types/minimatch@5.1.2","MIT","extension","","https://github.com/DefinitelyTyped/DefinitelyTyped"
"@types/node-forge@1.3.11","MIT","extension","","https://github.com/DefinitelyTyped/DefinitelyTyped"
"@types/node@22.13.10","MIT","extension","","https://github.com/DefinitelyTyped/DefinitelyTyped"
"@types/node@22.13.8","MIT","backend","","https://github.com/DefinitelyTyped/DefinitelyTyped"
"@types/node@22.7.5","MIT","dashboard","","https://github.com/DefinitelyTyped/DefinitelyTyped"
"@types/oauth@0.9.6","MIT","extension","","https://github.com/DefinitelyTyped/DefinitelyTyped"
"@types/parse-json@4.0.2","MIT","dashboard;extension","","https://github.com/DefinitelyTyped/DefinitelyTyped"
"@types/prop-types@15.7.13","MIT","dashboard","","https://github.com/DefinitelyTyped/DefinitelyTyped"
"@types/prop-types@15.7.14","MIT","extension","","https://github.com/DefinitelyTyped/DefinitelyTyped"
"@types/puppeteer@7.0.4","MIT","extension","",""
"@types/qs@6.9.18","MIT","backend;extension","","https://github.com/DefinitelyTyped/DefinitelyTyped"
"@types/range-parser@1.2.7","MIT","backend;extension","","https://github.com/DefinitelyTyped/DefinitelyTyped"
"@types/react-dom@18.3.1","MIT","dashboard","","https://github.com/DefinitelyTyped/DefinitelyTyped"
"@types/react-dom@18.3.5","MIT","extension","","https://github.com/DefinitelyTyped/DefinitelyTyped"
"@types/react-google-recaptcha@2.1.9","MIT","dashboard","","https://github.com/DefinitelyTyped/DefinitelyTyped"
"@types/react@18.3.11","MIT","dashboard","","https://github.com/DefinitelyTyped/DefinitelyTyped"
"@types/react@18.3.18","MIT","extension","","https://github.com/DefinitelyTyped/DefinitelyTyped"
"@types/retry@0.12.0","MIT","extension","","https://github.com/DefinitelyTyped/DefinitelyTyped"
"@types/send@0.17.4","MIT","backend;extension","","https://github.com/DefinitelyTyped/DefinitelyTyped"
"@types/serve-index@1.9.4","MIT","extension","","https://github.com/DefinitelyTyped/DefinitelyTyped"
"@types/serve-static@1.15.7","MIT","backend;extension","","https://github.com/DefinitelyTyped/DefinitelyTyped"
"@types/sizzle@2.3.9","MIT","dashboard","","https://github.com/DefinitelyTyped/DefinitelyTyped"
"@types/sockjs@0.3.36","MIT","extension","","https://github.com/DefinitelyTyped/DefinitelyTyped"
"@types/tough-cookie@4.0.5","MIT","extension","","https://github.com/DefinitelyTyped/DefinitelyTyped"
"@types/webextension-polyfill@0.12.3","MIT","dashboard;extension","","https://github.com/DefinitelyTyped/DefinitelyTyped"
"@types/ws@8.18.1","MIT","extension","","https://github.com/DefinitelyTyped/DefinitelyTyped"
"@types/yauzl@2.10.3","MIT","backend;extension","","https://github.com/DefinitelyTyped/DefinitelyTyped"
"@typescript-eslint/eslint-plugin@8.8.1","MIT","dashboard","","https://github.com/typescript-eslint/typescript-eslint"
"@typescript-eslint/parser@8.8.1","BSD-2-Clause","dashboard","","https://github.com/typescript-eslint/typescript-eslint"
"@typescript-eslint/scope-manager@8.8.1","MIT","dashboard","","https://github.com/typescript-eslint/typescript-eslint"
"@typescript-eslint/type-utils@8.8.1","MIT","dashboard","","https://github.com/typescript-eslint/typescript-eslint"
"@typescript-eslint/types@8.8.1","MIT","dashboard","","https://github.com/typescript-eslint/typescript-eslint"
"@typescript-eslint/typescript-estree@8.8.1","BSD-2-Clause","dashboard","","https://github.com/typescript-eslint/typescript-eslint"
"@typescript-eslint/utils@8.8.1","MIT","dashboard","","https://github.com/typescript-eslint/typescript-eslint"
"@typescript-eslint/visitor-keys@8.8.1","MIT","dashboard","","https://github.com/typescript-eslint/typescript-eslint"
"@vitejs/plugin-react@4.3.2","MIT","dashboard","Evan You","https://github.com/vitejs/vite-plugin-react"
"@vitejs/plugin-react@4.3.4","MIT","extension","Evan You","https://github.com/vitejs/vite-plugin-react"
"@webassemblyjs/ast@1.14.1","MIT","extension","Sven Sauleau","https://github.com/xtuc/webassemblyjs"
"@webassemblyjs/floating-point-hex-parser@1.13.2","MIT","extension","Mauro Bringolf","https://github.com/xtuc/webassemblyjs"
"@webassemblyjs/helper-api-error@1.13.2","MIT","extension","Sven Sauleau","https://github.com/xtuc/webassemblyjs"
"@webassemblyjs/helper-buffer@1.14.1","MIT","extension","Sven Sauleau","https://github.com/xtuc/webassemblyjs"
"@webassemblyjs/helper-numbers@1.13.2","MIT","extension","Sven Sauleau","https://github.com/xtuc/webassemblyjs"
"@webassemblyjs/helper-wasm-bytecode@1.13.2","MIT","extension","Sven Sauleau","https://github.com/xtuc/webassemblyjs"
"@webassemblyjs/helper-wasm-section@1.14.1","MIT","extension","Sven Sauleau","https://github.com/xtuc/webassemblyjs"
"@webassemblyjs/ieee754@1.13.2","MIT","extension","","https://github.com/xtuc/webassemblyjs"
"@webassemblyjs/leb128@1.13.2","Apache-2.0","extension","","https://github.com/xtuc/webassemblyjs"
"@webassemblyjs/utf8@1.13.2","MIT","extension","Sven Sauleau","https://github.com/xtuc/webassemblyjs"
"@webassemblyjs/wasm-edit@1.14.1","MIT","extension","Sven Sauleau","https://github.com/xtuc/webassemblyjs"
"@webassemblyjs/wasm-gen@1.14.1","MIT","extension","Sven Sauleau","https://github.com/xtuc/webassemblyjs"
"@webassemblyjs/wasm-opt@1.14.1","MIT","extension","Sven Sauleau","https://github.com/xtuc/webassemblyjs"
"@webassemblyjs/wasm-parser@1.14.1","MIT","extension","Sven Sauleau","https://github.com/xtuc/webassemblyjs"
"@webassemblyjs/wast-printer@1.14.1","MIT","extension","Sven Sauleau","https://github.com/xtuc/webassemblyjs"
"@webpack-cli/configtest@1.2.0","MIT","extension","","https://github.com/webpack/webpack-cli"
"@webpack-cli/info@1.5.0","MIT","extension","","https://github.com/webpack/webpack-cli"
"@webpack-cli/serve@1.7.0","MIT","extension","","https://github.com/webpack/webpack-cli"
"@xtuc/ieee754@1.2.0","BSD-3-Clause","extension","Feross Aboukhadijeh","https://github.com/feross/ieee754"
"@xtuc/long@4.2.2","Apache-2.0","extension","Daniel Wirtz","https://github.com/dcodeIO/long.js"
"@zag-js/dom-query@0.31.1","MIT","dashboard;extension","Segun Adebayo","https://github.com/chakra-ui/zag/tree/main/packages/utilities/dom-helpers"
"@zag-js/element-size@0.31.1","MIT","dashboard;extension","Segun Adebayo","https://github.com/chakra-ui/zag/tree/main/packages/utilities/element-size"
"@zag-js/focus-visible@0.31.1","MIT","dashboard;extension","Segun Adebayo","https://github.com/chakra-ui/zag/tree/main/packages/utilities/focus-visible"
"abbrev@1.1.1","ISC","backend","Isaac Z. Schlueter","https://github.com/isaacs/abbrev-js"
"accepts@1.3.8","MIT","backend;extension","","https://github.com/jshttp/accepts"
"accessor-fn@1.5.3","MIT","dashboard","Vasco Asturiano","https://github.com/vasturiano/accessor-fn"
"acorn-jsx@5.3.2","MIT","dashboard","","https://github.com/acornjs/acorn-jsx"
"acorn-walk@8.3.4","MIT","extension","","https://github.com/acornjs/acorn"
"acorn@8.12.1","MIT","dashboard","","https://github.com/acornjs/acorn"
"acorn@8.14.1","MIT","extension","","https://github.com/acornjs/acorn"
"agent-base@6.0.2","MIT","backend","Nathan Rajlich","https://github.com/TooTallNate/node-agent-base"
"agent-base@7.1.3","MIT","backend;extension","Nathan Rajlich","https://github.com/TooTallNate/proxy-agents"
"agent-base@7.1.4","MIT","backend","Nathan Rajlich","https://github.com/TooTallNate/proxy-agents"
"ajv-formats@2.1.1","MIT","extension","Evgeny Poberezkin","https://github.com/ajv-validator/ajv-formats"
"ajv-keywords@3.5.2","MIT","extension","Evgeny Poberezkin","https://github.com/epoberezkin/ajv-keywords"
"ajv-keywords@5.1.0","MIT","extension","Evgeny Poberezkin","https://github.com/epoberezkin/ajv-keywords"
"ajv@6.12.6","MIT","dashboard;extension","Evgeny Poberezkin","https://github.com/ajv-validator/ajv"
"ajv@8.17.1","MIT","extension","Evgeny Poberezkin","https://github.com/ajv-validator/ajv"
"ansi-html-community@0.0.8","Apache-2.0","extension","mahdyar","https://github.com/mahdyar/ansi-html-community"
"ansi-html@0.0.9","Apache-2.0","extension","Tjatse","https://github.com/Tjatse/ansi-html"
"ansi-regex@5.0.1","MIT","backend;extension","Sindre Sorhus","https://github.com/chalk/ansi-regex"
"ansi-styles@3.2.1","MIT","dashboard","Sindre Sorhus","https://github.com/chalk/ansi-styles"
"ansi-styles@4.3.0","MIT","backend;dashboard;extension","Sindre Sorhus","https://github.com/chalk/ansi-styles"
"anymatch@3.1.3","ISC","extension","Elan Shanker","https://github.com/micromatch/anymatch"
"append-field@1.0.0","MIT","backend","Linus Unnebäck","https://github.com/LinusU/node-append-field"
"aproba@2.0.0","ISC","backend","Rebecca Turner","https://github.com/iarna/aproba"
"arch@2.2.0","MIT","extension","Feross Aboukhadijeh","https://github.com/feross/arch"
"archive-type@4.0.0","MIT","extension","Kevin Mårtensson","https://github.com/kevva/archive-type"
"are-we-there-yet@2.0.0","ISC","backend","GitHub Inc.","https://github.com/npm/are-we-there-yet"
"arg@4.1.3","MIT","extension","Josh Junon","https://github.com/zeit/arg"
"argparse@2.0.1","Python-2.0","backend;dashboard;extension","","https://github.com/nodeca/argparse"
"aria-hidden@1.2.4","MIT","dashboard;extension","Anton Korzunov","https://github.com/theKashey/aria-hidden"
"array-flatten@1.1.1","MIT","backend;extension","Blake Embrey","https://github.com/blakeembrey/array-flatten"
"array-parallel@0.1.3","MIT","backend;extension","Jonathan Ong","https://github.com/component/array-parallel"
"array-series@0.1.5","MIT","backend;extension","Jonathan Ong","https://github.com/component/array-series"
"array-union@2.1.0","MIT","extension","Sindre Sorhus","https://github.com/sindresorhus/array-union"
"asn1.js@5.4.1","MIT","backend","Fedor Indutny","https://github.com/indutny/asn1.js"
"ast-types@0.13.4","MIT","backend;extension","Ben Newman","https://github.com/benjamn/ast-types"
"asynckit@0.4.0","MIT","backend;dashboard;extension","Alex Indigo","https://github.com/alexindigo/asynckit"
"aws-ssl-profiles@1.1.2","MIT","backend","https://github.com/wellwelwel","https://github.com/mysqljs/aws-ssl-profiles"
"axios@1.7.7","MIT","dashboard","Matt Zabriskie","https://github.com/axios/axios"
"axios@1.8.1","MIT","backend","Matt Zabriskie","https://github.com/axios/axios"
"axios@1.8.3","MIT","extension","Matt Zabriskie","https://github.com/axios/axios"
"b4a@1.6.7","Apache-2.0","backend;extension","Holepunch","https://github.com/holepunchto/b4a"
"babel-plugin-macros@3.1.0","MIT","dashboard;extension","Kent C. Dodds","https://github.com/kentcdodds/babel-plugin-macros"
"backend@1.0.0","ISC","backend","",""
"balanced-match@1.0.2","MIT","backend;dashboard;extension","Julian Gruber","https://github.com/juliangruber/balanced-match"
"bare-events@2.5.4","Apache-2.0","backend;extension","Holepunch","https://github.com/holepunchto/bare-events"
"bare-fs@4.0.1","Apache-2.0","backend","Holepunch","https://github.com/holepunchto/bare-fs"
"bare-fs@4.0.2","Apache-2.0","extension","Holepunch","https://github.com/holepunchto/bare-fs"
"bare-os@3.5.1","Apache-2.0","backend","Holepunch","https://github.com/holepunchto/bare-os"
"bare-os@3.6.1","Apache-2.0","extension","Holepunch","https://github.com/holepunchto/bare-os"
"bare-path@3.0.0","Apache-2.0","backend;extension","Holepunch","https://github.com/holepunchto/bare-path"
"bare-stream@2.6.5","Apache-2.0","backend;extension","Holepunch","https://github.com/holepunchto/bare-stream"
"base64-js@0.0.8","MIT","extension","T. Jameson Little","https://github.com/beatgammit/base64-js"
"base64-js@1.5.1","MIT","extension","T. Jameson Little","https://github.com/beatgammit/base64-js"
"base64id@2.0.0","MIT","backend","Kristian Faeldt","https://github.com/faeldt/base64id"
"basic-ftp@5.0.5","MIT","backend;extension","Patrick Juchli","https://github.com/patrickjuchli/basic-ftp"
"batch@0.6.1","MIT","extension","TJ Holowaychuk","https://github.com/visionmedia/batch"
"bcrypt@5.1.1","MIT","backend","Nick Campbell","https://github.com/kelektiv/node.bcrypt.js"
"bezier-js@6.1.4","MIT","dashboard","Pomax","https://github.com/Pomax/bezierjs"
"big.js@5.2.2","MIT","extension","Michael Mclaughlin","https://github.com/MikeMcl/big.js"
"bignumber.js@9.0.0","MIT","backend;extension","Michael Mclaughlin","https://github.com/MikeMcl/bignumber.js"
"bin-build@3.0.0","MIT","extension","Kevin Mårtensson","https://github.com/kevva/bin-build"
"bin-check@4.1.0","MIT","extension","Kevin Mårtensson","https://github.com/kevva/bin-check"
"bin-version-check@4.0.0","MIT","extension","Sindre Sorhus","https://github.com/sindresorhus/bin-version-check"
"bin-version@3.1.0","MIT","extension","Sindre Sorhus","https://github.com/sindresorhus/bin-version"
"bin-wrapper@4.1.0","MIT","extension","Kevin Mårtensson","https://github.com/kevva/bin-wrapper"
"binary-extensions@2.3.0","MIT","extension","Sindre Sorhus","https://github.com/sindresorhus/binary-extensions"
"bl@1.2.3","MIT","extension","","https://github.com/rvagg/bl"
"bl@4.1.0","MIT","extension","","https://github.com/rvagg/bl"
"bluebird@3.7.2","MIT","extension","Petka Antonov","https://github.com/petkaantonov/bluebird"
"bn.js@4.12.3","MIT","backend","Fedor Indutny","https://github.com/indutny/bn.js"
"body-parser@1.20.3","MIT","backend;extension","","https://github.com/expressjs/body-parser"
"bonjour-service@1.3.0","MIT","extension","ON LX Lited","https://github.com/onlxltd/bonjour-service"
"boolbase@1.0.0","ISC","backend;dashboard;extension","Felix Boehm","https://github.com/fb55/boolbase"
"brace-expansion@1.1.11","MIT","backend;dashboard;extension","Julian Gruber","https://github.com/juliangruber/brace-expansion"
"brace-expansion@2.0.1","MIT","dashboard","Julian Gruber","https://github.com/juliangruber/brace-expansion"
"braces@3.0.3","MIT","dashboard;extension","Jon Schlinkert","https://github.com/micromatch/braces"
"browserslist@4.24.0","MIT","dashboard","Andrey Sitnik","https://github.com/browserslist/browserslist"
"browserslist@4.24.4","MIT","extension","Andrey Sitnik","https://github.com/browserslist/browserslist"
"buffer-alloc-unsafe@1.1.0","MIT","extension","","https://github.com/LinusU/buffer-alloc-unsafe"
"buffer-alloc@1.2.0","MIT","extension","","https://github.com/LinusU/buffer-alloc"
"buffer-crc32@0.2.13","MIT","backend;extension","Brian J. Brennan","https://github.com/brianloveswords/buffer-crc32"
"buffer-equal-constant-time@1.0.1","BSD-3-Clause","backend","GoInstant Inc., a salesforce.com company","https://github.com/goinstant/buffer-equal-constant-time"
"buffer-fill@1.0.0","MIT","extension","","https://github.com/LinusU/buffer-fill"
"buffer-from@1.1.2","MIT","backend;extension","","https://github.com/LinusU/buffer-from"
"buffer@5.7.1","MIT","extension","Feross Aboukhadijeh","https://github.com/feross/buffer"
"busboy@1.6.0","MIT","backend","Brian White","https://github.com/mscdex/busboy"
"bytes@3.1.2","MIT","backend;extension","TJ Holowaychuk","https://github.com/visionmedia/bytes.js"
"cacheable-request@2.1.4","MIT","extension","Luke Childs","https://github.com/lukechilds/cacheable-request"
"call-bind-apply-helpers@1.0.2","MIT","extension","Jordan Harband","https://github.com/ljharb/call-bind-apply-helpers"
"call-bind@1.0.7","MIT","backend","Jordan Harband","https://github.com/ljharb/call-bind"
"call-bound@1.0.4","MIT","extension","Jordan Harband","https://github.com/ljharb/call-bound"
"callsites@3.1.0","MIT","backend;dashboard;extension","Sindre Sorhus","https://github.com/sindresorhus/callsites"
"caniuse-lite@1.0.30001668","CC-BY-4.0","dashboard","Ben Briggs","https://github.com/browserslist/caniuse-lite"
"caniuse-lite@1.0.30001704","CC-BY-4.0","extension","Ben Briggs","https://github.com/browserslist/caniuse-lite"
"canvas-color-tracker@1.3.2","MIT","dashboard","Vasco Asturiano","https://github.com/vasturiano/canvas-color-tracker"
"canvas@3.1.0","MIT","extension","TJ Holowaychuk","https://github.com/Automattic/node-canvas"
"caw@2.0.1","MIT","extension","Kevin Mårtensson","https://github.com/kevva/caw"
"chalk@2.4.2","MIT","dashboard","","https://github.com/chalk/chalk"
"chalk@4.1.2","MIT","dashboard;extension","","https://github.com/chalk/chalk"
"cheerio-select@2.1.0","BSD-2-Clause","backend;dashboard;extension","Felix Boehm","https://github.com/cheeriojs/cheerio-select"
"cheerio@1.0.0","MIT","backend;dashboard;extension","Matt Mueller","https://github.com/cheeriojs/cheerio"
"chokidar@3.6.0","MIT","extension","Paul Miller","https://github.com/paulmillr/chokidar"
"chownr@1.1.4","ISC","extension","Isaac Z. Schlueter","https://github.com/isaacs/chownr"
"chownr@2.0.0","ISC","backend","Isaac Z. Schlueter","https://github.com/isaacs/chownr"
"chrome-trace-event@1.0.4","MIT","extension","Trent Mick, Sam Saccone","https://github.com/samccone/chrome-trace-event"
"chrome@0.1.0","ISC","extension","afc163","https://github.com/afc163/chrome"
"chromium-bidi@2.0.0","Apache-2.0","backend","The Chromium Authors","https://github.com/GoogleChromeLabs/chromium-bidi"
"chromium-bidi@3.0.0","Apache-2.0","extension","The Chromium Authors","https://github.com/GoogleChromeLabs/chromium-bidi"
"classcat@5.0.5","MIT","dashboard","Jorge Bucaran","https://github.com/jorgebucaran/classcat"
"cliui@8.0.1","ISC","backend;extension","Ben Coe","https://github.com/yargs/cliui"
"clone-deep@4.0.1","MIT","extension","Jon Schlinkert","https://github.com/jonschlinkert/clone-deep"
"clone-response@1.0.2","MIT","extension","Luke Childs","https://github.com/lukechilds/clone-response"
"clsx@2.1.1","MIT","dashboard","Luke Edwards","https://github.com/lukeed/clsx"
"cluster-key-slot@1.1.2","Apache-2.0","backend","Mike Diarmid","https://github.com/Salakar/cluster-key-slot"
"color-convert@1.9.3","MIT","dashboard","Heather Arthur","https://github.com/Qix-/color-convert"
"color-convert@2.0.1","MIT","backend;dashboard;extension","Heather Arthur","https://github.com/Qix-/color-convert"
"color-name@1.1.3","MIT","dashboard","DY","https://github.com/dfcreative/color-name"
"color-name@1.1.4","MIT","backend;dashboard;extension","DY","https://github.com/colorjs/color-name"
"color-string@1.9.1","MIT","backend;extension","Heather Arthur","https://github.com/Qix-/color-string"
"color-support@1.1.3","ISC","backend","Isaac Z. Schlueter","https://github.com/isaacs/color-support"
"color@4.2.3","MIT","backend;extension","","https://github.com/Qix-/color"
"color2k@2.0.3","MIT","dashboard;extension","Rico Kahler","https://github.com/ricokahler/color2k"
"colorette@2.0.20","MIT","extension","Jorge Bucaran","https://github.com/jorgebucaran/colorette"
"combined-stream@1.0.8","MIT","backend;dashboard;extension","Felix Geisendörfer","https://github.com/felixge/node-combined-stream"
"commander@2.20.3","MIT","extension","TJ Holowaychuk","https://github.com/tj/commander.js"
"commander@7.2.0","MIT","extension","TJ Holowaychuk","https://github.com/tj/commander.js"
"compressible@2.0.18","MIT","extension","","https://github.com/jshttp/compressible"
"compression@1.8.0","MIT","extension","","https://github.com/expressjs/compression"
"compute-scroll-into-view@3.1.1","MIT","dashboard","Cody Olsen","https://github.com/scroll-into-view/compute-scroll-into-view"
"concat-map@0.0.1","MIT","backend;dashboard;extension","James Halliday","https://github.com/substack/node-concat-map"
"concat-stream@1.6.2","MIT","backend","Max Ogden","https://github.com/maxogden/concat-stream"
"config-chain@1.1.13","MIT","extension","Dominic Tarr","https://github.com/dominictarr/config-chain"
"connect-history-api-fallback@2.0.0","MIT","extension","Ben Ripkens","https://github.com/bripkens/connect-history-api-fallback"
"console-control-strings@1.1.0","ISC","backend","Rebecca Turner","https://github.com/iarna/console-control-strings"
"content-disposition@0.5.4","MIT","backend;extension","Douglas Christopher Wilson","https://github.com/jshttp/content-disposition"
"content-type@1.0.5","MIT","backend;extension","Douglas Christopher Wilson","https://github.com/jshttp/content-type"
"convert-source-map@1.9.0","MIT","dashboard;extension","Thorsten Lorenz","https://github.com/thlorenz/convert-source-map"
"convert-source-map@2.0.0","MIT","dashboard;extension","Thorsten Lorenz","https://github.com/thlorenz/convert-source-map"
"cookie-parser@1.4.7","MIT","backend","TJ Holowaychuk","https://github.com/expressjs/cookie-parser"
"cookie-signature@1.0.6","MIT","backend;extension","TJ Holowaychuk","https://github.com/visionmedia/node-cookie-signature"
"cookie@0.7.1","MIT","backend;extension","Roman Shtylman","https://github.com/jshttp/cookie"
"cookie@0.7.2","MIT","backend","Roman Shtylman","https://github.com/jshttp/cookie"
"copy-to-clipboard@3.3.3","MIT","dashboard;extension","sudodoki","https://github.com/sudodoki/copy-to-clipboard"
"copy-webpack-plugin@13.0.0","MIT","extension","Len Boyette","https://github.com/webpack-contrib/copy-webpack-plugin"
"core-js-pure@3.41.0","MIT","extension","Denis Pushkarev","https://github.com/zloirock/core-js"
"core-util-is@1.0.3","MIT","backend;extension","Isaac Z. Schlueter","https://github.com/isaacs/core-util-is"
"cors@2.8.5","MIT","backend","Troy Goode","https://github.com/expressjs/cors"
"cosmiconfig@7.1.0","MIT","dashboard;extension","David Clark","https://github.com/davidtheclark/cosmiconfig"
"cosmiconfig@9.0.0","MIT","backend;extension","Daniel Fischer","https://github.com/cosmiconfig/cosmiconfig"
"create-require@1.1.1","MIT","extension","","https://github.com/nuxt-contrib/create-require"
"cross-spawn@5.1.0","MIT","extension","IndigoUnited","https://github.com/IndigoUnited/node-cross-spawn"
"cross-spawn@6.0.6","MIT","extension","André Cruz","https://github.com/moxystudio/node-cross-spawn"
"cross-spawn@7.0.3","MIT","dashboard","André Cruz","https://github.com/moxystudio/node-cross-spawn"
"cross-spawn@7.0.6","MIT","backend;extension","André Cruz","https://github.com/moxystudio/node-cross-spawn"
"css-box-model@1.2.1","MIT","dashboard","Alex Reardon","https://github.com/alexreardon/css-box-model"
"css-loader@7.1.2","MIT","extension","Tobias Koppers @sokra","https://github.com/webpack-contrib/css-loader"
"css-select@4.3.0","BSD-2-Clause","extension","Felix Boehm","https://github.com/fb55/css-select"
"css-select@5.1.0","BSD-2-Clause","backend;dashboard;extension","Felix Boehm","https://github.com/fb55/css-select"
"css-tree@1.1.3","MIT","extension","Roman Dvornov","https://github.com/csstree/csstree"
"css-what@6.1.0","BSD-2-Clause","backend;dashboard;extension","Felix Böhm","https://github.com/fb55/css-what"
"cssesc@3.0.0","MIT","extension","Mathias Bynens","https://github.com/mathiasbynens/cssesc"
"csso@4.2.0","MIT","extension","Sergey Kryzhanovsky","https://github.com/css/csso"
"cssstyle@4.2.1","MIT","backend","","https://github.com/jsdom/cssstyle"
"csstype@3.1.3","MIT","dashboard;extension","Fredrik Nicol","https://github.com/frenic/csstype"
"csv-parser@3.2.0","MIT","backend","mafintosh","https://github.com/mafintosh/csv-parser"
"cwebp-bin@7.0.1","MIT","extension","","https://github.com/imagemin/cwebp-bin"
"cytoscape-dagre@2.5.0","MIT","dashboard","Max Franz","https://github.com/cytoscape/cytoscape.js-dagre"
"cytoscape-qtip@2.8.0","MIT","dashboard","","https://github.com/cytoscape/cytoscape.js-qtip"
"cytoscape@3.33.1","MIT","dashboard","","https://github.com/cytoscape/cytoscape.js"
"d3-array@3.2.4","ISC","dashboard;extension","Mike Bostock","https://github.com/d3/d3-array"
"d3-binarytree@1.0.2","MIT","dashboard","Vasco Asturiano","https://github.com/vasturiano/d3-binarytree"
"d3-color@3.1.0","ISC","dashboard;extension","Mike Bostock","https://github.com/d3/d3-color"
"d3-dispatch@3.0.1","ISC","dashboard;extension","Mike Bostock","https://github.com/d3/d3-dispatch"
"d3-drag@3.0.0","ISC","dashboard","Mike Bostock","https://github.com/d3/d3-drag"
"d3-ease@3.0.1","BSD-3-Clause","dashboard;extension","Mike Bostock","https://github.com/d3/d3-ease"
"d3-force-3d@3.0.6","MIT","dashboard","Vasco Asturiano","https://github.com/vasturiano/d3-force-3d"
"d3-force@3.0.0","ISC","dashboard","Mike Bostock","https://github.com/d3/d3-force"
"d3-format@3.1.0","ISC","dashboard;extension","Mike Bostock","https://github.com/d3/d3-format"
"d3-interpolate@3.0.1","ISC","dashboard;extension","Mike Bostock","https://github.com/d3/d3-interpolate"
"d3-octree@1.1.0","MIT","dashboard","Vasco Asturiano","https://github.com/vasturiano/d3-octree"
"d3-path@3.1.0","ISC","dashboard;extension","Mike Bostock","https://github.com/d3/d3-path"
"d3-quadtree@3.0.1","ISC","dashboard","Mike Bostock","https://github.com/d3/d3-quadtree"
"d3-scale-chromatic@3.1.0","ISC","dashboard","Mike Bostock","https://github.com/d3/d3-scale-chromatic"
"d3-scale@4.0.2","ISC","dashboard;extension","Mike Bostock","https://github.com/d3/d3-scale"
"d3-selection@3.0.0","ISC","dashboard;extension","Mike Bostock","https://github.com/d3/d3-selection"
"d3-shape@3.2.0","ISC","dashboard;extension","Mike Bostock","https://github.com/d3/d3-shape"
"d3-time-format@4.1.0","ISC","dashboard;extension","Mike Bostock","https://github.com/d3/d3-time-format"
"d3-time@3.1.0","ISC","dashboard;extension","Mike Bostock","https://github.com/d3/d3-time"
"d3-timer@3.0.1","ISC","dashboard;extension","Mike Bostock","https://github.com/d3/d3-timer"
"d3-transition@3.0.1","ISC","dashboard;extension","Mike Bostock","https://github.com/d3/d3-transition"
"d3-zoom@3.0.0","ISC","dashboard","Mike Bostock","https://github.com/d3/d3-zoom"
"dagre@0.8.5","MIT","dashboard","Chris Pettitt","https://github.com/dagrejs/dagre"
"data-uri-to-buffer@6.0.2","MIT","backend;extension","Nathan Rajlich","https://github.com/TooTallNate/proxy-agents"
"data-urls@5.0.0","MIT","backend","Domenic Denicola","https://github.com/jsdom/data-urls"
"debounce@1.2.1","MIT","extension","","https://github.com/component/debounce"
"debug@2.6.9","MIT","backend;extension","TJ Holowaychuk","https://github.com/visionmedia/debug"
"debug@3.2.7","MIT","backend;extension","TJ Holowaychuk","https://github.com/visionmedia/debug"
"debug@4.3.7","MIT","backend","Josh Junon","https://github.com/debug-js/debug"
"debug@4.4.0","MIT","backend;extension","Josh Junon","https://github.com/debug-js/debug"
"debug@4.4.3","MIT","backend;dashboard","Josh Junon","https://github.com/debug-js/debug"
"decimal.js-light@2.5.1","MIT","dashboard","Michael Mclaughlin","https://github.com/MikeMcl/decimal.js-light"
"decimal.js@10.5.0","MIT","backend","Michael Mclaughlin","https://github.com/MikeMcl/decimal.js"
"decode-uri-component@0.2.2","MIT","extension","Sam Verschueren","https://github.com/SamVerschueren/decode-uri-component"
"decompress-response@3.3.0","MIT","extension","","https://github.com/sindresorhus/decompress-response"
"decompress-response@6.0.0","MIT","extension","Sindre Sorhus","https://github.com/sindresorhus/decompress-response"
"decompress-tar@4.1.1","MIT","extension","Kevin Mårtensson","https://github.com/kevva/decompress-tar"
"decompress-tarbz2@4.1.1","MIT","extension","Kevin Mårtensson","https://github.com/kevva/decompress-tarbz2"
"decompress-targz@4.1.1","MIT","extension","Kevin Mårtensson","https://github.com/kevva/decompress-targz"
"decompress-unzip@4.0.1","MIT","extension","Kevin Mårtensson","https://github.com/kevva/decompress-unzip"
"decompress@4.2.1","MIT","extension","Kevin Mårtensson","https://github.com/kevva/decompress"
"deep-diff@1.0.2","MIT","dashboard","Phillip Clark","https://github.com/flitbit/diff"
"deep-extend@0.6.0","MIT","extension","Viacheslav Lotsmanov","https://github.com/unclechu/node-deep-extend"
"deep-is@0.1.4","MIT","dashboard","Thorsten Lorenz","https://github.com/thlorenz/deep-is"
"deepmerge@4.3.1","MIT","dashboard","","https://github.com/TehShrike/deepmerge"
"default-gateway@6.0.3","BSD-2-Clause","extension","silverwind","https://github.com/silverwind/default-gateway"
"define-data-property@1.1.4","MIT","backend","Jordan Harband","https://github.com/ljharb/define-data-property"
"define-lazy-prop@2.0.0","MIT","extension","Sindre Sorhus","https://github.com/sindresorhus/define-lazy-prop"
"degenerator@5.0.1","MIT","backend;extension","Nathan Rajlich","https://github.com/TooTallNate/proxy-agents"
"delayed-stream@1.0.0","MIT","backend;dashboard;extension","Felix Geisendörfer","https://github.com/felixge/node-delayed-stream"
"delegates@1.0.0","MIT","backend","","https://github.com/visionmedia/node-delegates"
"denque@2.1.0","Apache-2.0","backend","Invertase","https://github.com/invertase/denque"
"depd@1.1.2","MIT","extension","Douglas Christopher Wilson","https://github.com/dougwilson/nodejs-depd"
"depd@2.0.0","MIT","backend;extension","Douglas Christopher Wilson","https://github.com/dougwilson/nodejs-depd"
"destroy@1.2.0","MIT","backend;extension","Jonathan Ong","https://github.com/stream-utils/destroy"
"detect-libc@2.0.3","Apache-2.0","backend;extension","Lovell Fuller","https://github.com/lovell/detect-libc"
"detect-node-es@1.1.0","MIT","dashboard;extension","Ilya Kantor","https://github.com/thekashey/detect-node"
"detect-node@2.1.0","MIT","extension","Ilya Kantor","https://github.com/iliakan/detect-node"
"devtools-protocol@0.0.1402036","BSD-3-Clause","backend","The Chromium Authors","https://github.com/ChromeDevTools/devtools-protocol"
"devtools-protocol@0.0.1413902","BSD-3-Clause","extension","The Chromium Authors","https://github.com/ChromeDevTools/devtools-protocol"
"diff@4.0.2","BSD-3-Clause","extension","","https://github.com/kpdecker/jsdiff"
"dir-glob@3.0.1","MIT","extension","Kevin Mårtensson","https://github.com/kevva/dir-glob"
"direction@1.0.4","MIT","dashboard","Titus Wormer","https://github.com/wooorm/direction"
"dns-packet@5.6.1","MIT","extension","Mathias Buus","https://github.com/mafintosh/dns-packet"
"dom-helpers@5.2.1","MIT","dashboard","Jason Quense","https://github.com/react-bootstrap/dom-helpers"
"dom-serializer@1.4.1","MIT","extension","Felix Boehm","https://github.com/cheeriojs/dom-renderer"
"dom-serializer@2.0.0","MIT","backend;dashboard;extension","Felix Boehm","https://github.com/cheeriojs/dom-serializer"
"domelementtype@2.3.0","BSD-2-Clause","backend;dashboard;extension","Felix Boehm","https://github.com/fb55/domelementtype"
"domhandler@4.3.1","BSD-2-Clause","extension","Felix Boehm","https://github.com/fb55/domhandler"
"domhandler@5.0.3","BSD-2-Clause","backend;dashboard;extension","Felix Boehm","https://github.com/fb55/domhandler"
"domutils@2.8.0","BSD-2-Clause","extension","Felix Boehm","https://github.com/fb55/domutils"
"domutils@3.1.0","BSD-2-Clause","backend;dashboard","Felix Boehm","https://github.com/fb55/domutils"
"domutils@3.2.2","BSD-2-Clause","extension","Felix Boehm","https://github.com/fb55/domutils"
"dotenv-defaults@2.0.2","MIT","extension","Matt Steele","https://github.com/mrsteele/dotenv-defaults"
"dotenv-webpack@8.1.0","MIT","extension","Matt Steele","https://github.com/mrsteele/dotenv-webpack"
"dotenv@16.4.7","BSD-2-Clause","backend;extension","","https://github.com/motdotla/dotenv"
"dotenv@17.4.2","BSD-2-Clause","dashboard","","https://github.com/motdotla/dotenv"
"dotenv@8.6.0","BSD-2-Clause","extension","","https://github.com/motdotla/dotenv"
"download@6.2.5","MIT","extension","Kevin Mårtensson","https://github.com/kevva/download"
"download@7.1.0","MIT","extension","Kevin Mårtensson","https://github.com/kevva/download"
"dunder-proto@1.0.1","MIT","extension","Jordan Harband","https://github.com/es-shims/dunder-proto"
"duplexer@0.1.2","MIT","extension","Raynos","https://github.com/Raynos/duplexer"
"duplexer3@0.1.5","BSD-3-Clause","extension","","https://github.com/sindresorhus/duplexer3"
"ecdsa-sig-formatter@1.0.11","Apache-2.0","backend","D2L Corporation","https://github.com/Brightspace/node-ecdsa-sig-formatter"
"ee-first@1.1.1","MIT","backend;extension","Jonathan Ong","https://github.com/jonathanong/ee-first"
"electron-to-chromium@1.5.116","ISC","extension","Kilian Valkhof","https://github.com/kilian/electron-to-chromium"
"electron-to-chromium@1.5.36","ISC","dashboard","Kilian Valkhof","https://github.com/kilian/electron-to-chromium"
"emoji-regex@8.0.0","MIT","backend;extension","Mathias Bynens","https://github.com/mathiasbynens/emoji-regex"
"emojis-list@3.0.0","MIT","extension","Kiko Beats","https://github.com/kikobeats/emojis-list"
"encodeurl@1.0.2","MIT","backend;extension","","https://github.com/pillarjs/encodeurl"
"encodeurl@2.0.0","MIT","backend;extension","","https://github.com/pillarjs/encodeurl"
"encoding-sniffer@0.2.0","MIT","backend;dashboard;extension","Felix Boehm","https://github.com/fb55/encoding-sniffer"
"end-of-stream@1.4.4","MIT","backend;extension","Mathias Buus","https://github.com/mafintosh/end-of-stream"
"engine.io-client@6.6.4","MIT","dashboard","","https://github.com/socketio/socket.io"
"engine.io-parser@5.2.3","MIT","backend;dashboard","","https://github.com/socketio/socket.io"
"engine.io@6.6.5","MIT","backend","Guillermo Rauch","https://github.com/socketio/socket.io"
"enhanced-resolve@5.18.1","MIT","extension","Tobias Koppers @sokra","https://github.com/webpack/enhanced-resolve"
"entities@2.2.0","BSD-2-Clause","extension","Felix Boehm","https://github.com/fb55/entities"
"entities@4.5.0","BSD-2-Clause","backend;dashboard;extension","Felix Boehm","https://github.com/fb55/entities"
"env-paths@2.2.1","MIT","backend;extension","Sindre Sorhus","https://github.com/sindresorhus/env-paths"
"envinfo@7.14.0","MIT","extension","tabrindle@gmail.com","https://github.com/tabrindle/envinfo"
"error-ex@1.3.2","MIT","backend;dashboard;extension","","https://github.com/qix-/node-error-ex"
"error-stack-parser@2.1.4","MIT","extension","","https://github.com/stacktracejs/error-stack-parser"
"es-define-property@1.0.0","MIT","backend","Jordan Harband","https://github.com/ljharb/es-define-property"
"es-define-property@1.0.1","MIT","extension","Jordan Harband","https://github.com/ljharb/es-define-property"
"es-errors@1.3.0","MIT","backend;extension","Jordan Harband","https://github.com/ljharb/es-errors"
"es-module-lexer@1.6.0","MIT","extension","Guy Bedford","https://github.com/guybedford/es-module-lexer"
"es-object-atoms@1.1.1","MIT","extension","Jordan Harband","https://github.com/ljharb/es-object-atoms"
"es-set-tostringtag@2.1.0","MIT","extension","Jordan Harband","https://github.com/es-shims/es-set-tostringtag"
"esbuild@0.21.5","MIT","dashboard","","https://github.com/evanw/esbuild"
"esbuild@0.25.1","MIT","extension","","https://github.com/evanw/esbuild"
"escalade@3.2.0","MIT","backend;dashboard;extension","Luke Edwards","https://github.com/lukeed/escalade"
"escape-html@1.0.3","MIT","backend;extension","","https://github.com/component/escape-html"
"escape-string-regexp@1.0.5","MIT","dashboard;extension","Sindre Sorhus","https://github.com/sindresorhus/escape-string-regexp"
"escape-string-regexp@4.0.0","MIT","dashboard;extension","Sindre Sorhus","https://github.com/sindresorhus/escape-string-regexp"
"escodegen@2.1.0","BSD-2-Clause","backend;extension","","https://github.com/estools/escodegen"
"eslint-plugin-react-hooks@5.1.0-rc-fb9a90fa48-20240614","MIT","dashboard","","https://github.com/facebook/react"
"eslint-plugin-react-refresh@0.4.12","MIT","dashboard","Arnaud Barré","https://github.com/ArnaudBarre/eslint-plugin-react-refresh"
"eslint-scope@5.1.1","BSD-2-Clause","extension","","https://github.com/eslint/eslint-scope"
"eslint-scope@8.1.0","BSD-2-Clause","dashboard","","https://github.com/eslint/js"
"eslint-visitor-keys@3.4.3","Apache-2.0","dashboard","Toru Nagashima","https://github.com/eslint/eslint-visitor-keys"
"eslint-visitor-keys@4.1.0","Apache-2.0","dashboard","Toru Nagashima","https://github.com/eslint/js"
"eslint@9.12.0","MIT","dashboard","Nicholas C. Zakas","https://github.com/eslint/eslint"
"espree@10.2.0","BSD-2-Clause","dashboard","Nicholas C. Zakas","https://github.com/eslint/js"
"esprima@4.0.1","BSD-2-Clause","backend;extension","Ariya Hidayat","https://github.com/jquery/esprima"
"esquery@1.6.0","BSD-3-Clause","dashboard","Joel Feenstra","https://github.com/estools/esquery"
"esrecurse@4.3.0","BSD-2-Clause","dashboard;extension","","https://github.com/estools/esrecurse"
"estraverse@4.3.0","BSD-2-Clause","extension","","https://github.com/estools/estraverse"
"estraverse@5.3.0","BSD-2-Clause","backend;dashboard;extension","","https://github.com/estools/estraverse"
"esutils@2.0.3","BSD-2-Clause","backend;dashboard;extension","","https://github.com/estools/esutils"
"etag@1.8.1","MIT","backend;extension","","https://github.com/jshttp/etag"
"ev-emitter@2.1.2","MIT","dashboard","David DeSandro","https://github.com/metafizzy/ev-emitter"
"eventemitter3@4.0.7","MIT","dashboard;extension","Arnout Kazemier","https://github.com/primus/eventemitter3"
"events@3.3.0","MIT","extension","Irakli Gozalishvili","https://github.com/Gozala/events"
"exec-buffer@3.2.0","MIT","extension","Kevin Mårtensson","https://github.com/kevva/exec-buffer"
"execa@0.7.0","MIT","extension","Sindre Sorhus","https://github.com/sindresorhus/execa"
"execa@1.0.0","MIT","extension","Sindre Sorhus","https://github.com/sindresorhus/execa"
"execa@4.1.0","MIT","extension","Sindre Sorhus","https://github.com/sindresorhus/execa"
"execa@5.1.1","MIT","extension","Sindre Sorhus","https://github.com/sindresorhus/execa"
"executable@4.1.1","MIT","extension","Kevin Mårtensson","https://github.com/kevva/executable"
"exeq@2.4.0","MIT","extension","afc163","https://github.com/afc163/exeq"
"expand-template@2.0.3","(MIT OR WTFPL)","extension","LM","https://github.com/ralphtheninja/expand-template"
"express@4.21.1","MIT","backend","TJ Holowaychuk","https://github.com/expressjs/express"
"express@4.21.2","MIT","extension","TJ Holowaychuk","https://github.com/expressjs/express"
"ext-list@2.2.2","MIT","extension","Kevin Mårtensson","https://github.com/kevva/ext-list"
"ext-name@5.0.0","MIT","extension","Kevin Mårtensson","https://github.com/kevva/ext-name"
"extract-zip@2.0.1","BSD-2-Clause","backend;extension","max ogden","https://github.com/maxogden/extract-zip"
"fast-deep-equal@3.1.3","MIT","dashboard;extension","Evgeny Poberezkin","https://github.com/epoberezkin/fast-deep-equal"
"fast-equals@5.2.2","MIT","dashboard","tony_quetano@planttheidea.com","https://github.com/planttheidea/fast-equals"
"fast-fifo@1.3.2","MIT","backend;extension","Mathias Buus","https://github.com/mafintosh/fast-fifo"
"fast-glob@3.3.2","MIT","dashboard","Denis Malinochkin","https://github.com/mrmlnc/fast-glob"
"fast-glob@3.3.3","MIT","extension","Denis Malinochkin","https://github.com/mrmlnc/fast-glob"
"fast-json-stable-stringify@2.1.0","MIT","dashboard;extension","James Halliday","https://github.com/epoberezkin/fast-json-stable-stringify"
"fast-levenshtein@2.0.6","MIT","dashboard","Ramesh Nair","https://github.com/hiddentao/fast-levenshtein"
"fast-uri@3.0.6","BSD-3-Clause","extension","Vincent Le Goff","https://github.com/fastify/fast-uri"
"fast-xml-parser@4.5.3","MIT","extension","Amit Gupta","https://github.com/NaturalIntelligence/fast-xml-parser"
"fastest-levenshtein@1.0.16","MIT","extension","Kasper U. Weihe","https://github.com/ka-weihe/fastest-levenshtein"
"fastq@1.17.1","ISC","dashboard","Matteo Collina","https://github.com/mcollina/fastq"
"fastq@1.19.1","ISC","extension","Matteo Collina","https://github.com/mcollina/fastq"
"faye-websocket@0.11.4","Apache-2.0","extension","James Coglan","https://github.com/faye/faye-websocket-node"
"fd-slicer@1.1.0","MIT","backend;extension","Andrew Kelley","https://github.com/andrewrk/node-fd-slicer"
"fdir@6.4.3","MIT","extension","thecodrr","https://github.com/thecodrr/fdir"
"file-entry-cache@8.0.0","MIT","dashboard","Jared Wray","https://github.com/jaredwray/file-entry-cache"
"file-loader@6.2.0","MIT","extension","Tobias Koppers @sokra","https://github.com/webpack-contrib/file-loader"
"file-type@10.11.0","MIT","extension","Sindre Sorhus","https://github.com/sindresorhus/file-type"
"file-type@12.4.2","MIT","extension","Sindre Sorhus","https://github.com/sindresorhus/file-type"
"file-type@3.9.0","MIT","extension","Sindre Sorhus","https://github.com/sindresorhus/file-type"
"file-type@4.4.0","MIT","extension","Sindre Sorhus","https://github.com/sindresorhus/file-type"
"file-type@5.2.0","MIT","extension","Sindre Sorhus","https://github.com/sindresorhus/file-type"
"file-type@6.2.0","MIT","extension","Sindre Sorhus","https://github.com/sindresorhus/file-type"
"file-type@8.1.0","MIT","extension","Sindre Sorhus","https://github.com/sindresorhus/file-type"
"filename-reserved-regex@2.0.0","MIT","extension","Sindre Sorhus","https://github.com/sindresorhus/filename-reserved-regex"
"filenamify@2.1.0","MIT","extension","Sindre Sorhus","https://github.com/sindresorhus/filenamify"
"fill-range@7.1.1","MIT","dashboard;extension","Jon Schlinkert","https://github.com/jonschlinkert/fill-range"
"finalhandler@1.3.1","MIT","backend;extension","Douglas Christopher Wilson","https://github.com/pillarjs/finalhandler"
"find-root@1.1.0","MIT","dashboard;extension","jsdnxx","https://github.com/js-n/find-root"
"find-up@4.1.0","MIT","extension","Sindre Sorhus","https://github.com/sindresorhus/find-up"
"find-up@5.0.0","MIT","dashboard","Sindre Sorhus","https://github.com/sindresorhus/find-up"
"find-versions@3.2.0","MIT","extension","Sindre Sorhus","https://github.com/sindresorhus/find-versions"
"flat-cache@4.0.1","MIT","dashboard","Jared Wray","https://github.com/jaredwray/flat-cache"
"flat@5.0.2","BSD-3-Clause","extension","Hugh Kennedy","https://github.com/hughsk/flat"
"flatted@3.3.1","ISC","dashboard","Andrea Giammarchi","https://github.com/WebReflection/flatted"
"float-tooltip@1.7.5","MIT","dashboard","Vasco Asturiano","https://github.com/vasturiano/float-tooltip"
"focus-lock@1.3.6","MIT","dashboard;extension","theKashey","https://github.com/theKashey/focus-lock"
"follow-redirects@1.15.9","MIT","backend;dashboard;extension","Ruben Verborgh","https://github.com/follow-redirects/follow-redirects"
"force-graph@1.51.2","MIT","dashboard","Vasco Asturiano","https://github.com/vasturiano/force-graph"
"form-data@4.0.1","MIT","backend;dashboard","Felix Geisendörfer","https://github.com/form-data/form-data"
"form-data@4.0.2","MIT","extension","Felix Geisendörfer","https://github.com/form-data/form-data"
"forwarded@0.2.0","MIT","backend;extension","","https://github.com/jshttp/forwarded"
"framer-motion@11.18.2","MIT","dashboard","Matt Perry","https://github.com/motiondivision/motion"
"framer-motion@7.10.3","MIT","extension","Framer","https://github.com/framer/motion"
"framesync@6.1.2","MIT","dashboard;extension","Matt Perry","https://github.com/Popmotion/popmotion"
"fresh@0.5.2","MIT","backend;extension","TJ Holowaychuk","https://github.com/jshttp/fresh"
"from2@2.3.0","MIT","extension","Hugh Kennedy","https://github.com/hughsk/from2"
"fs-constants@1.0.0","MIT","extension","Mathias Buus","https://github.com/mafintosh/fs-constants"
"fs-extra@11.3.0","MIT","backend;extension","JP Richardson","https://github.com/jprichardson/node-fs-extra"
"fs-minipass@2.1.0","ISC","backend","Isaac Z. Schlueter","https://github.com/npm/fs-minipass"
"fs-monkey@1.0.6","Unlicense","extension","","https://github.com/streamich/fs-monkey"
"fs.realpath@1.0.0","ISC","backend;extension","Isaac Z. Schlueter","https://github.com/isaacs/fs.realpath"
"fs@0.0.1-security","ISC","backend","","https://github.com/npm/security-holder"
"fsevents@2.3.3","MIT","dashboard;extension","","https://github.com/fsevents/fsevents"
"function-bind@1.1.2","MIT","backend;dashboard;extension","Raynos","https://github.com/Raynos/function-bind"
"gauge@3.0.2","ISC","backend","Rebecca Turner","https://github.com/iarna/gauge"
"generate-function@2.3.1","MIT","backend","Mathias Buus","https://github.com/mafintosh/generate-function"
"gensync@1.0.0-beta.2","MIT","dashboard;extension","Logan Smyth","https://github.com/loganfsmyth/gensync"
"get-caller-file@2.0.5","ISC","backend;extension","Stefan Penner","https://github.com/stefanpenner/get-caller-file"
"get-intrinsic@1.2.4","MIT","backend","Jordan Harband","https://github.com/ljharb/get-intrinsic"
"get-intrinsic@1.3.0","MIT","extension","Jordan Harband","https://github.com/ljharb/get-intrinsic"
"get-nonce@1.0.1","MIT","dashboard;extension","Anton Korzunov","https://github.com/theKashey/get-nonce"
"get-proto@1.0.1","MIT","extension","Jordan Harband","https://github.com/ljharb/get-proto"
"get-proxy@2.1.0","MIT","extension","Kevin Mårtensson","https://github.com/kevva/get-proxy"
"get-stream@2.3.1","MIT","extension","Sindre Sorhus","https://github.com/sindresorhus/get-stream"
"get-stream@3.0.0","MIT","extension","Sindre Sorhus","https://github.com/sindresorhus/get-stream"
"get-stream@4.1.0","MIT","extension","Sindre Sorhus","https://github.com/sindresorhus/get-stream"
"get-stream@5.2.0","MIT","backend;extension","Sindre Sorhus","https://github.com/sindresorhus/get-stream"
"get-stream@6.0.1","MIT","extension","Sindre Sorhus","https://github.com/sindresorhus/get-stream"
"get-uri@6.0.4","MIT","backend;extension","Nathan Rajlich","https://github.com/TooTallNate/proxy-agents"
"gifsicle@5.3.0","MIT","extension","","https://github.com/imagemin/gifsicle-bin"
"github-from-package@0.0.0","MIT","extension","James Halliday","https://github.com/substack/github-from-package"
"glob-parent@5.1.2","ISC","dashboard;extension","Gulp Team","https://github.com/gulpjs/glob-parent"
"glob-parent@6.0.2","ISC","dashboard;extension","Gulp Team","https://github.com/gulpjs/glob-parent"
"glob-to-regexp@0.4.1","BSD-2-Clause","extension","Nick Fitzgerald","https://github.com/fitzgen/glob-to-regexp"
"glob@7.2.3","ISC","backend;extension","Isaac Z. Schlueter","https://github.com/isaacs/node-glob"
"globals@11.12.0","MIT","dashboard;extension","Sindre Sorhus","https://github.com/sindresorhus/globals"
"globals@14.0.0","MIT","dashboard","Sindre Sorhus","https://github.com/sindresorhus/globals"
"globals@15.11.0","MIT","dashboard","Sindre Sorhus","https://github.com/sindresorhus/globals"
"globby@10.0.2","MIT","extension","Sindre Sorhus","https://github.com/sindresorhus/globby"
"gm@1.25.1","MIT","backend;extension","Aaron Heckmann","https://github.com/aheckmann/gm"
"google-protobuf@3.21.4","(BSD-3-Clause AND Apache-2.0)","backend","Google Protocol Buffers Team","https://github.com/protocolbuffers/protobuf-javascript"
"gopd@1.0.1","MIT","backend","Jordan Harband","https://github.com/ljharb/gopd"
"gopd@1.2.0","MIT","extension","Jordan Harband","https://github.com/ljharb/gopd"
"got@7.1.0","MIT","extension","","https://github.com/sindresorhus/got"
"got@8.3.2","MIT","extension","","https://github.com/sindresorhus/got"
"graceful-fs@4.2.11","ISC","backend;extension","","https://github.com/isaacs/node-graceful-fs"
"graphemer@1.4.0","MIT","dashboard","Matt Davies","https://github.com/flmnt/graphemer"
"graphlib@2.1.8","MIT","dashboard","Chris Pettitt","https://github.com/dagrejs/graphlib"
"gzip-size@6.0.0","MIT","extension","Sindre Sorhus","https://github.com/sindresorhus/gzip-size"
"handle-thing@2.0.1","MIT","extension","Fedor Indutny","https://github.com/indutny/handle-thing"
"has-flag@3.0.0","MIT","dashboard","Sindre Sorhus","https://github.com/sindresorhus/has-flag"
"has-flag@4.0.0","MIT","dashboard;extension","Sindre Sorhus","https://github.com/sindresorhus/has-flag"
"has-property-descriptors@1.0.2","MIT","backend","Jordan Harband","https://github.com/inspect-js/has-property-descriptors"
"has-proto@1.0.3","MIT","backend","Jordan Harband","https://github.com/inspect-js/has-proto"
"has-symbol-support-x@1.4.2","MIT","extension","Graham Fairweather","https://github.com/Xotic750/has-symbol-support-x"
"has-symbols@1.0.3","MIT","backend","Jordan Harband","https://github.com/inspect-js/has-symbols"
"has-symbols@1.1.0","MIT","extension","Jordan Harband","https://github.com/inspect-js/has-symbols"
"has-to-string-tag-x@1.4.1","MIT","extension","Graham Fairweather","https://github.com/Xotic750/has-to-string-tag-x"
"has-tostringtag@1.0.2","MIT","extension","Jordan Harband","https://github.com/inspect-js/has-tostringtag"
"has-unicode@2.0.1","ISC","backend","Rebecca Turner","https://github.com/iarna/has-unicode"
"hasown@2.0.2","MIT","backend;dashboard;extension","Jordan Harband","https://github.com/inspect-js/hasOwn"
"hey-listen@1.0.8","MIT","extension","Matt Perry","https://github.com/Popmotion/hey-listen"
"hoist-non-react-statics@3.3.2","BSD-3-Clause","dashboard;extension","Michael Ridgway","https://github.com/mridgway/hoist-non-react-statics"
"hpack.js@2.1.6","MIT","extension","Fedor Indutny","https://github.com/indutny/hpack.js"
"html-encoding-sniffer@4.0.0","MIT","backend","Domenic Denicola","https://github.com/jsdom/html-encoding-sniffer"
"html-entities@2.5.2","MIT","extension","Marat Dulin","https://github.com/mdevils/html-entities"
"html-escaper@2.0.2","MIT","extension","Andrea Giammarchi","https://github.com/WebReflection/html-escaper"
"htmlparser2@9.1.0","MIT","backend;dashboard;extension","Felix Boehm","https://github.com/fb55/htmlparser2"
"http_ece@1.2.0","MIT","backend","Martin Thomson","https://github.com/martinthomson/encrypted-content-encoding"
"http-cache-semantics@3.8.1","BSD-2-Clause","extension","Kornel Lesiński","https://github.com/pornel/http-cache-semantics"
"http-deceiver@1.2.7","MIT","extension","Fedor Indutny","https://github.com/indutny/http-deceiver"
"http-errors@1.6.3","MIT","extension","Jonathan Ong","https://github.com/jshttp/http-errors"
"http-errors@2.0.0","MIT","backend;extension","Jonathan Ong","https://github.com/jshttp/http-errors"
"http-parser-js@0.5.10","MIT","extension","Tim Caswell","https://github.com/creationix/http-parser-js"
"http-proxy-agent@7.0.2","MIT","backend;extension","Nathan Rajlich","https://github.com/TooTallNate/proxy-agents"
"http-proxy-middleware@2.0.9","MIT","extension","Steven Chim","https://github.com/chimurai/http-proxy-middleware"
"http-proxy@1.18.1","MIT","extension","Charlie Robbins","https://github.com/http-party/node-http-proxy"
"https-proxy-agent@5.0.1","MIT","backend","Nathan Rajlich","https://github.com/TooTallNate/node-https-proxy-agent"
"https-proxy-agent@7.0.6","MIT","backend;extension","Nathan Rajlich","https://github.com/TooTallNate/proxy-agents"
"human-signals@1.1.1","Apache-2.0","extension","ehmicky","https://github.com/ehmicky/human-signals"
"human-signals@2.1.0","Apache-2.0","extension","ehmicky","https://github.com/ehmicky/human-signals"
"iconv-lite@0.4.24","MIT","backend;extension","Alexander Shtuchkin","https://github.com/ashtuchkin/iconv-lite"
"iconv-lite@0.6.3","MIT","backend;dashboard;extension","Alexander Shtuchkin","https://github.com/ashtuchkin/iconv-lite"
"icss-utils@5.1.0","ISC","extension","Glen Maddern","https://github.com/css-modules/icss-utils"
"ieee754@1.2.1","BSD-3-Clause","extension","Feross Aboukhadijeh","https://github.com/feross/ieee754"
"ignore@5.3.2","MIT","dashboard;extension","kael","https://github.com/kaelzhang/node-ignore"
"image-webpack-loader@8.1.0","MIT","extension","Thomas Coopman @tcoopman","https://github.com/tcoopman/image-webpack-loader"
"imagemin-gifsicle@7.0.0","MIT","extension","","https://github.com/imagemin/imagemin-gifsicle"
"imagemin-mozjpeg@9.0.0","MIT","extension","Kevin Mårtensson","https://github.com/imagemin/imagemin-mozjpeg"
"imagemin-optipng@8.0.0","MIT","extension","","https://github.com/imagemin/imagemin-optipng"
"imagemin-pngquant@9.0.2","MIT","extension","","https://github.com/imagemin/imagemin-pngquant"
"imagemin-svgo@9.0.0","MIT","extension","","https://github.com/imagemin/imagemin-svgo"
"imagemin-webp@7.0.0","MIT","extension","Kevin Mårtensson","https://github.com/imagemin/imagemin-webp"
"imagemin@7.0.1","MIT","extension","","https://github.com/imagemin/imagemin"
"imagesloaded@5.0.0","MIT","dashboard","David DeSandro","https://github.com/desandro/imagesloaded"
"immer@10.2.0","MIT","dashboard","Michel Weststrate","https://github.com/immerjs/immer"
"import-fresh@3.3.0","MIT","dashboard","Sindre Sorhus","https://github.com/sindresorhus/import-fresh"
"import-fresh@3.3.1","MIT","backend;extension","Sindre Sorhus","https://github.com/sindresorhus/import-fresh"
"import-lazy@3.1.0","MIT","extension","Sindre Sorhus","https://github.com/sindresorhus/import-lazy"
"import-local@3.2.0","MIT","extension","Sindre Sorhus","https://github.com/sindresorhus/import-local"
"imurmurhash@0.1.4","MIT","dashboard","Jens Taylor","https://github.com/jensyt/imurmurhash-js"
"index-array-by@1.4.2","MIT","dashboard","Vasco Asturiano","https://github.com/vasturiano/index-array-by"
"inflight@1.0.6","ISC","backend;extension","Isaac Z. Schlueter","https://github.com/npm/inflight"
"inherits@2.0.3","ISC","backend;extension","","https://github.com/isaacs/inherits"
"inherits@2.0.4","ISC","backend;extension","","https://github.com/isaacs/inherits"
"ini@1.3.8","ISC","extension","Isaac Z. Schlueter","https://github.com/isaacs/ini"
"internmap@2.0.3","ISC","dashboard;extension","Mike Bostock","https://github.com/mbostock/internmap"
"interpret@2.2.0","MIT","extension","Gulp Team","https://github.com/gulpjs/interpret"
"into-stream@3.1.0","MIT","extension","Sindre Sorhus","https://github.com/sindresorhus/into-stream"
"ip-address@9.0.5","MIT","backend;extension","Beau Gunderson","https://github.com/beaugunderson/ip-address"
"ipaddr.js@1.9.1","MIT","backend;extension","whitequark","https://github.com/whitequark/ipaddr.js"
"ipaddr.js@2.2.0","MIT","extension","whitequark","https://github.com/whitequark/ipaddr.js"
"is-arrayish@0.2.1","MIT","backend;dashboard;extension","Qix","https://github.com/qix-/node-is-arrayish"
"is-arrayish@0.3.2","MIT","backend;extension","Qix","https://github.com/qix-/node-is-arrayish"
"is-binary-path@2.1.0","MIT","extension","Sindre Sorhus","https://github.com/sindresorhus/is-binary-path"
"is-core-module@2.16.1","MIT","dashboard;extension","Jordan Harband","https://github.com/inspect-js/is-core-module"
"is-cwebp-readable@3.0.0","ISC","extension","Shinnosuke Watanabe","https://github.com/shinnn/is-cwebp-readable"
"is-docker@2.2.1","MIT","extension","Sindre Sorhus","https://github.com/sindresorhus/is-docker"
"is-extglob@2.1.1","MIT","dashboard;extension","Jon Schlinkert","https://github.com/jonschlinkert/is-extglob"
"is-fullwidth-code-point@3.0.0","MIT","backend;extension","Sindre Sorhus","https://github.com/sindresorhus/is-fullwidth-code-point"
"is-gif@3.0.0","MIT","extension","Sindre Sorhus","https://github.com/sindresorhus/is-gif"
"is-glob@4.0.3","MIT","dashboard;extension","Jon Schlinkert","https://github.com/micromatch/is-glob"
"is-hotkey@0.2.0","MIT","dashboard","","https://github.com/ianstormtaylor/is-hotkey"
"is-jpg@2.0.0","MIT","extension","Sindre Sorhus","https://github.com/sindresorhus/is-jpg"
"is-lite@0.8.2","MIT","dashboard","Gil Barbara","https://github.com/gilbarbara/is-lite"
"is-lite@1.2.1","MIT","dashboard","Gil Barbara","https://github.com/gilbarbara/is-lite"
"is-natural-number@4.0.1","MIT","extension","Shinnosuke Watanabe","https://github.com/shinnn/is-natural-number.js"
"is-number@7.0.0","MIT","dashboard;extension","Jon Schlinkert","https://github.com/jonschlinkert/is-number"
"is-object@1.0.2","MIT","extension","Raynos","https://github.com/inspect-js/is-object"
"is-plain-obj@1.1.0","MIT","extension","Sindre Sorhus","https://github.com/sindresorhus/is-plain-obj"
"is-plain-obj@3.0.0","MIT","extension","Sindre Sorhus","https://github.com/sindresorhus/is-plain-obj"
"is-plain-object@2.0.4","MIT","extension","Jon Schlinkert","https://github.com/jonschlinkert/is-plain-object"
"is-plain-object@5.1.0","MIT","dashboard","Jon Schlinkert","https://github.com/jonschlinkert/is-plain-object"
"is-png@2.0.0","MIT","extension","Sindre Sorhus","https://github.com/sindresorhus/is-png"
"is-potential-custom-element-name@1.0.1","MIT","backend","Mathias Bynens","https://github.com/mathiasbynens/is-potential-custom-element-name"
"is-property@1.0.2","MIT","backend","Mikola Lysenko","https://github.com/mikolalysenko/is-property"
"is-retry-allowed@1.2.0","MIT","extension","Vsevolod Strukchinsky","https://github.com/floatdrop/is-retry-allowed"
"is-stream@1.1.0","MIT","extension","Sindre Sorhus","https://github.com/sindresorhus/is-stream"
"is-stream@2.0.1","MIT","extension","Sindre Sorhus","https://github.com/sindresorhus/is-stream"
"is-svg@4.4.0","MIT","extension","Sindre Sorhus","https://github.com/sindresorhus/is-svg"
"is-wsl@2.2.0","MIT","extension","Sindre Sorhus","https://github.com/sindresorhus/is-wsl"
"isarray@1.0.0","MIT","backend;extension","Julian Gruber","https://github.com/juliangruber/isarray"
"isexe@2.0.0","ISC","backend;dashboard;extension","Isaac Z. Schlueter","https://github.com/isaacs/isexe"
"isobject@3.0.1","MIT","extension","Jon Schlinkert","https://github.com/jonschlinkert/isobject"
"isurl@1.0.0","MIT","extension","Steven Vachon","https://github.com/stevenvachon/isurl"
"jerrypick@1.1.2","MIT","dashboard","Vasco Asturiano","https://github.com/vasturiano/jerrypick"
"jest-worker@27.5.1","MIT","extension","","https://github.com/facebook/jest"
"jQuery@1.7.4","MIT","dashboard","James Morrin","https://github.com/coolaj86/node-jquery"
"jquery@3.7.1","MIT","dashboard","OpenJS Foundation and other contributors","https://github.com/jquery/jquery"
"js-tokens@4.0.0","MIT","backend;dashboard;extension","Simon Lydell","https://github.com/lydell/js-tokens"
"js-yaml@4.1.0","MIT","backend;dashboard;extension","Vladimir Zapparov","https://github.com/nodeca/js-yaml"
"jsbn@1.1.0","MIT","backend;extension","Tom Wu","https://github.com/andyperlitch/jsbn"
"jsdom@26.0.0","MIT","backend","","https://github.com/jsdom/jsdom"
"jsesc@3.0.2","MIT","dashboard","Mathias Bynens","https://github.com/mathiasbynens/jsesc"
"jsesc@3.1.0","MIT","extension","Mathias Bynens","https://github.com/mathiasbynens/jsesc"
"json-buffer@3.0.0","MIT","extension","Dominic Tarr","https://github.com/dominictarr/json-buffer"
"json-buffer@3.0.1","MIT","dashboard","Dominic Tarr","https://github.com/dominictarr/json-buffer"
"json-parse-even-better-errors@2.3.1","MIT","backend;dashboard;extension","Kat Marchán","https://github.com/npm/json-parse-even-better-errors"
"json-schema-traverse@0.4.1","MIT","dashboard;extension","Evgeny Poberezkin","https://github.com/epoberezkin/json-schema-traverse"
"json-schema-traverse@1.0.0","MIT","extension","Evgeny Poberezkin","https://github.com/epoberezkin/json-schema-traverse"
"json-stable-stringify-without-jsonify@1.0.1","MIT","dashboard","James Halliday","https://github.com/samn/json-stable-stringify"
"json5@2.2.3","MIT","dashboard;extension","Aseem Kishore","https://github.com/json5/json5"
"jsonfile@6.1.0","MIT","backend;extension","JP Richardson","https://github.com/jprichardson/node-jsonfile"
"jsonrepair@3.12.0","ISC","backend;extension","Jos de Jong","https://github.com/josdejong/jsonrepair"
"jsonwebtoken@9.0.2","MIT","backend","auth0","https://github.com/auth0/node-jsonwebtoken"
"junk@3.1.0","MIT","extension","Sindre Sorhus","https://github.com/sindresorhus/junk"
"jwa@1.4.1","MIT","backend","Brian J. Brennan","https://github.com/brianloveswords/node-jwa"
"jwa@2.0.1","MIT","backend","Brian J. Brennan","https://github.com/brianloveswords/node-jwa"
"jws@3.2.2","MIT","backend","Brian J Brennan","https://github.com/brianloveswords/node-jws"
"jws@4.0.1","MIT","backend","Brian J Brennan","https://github.com/brianloveswords/node-jws"
"kapsule@1.16.3","MIT","dashboard","Vasco Asturiano","https://github.com/vasturiano/kapsule"
"keyv@3.0.0","MIT","extension","Luke Childs","https://github.com/lukechilds/keyv"
"keyv@4.5.4","MIT","dashboard","Jared Wray","https://github.com/jaredwray/keyv"
"kind-of@6.0.3","MIT","extension","Jon Schlinkert","https://github.com/jonschlinkert/kind-of"
"launch-editor@2.10.0","MIT","extension","Evan You","https://github.com/yyx990803/launch-editor"
"levn@0.4.1","MIT","dashboard","George Zahariev","https://github.com/gkz/levn"
"lines-and-columns@1.2.4","MIT","backend;dashboard;extension","Brian Donovan","https://github.com/eventualbuddha/lines-and-columns"
"loader-runner@4.3.0","MIT","extension","Tobias Koppers @sokra","https://github.com/webpack/loader-runner"
"loader-utils@2.0.4","MIT","extension","Tobias Koppers @sokra","https://github.com/webpack/loader-utils"
"locate-path@5.0.0","MIT","extension","Sindre Sorhus","https://github.com/sindresorhus/locate-path"
"locate-path@6.0.0","MIT","dashboard","Sindre Sorhus","https://github.com/sindresorhus/locate-path"
"lodash-es@4.17.21","MIT","extension","John-David Dalton","https://github.com/lodash/lodash"
"lodash-es@4.18.1","MIT","dashboard","John-David Dalton","https://github.com/lodash/lodash"
"lodash.debounce@4.0.8","MIT","dashboard","John-David Dalton","https://github.com/lodash/lodash"
"lodash.includes@4.3.0","MIT","backend","John-David Dalton","https://github.com/lodash/lodash"
"lodash.isboolean@3.0.3","MIT","backend","John-David Dalton","https://github.com/lodash/lodash"
"lodash.isinteger@4.0.4","MIT","backend","John-David Dalton","https://github.com/lodash/lodash"
"lodash.isnumber@3.0.3","MIT","backend","John-David Dalton","https://github.com/lodash/lodash"
"lodash.isplainobject@4.0.6","MIT","backend","John-David Dalton","https://github.com/lodash/lodash"
"lodash.isstring@4.0.1","MIT","backend","John-David Dalton","https://github.com/lodash/lodash"
"lodash.merge@4.6.2","MIT","dashboard","John-David Dalton","https://github.com/lodash/lodash"
"lodash.mergewith@4.6.2","MIT","dashboard;extension","John-David Dalton","https://github.com/lodash/lodash"
"lodash.once@4.1.1","MIT","backend","John-David Dalton","https://github.com/lodash/lodash"
"lodash@3.10.1","MIT","extension","John-David Dalton","https://github.com/lodash/lodash"
"lodash@4.17.21","MIT","dashboard","John-David Dalton","https://github.com/lodash/lodash"
"long@5.3.1","Apache-2.0","backend","Daniel Wirtz","https://github.com/dcodeIO/long.js"
"loose-envify@1.4.0","MIT","dashboard;extension","Andres Suarez","https://github.com/zertosh/loose-envify"
"lowercase-keys@1.0.0","MIT","extension","Sindre Sorhus","https://github.com/sindresorhus/lowercase-keys"
"lowercase-keys@1.0.1","MIT","extension","Sindre Sorhus","https://github.com/sindresorhus/lowercase-keys"
"lru-cache@10.4.3","ISC","backend","Isaac Z. Schlueter","https://github.com/isaacs/node-lru-cache"
"lru-cache@4.1.5","ISC","extension","Isaac Z. Schlueter","https://github.com/isaacs/node-lru-cache"
"lru-cache@5.1.1","ISC","dashboard;extension","Isaac Z. Schlueter","https://github.com/isaacs/node-lru-cache"
"lru-cache@7.18.3","ISC","backend;extension","Isaac Z. Schlueter","https://github.com/isaacs/node-lru-cache"
"lru.min@1.1.1","MIT","backend","https://github.com/wellwelwel","https://github.com/wellwelwel/lru.min"
"make-dir@1.3.0","MIT","extension","Sindre Sorhus","https://github.com/sindresorhus/make-dir"
"make-dir@3.1.0","MIT","backend;extension","Sindre Sorhus","https://github.com/sindresorhus/make-dir"
"make-error@1.3.6","ISC","extension","Julien Fontanet","https://github.com/JsCommunity/make-error"
"math-intrinsics@1.1.0","MIT","extension","Jordan Harband","https://github.com/es-shims/math-intrinsics"
"mdn-data@2.0.14","CC0-1.0","extension","Mozilla Developer Network","https://github.com/mdn/data"
"media-typer@0.3.0","MIT","backend;extension","Douglas Christopher Wilson","https://github.com/jshttp/media-typer"
"memfs@3.5.3","Unlicense","extension","","https://github.com/streamich/memfs"
"memoize-one@6.0.0","MIT","extension","Alex Reardon","https://github.com/alexreardon/memoize-one"
"merge-descriptors@1.0.3","MIT","backend;extension","Jonathan Ong","https://github.com/sindresorhus/merge-descriptors"
"merge-stream@2.0.0","MIT","extension","Stephen Sugden","https://github.com/grncdr/merge-stream"
"merge2@1.4.1","MIT","dashboard;extension","","https://github.com/teambition/merge2"
"methods@1.1.2","MIT","backend;extension","","https://github.com/jshttp/methods"
"micromatch@4.0.8","MIT","dashboard;extension","Jon Schlinkert","https://github.com/micromatch/micromatch"
"mime-db@1.52.0","MIT","backend;dashboard;extension","","https://github.com/jshttp/mime-db"
"mime-db@1.53.0","MIT","extension","","https://github.com/jshttp/mime-db"
"mime-types@2.1.35","MIT","backend;dashboard;extension","","https://github.com/jshttp/mime-types"
"mime@1.6.0","MIT","backend;extension","Robert Kieffer","https://github.com/broofa/node-mime"
"mimic-fn@2.1.0","MIT","extension","Sindre Sorhus","https://github.com/sindresorhus/mimic-fn"
"mimic-response@1.0.1","MIT","extension","Sindre Sorhus","https://github.com/sindresorhus/mimic-response"
"mimic-response@3.1.0","MIT","extension","Sindre Sorhus","https://github.com/sindresorhus/mimic-response"
"minimalistic-assert@1.0.1","ISC","backend;extension","","https://github.com/calvinmetcalf/minimalistic-assert"
"minimatch@3.1.2","ISC","backend;dashboard;extension","Isaac Z. Schlueter","https://github.com/isaacs/minimatch"
"minimatch@9.0.5","ISC","dashboard","Isaac Z. Schlueter","https://github.com/isaacs/minimatch"
"minimist@1.2.8","MIT","backend;extension","James Halliday","https://github.com/minimistjs/minimist"
"minipass@3.3.6","ISC","backend","Isaac Z. Schlueter","https://github.com/isaacs/minipass"
"minipass@5.0.0","ISC","backend","Isaac Z. Schlueter","https://github.com/isaacs/minipass"
"minizlib@2.1.2","MIT","backend","Isaac Z. Schlueter","https://github.com/isaacs/minizlib"
"mitt@3.0.1","MIT","backend;extension","","https://github.com/developit/mitt"
"mkdirp-classic@0.5.3","MIT","extension","Mathias Buus","https://github.com/mafintosh/mkdirp-classic"
"mkdirp@0.5.6","MIT","backend","James Halliday","https://github.com/substack/node-mkdirp"
"mkdirp@1.0.4","MIT","backend","","https://github.com/isaacs/node-mkdirp"
"motion-dom@11.18.1","MIT","dashboard","Matt Perry","https://github.com/motiondivision/motion"
"motion-utils@11.18.1","MIT","dashboard","Matt Perry","https://github.com/motiondivision/motion"
"mozjpeg@7.1.1","MIT","extension","","https://github.com/imagemin/mozjpeg-bin"
"mrmime@2.0.1","MIT","extension","Luke Edwards","https://github.com/lukeed/mrmime"
"ms@2.0.0","MIT","backend;extension","","https://github.com/zeit/ms"
"ms@2.1.3","MIT","backend;dashboard;extension","","https://github.com/vercel/ms"
"multer@1.4.5-lts.2","MIT","backend","","https://github.com/expressjs/multer"
"multicast-dns@7.2.5","MIT","extension","Mathias Buus","https://github.com/mafintosh/multicast-dns"
"mysql@2.18.1","MIT","backend;extension","Felix Geisendörfer","https://github.com/mysqljs/mysql"
"mysql2@3.12.0","MIT","backend","Andrey Sidorov","https://github.com/sidorares/node-mysql2"
"named-placeholders@1.1.3","MIT","backend","Andrey Sidorov","https://github.com/sidorares/named-placeholders"
"nanoid@3.3.7","MIT","dashboard","Andrey Sitnik","https://github.com/ai/nanoid"
"nanoid@3.3.9","MIT","extension","Andrey Sitnik","https://github.com/ai/nanoid"
"napi-build-utils@2.0.0","MIT","extension","Jim Schlight","https://github.com/inspiredware/napi-build-utils"
"native-or-bluebird@1.2.0","MIT","extension","Jonathan Ong","https://github.com/normalize/native-or-bluebird"
"natural-compare@1.4.0","MIT","dashboard","Lauri Rooden","https://github.com/litejs/natural-compare-lite"
"negotiator@0.6.3","MIT","backend;extension","","https://github.com/jshttp/negotiator"
"negotiator@0.6.4","MIT","extension","","https://github.com/jshttp/negotiator"
"neo-async@2.6.2","MIT","extension","","https://github.com/suguru03/neo-async"
"netmask@2.0.2","MIT","backend;extension","Olivier Poitrey","https://github.com/rs/node-netmask"
"nice-try@1.0.5","MIT","extension","","https://github.com/electerious/nice-try"
"node-abi@3.74.0","MIT","extension","Lukas Geiger","https://github.com/electron/node-abi"
"node-addon-api@5.1.0","MIT","backend","","https://github.com/nodejs/node-addon-api"
"node-addon-api@7.1.1","MIT","extension","","https://github.com/nodejs/node-addon-api"
"node-ensure@0.0.0","MIT","backend;extension","Carl A. Bauer","https://github.com/bauerca/node-ensure"
"node-fetch@2.7.0","MIT","backend","David Frank","https://github.com/bitinn/node-fetch"
"node-forge@1.3.1","(BSD-3-Clause OR GPL-2.0)","extension","Digital Bazaar, Inc.","https://github.com/digitalbazaar/forge"
"node-releases@2.0.18","MIT","dashboard","Sergey Rubanov","https://github.com/chicoxyzzy/node-releases"
"node-releases@2.0.19","MIT","extension","Sergey Rubanov","https://github.com/chicoxyzzy/node-releases"
"nodemailer@7.0.3","MIT-0","backend","Andris Reinman","https://github.com/nodemailer/nodemailer"
"nopt@5.0.0","ISC","backend","Isaac Z. Schlueter","https://github.com/npm/nopt"
"normalize-path@3.0.0","MIT","extension","Jon Schlinkert","https://github.com/jonschlinkert/normalize-path"
"normalize-url@2.0.1","MIT","extension","Sindre Sorhus","https://github.com/sindresorhus/normalize-url"
"npm-conf@1.1.3","MIT","extension","Kevin Martensson","https://github.com/kevva/npm-conf"
"npm-run-path@2.0.2","MIT","extension","Sindre Sorhus","https://github.com/sindresorhus/npm-run-path"
"npm-run-path@4.0.1","MIT","extension","Sindre Sorhus","https://github.com/sindresorhus/npm-run-path"
"npmlog@5.0.1","ISC","backend","Isaac Z. Schlueter","https://github.com/npm/npmlog"
"nth-check@2.1.1","BSD-2-Clause","backend;dashboard;extension","Felix Boehm","https://github.com/fb55/nth-check"
"nwsapi@2.2.16","MIT","backend","Diego Perini","https://github.com/dperini/nwsapi"
"oauth@0.10.2","MIT","extension","Ciaran Jessup","https://github.com/ciaranj/node-oauth"
"object-assign@4.1.1","MIT","backend;dashboard;extension","Sindre Sorhus","https://github.com/sindresorhus/object-assign"
"object-inspect@1.13.2","MIT","backend","James Halliday","https://github.com/inspect-js/object-inspect"
"object-inspect@1.13.4","MIT","extension","James Halliday","https://github.com/inspect-js/object-inspect"
"obuf@1.1.2","MIT","extension","Fedor Indutny","https://github.com/indutny/offset-buffer"
"on-finished@2.4.1","MIT","backend;extension","","https://github.com/jshttp/on-finished"
"on-headers@1.0.2","MIT","extension","Douglas Christopher Wilson","https://github.com/jshttp/on-headers"
"once@1.4.0","ISC","backend;extension","Isaac Z. Schlueter","https://github.com/isaacs/once"
"onetime@5.1.2","MIT","extension","Sindre Sorhus","https://github.com/sindresorhus/onetime"
"open@8.4.2","MIT","extension","Sindre Sorhus","https://github.com/sindresorhus/open"
"openai@6.34.0","Apache-2.0","backend","OpenAI","https://github.com/openai/openai-node"
"opener@1.5.2","(WTFPL OR MIT)","extension","Domenic Denicola","https://github.com/domenic/opener"
"opentimestamp@0.1.8","Unlicense","backend","David Arvan","https://github.com/OpenDataFormats/opentimestamp"
"optionator@0.9.4","MIT","dashboard","George Zahariev","https://github.com/gkz/optionator"
"optipng-bin@7.0.1","MIT","extension","","https://github.com/imagemin/optipng-bin"
"os-filter-obj@2.0.0","MIT","extension","Kevin Mårtensson","https://github.com/kevva/os-filter-obj"
"ow@0.17.0","MIT","extension","Sindre Sorhus","https://github.com/sindresorhus/ow"
"p-cancelable@0.3.0","MIT","extension","Sindre Sorhus","https://github.com/sindresorhus/p-cancelable"
"p-cancelable@0.4.1","MIT","extension","Sindre Sorhus","https://github.com/sindresorhus/p-cancelable"
"p-event@1.3.0","MIT","extension","Sindre Sorhus","https://github.com/sindresorhus/p-event"
"p-event@2.3.1","MIT","extension","Sindre Sorhus","https://github.com/sindresorhus/p-event"
"p-finally@1.0.0","MIT","extension","Sindre Sorhus","https://github.com/sindresorhus/p-finally"
"p-is-promise@1.1.0","MIT","extension","Sindre Sorhus","https://github.com/sindresorhus/p-is-promise"
"p-limit@2.3.0","MIT","extension","Sindre Sorhus","https://github.com/sindresorhus/p-limit"
"p-limit@3.1.0","MIT","dashboard","Sindre Sorhus","https://github.com/sindresorhus/p-limit"
"p-locate@4.1.0","MIT","extension","Sindre Sorhus","https://github.com/sindresorhus/p-locate"
"p-locate@5.0.0","MIT","dashboard","Sindre Sorhus","https://github.com/sindresorhus/p-locate"
"p-map-series@1.0.0","MIT","extension","Sindre Sorhus","https://github.com/sindresorhus/p-map-series"
"p-pipe@3.1.0","MIT","extension","Sindre Sorhus","https://github.com/sindresorhus/p-pipe"
"p-reduce@1.0.0","MIT","extension","Sindre Sorhus","https://github.com/sindresorhus/p-reduce"
"p-retry@4.6.2","MIT","extension","Sindre Sorhus","https://github.com/sindresorhus/p-retry"
"p-timeout@1.2.1","MIT","extension","Sindre Sorhus","https://github.com/sindresorhus/p-timeout"
"p-timeout@2.0.1","MIT","extension","Sindre Sorhus","https://github.com/sindresorhus/p-timeout"
"p-try@2.2.0","MIT","extension","Sindre Sorhus","https://github.com/sindresorhus/p-try"
"pac-proxy-agent@7.2.0","MIT","backend;extension","Nathan Rajlich","https://github.com/TooTallNate/proxy-agents"
"pac-resolver@7.0.1","MIT","backend;extension","Nathan Rajlich","https://github.com/TooTallNate/proxy-agents"
"pako@1.0.11","(MIT AND Zlib)","backend","","https://github.com/nodeca/pako"
"parent-module@1.0.1","MIT","backend;dashboard;extension","Sindre Sorhus","https://github.com/sindresorhus/parent-module"
"parse-json@5.2.0","MIT","backend;dashboard;extension","Sindre Sorhus","https://github.com/sindresorhus/parse-json"
"parse5-htmlparser2-tree-adapter@7.1.0","MIT","backend;dashboard;extension","Ivan Nikulin","https://github.com/inikulin/parse5"
"parse5-parser-stream@7.1.2","MIT","backend;dashboard;extension","Ivan Nikulin","https://github.com/inikulin/parse5"
"parse5@7.2.0","MIT","dashboard","Ivan Nikulin","https://github.com/inikulin/parse5"
"parse5@7.2.1","MIT","backend;extension","Ivan Nikulin","https://github.com/inikulin/parse5"
"parseurl@1.3.3","MIT","backend;extension","","https://github.com/pillarjs/parseurl"
"path-exists@4.0.0","MIT","dashboard;extension","Sindre Sorhus","https://github.com/sindresorhus/path-exists"
"path-is-absolute@1.0.1","MIT","backend;extension","Sindre Sorhus","https://github.com/sindresorhus/path-is-absolute"
"path-key@2.0.1","MIT","extension","Sindre Sorhus","https://github.com/sindresorhus/path-key"
"path-key@3.1.1","MIT","backend;dashboard;extension","Sindre Sorhus","https://github.com/sindresorhus/path-key"
"path-parse@1.0.7","MIT","dashboard;extension","Javier Blanco","https://github.com/jbgutierrez/path-parse"
"path-to-regexp@0.1.10","MIT","backend","","https://github.com/pillarjs/path-to-regexp"
"path-to-regexp@0.1.12","MIT","extension","","https://github.com/pillarjs/path-to-regexp"
"path-type@4.0.0","MIT","dashboard;extension","Sindre Sorhus","https://github.com/sindresorhus/path-type"
"path@0.12.7","MIT","backend","Joyent","https://github.com/jinder/path"
"path2d@0.2.2","MIT","extension","nilzona","https://github.com/nilzona/path2d-polyfill"
"pdf-lib@1.17.1","MIT","backend","Andrew Dillon","https://github.com/Hopding/pdf-lib"
"pdf-parse@1.1.1","MIT","backend;extension","Mehmet Kozan","git+https://gitlab.com/autokent/pdf-parse"
"pdf-poppler@0.2.1","ISC","backend","Khishigbaatar N.","https://github.com/kb47/pdf-poppler"
"pdf2pic@3.1.4","MIT","backend;extension","Jacob Baring","https://github.com/yakovmeister/pdf2image"
"pdfjs-dist@4.8.69","Apache-2.0","extension","","https://github.com/mozilla/pdf.js"
"pend@1.2.0","MIT","backend;extension","Andrew Kelley","https://github.com/andrewrk/node-pend"
"picocolors@1.1.0","ISC","dashboard","Alexey Raspopov","https://github.com/alexeyraspopov/picocolors"
"picocolors@1.1.1","ISC","backend;extension","Alexey Raspopov","https://github.com/alexeyraspopov/picocolors"
"picomatch@2.3.1","MIT","dashboard;extension","Jon Schlinkert","https://github.com/micromatch/picomatch"
"picomatch@4.0.2","MIT","extension","Jon Schlinkert","https://github.com/micromatch/picomatch"
"pify@2.3.0","MIT","extension","Sindre Sorhus","https://github.com/sindresorhus/pify"
"pify@3.0.0","MIT","extension","Sindre Sorhus","https://github.com/sindresorhus/pify"
"pify@4.0.1","MIT","extension","Sindre Sorhus","https://github.com/sindresorhus/pify"
"pinkie-promise@2.0.1","MIT","extension","Vsevolod Strukchinsky","https://github.com/floatdrop/pinkie-promise"
"pinkie@2.0.4","MIT","extension","Vsevolod Strukchinsky","https://github.com/floatdrop/pinkie"
"pkg-dir@4.2.0","MIT","extension","Sindre Sorhus","https://github.com/sindresorhus/pkg-dir"
"plist@1.2.0","MIT","extension","Nathan Rajlich","https://github.com/TooTallNate/node-plist"
"pngquant-bin@6.0.1","GPL-3.0+","extension","Kevin Mårtensson","https://github.com/imagemin/pngquant-bin"
"popper.js@1.16.1","MIT","dashboard","Federico Zivolo","https://github.com/FezVrasta/popper.js"
"postcss-modules-extract-imports@3.1.0","ISC","extension","Glen Maddern","https://github.com/css-modules/postcss-modules-extract-imports"
"postcss-modules-local-by-default@4.2.0","MIT","extension","Mark Dalgleish","https://github.com/css-modules/postcss-modules-local-by-default"
"postcss-modules-scope@3.2.1","ISC","extension","Glen Maddern","https://github.com/css-modules/postcss-modules-scope"
"postcss-modules-values@4.0.0","ISC","extension","Glen Maddern","https://github.com/css-modules/postcss-modules-values"
"postcss-selector-parser@7.1.0","MIT","extension","","https://github.com/postcss/postcss-selector-parser"
"postcss-value-parser@4.2.0","MIT","extension","Bogdan Chadkin","https://github.com/TrySound/postcss-value-parser"
"postcss@8.4.47","MIT","dashboard","Andrey Sitnik","https://github.com/postcss/postcss"
"postcss@8.5.3","MIT","extension","Andrey Sitnik","https://github.com/postcss/postcss"
"preact@10.29.1","MIT","dashboard","","https://github.com/preactjs/preact"
"prebuild-install@7.1.3","MIT","extension","Mathias Buus","https://github.com/prebuild/prebuild-install"
"prelude-ls@1.2.1","MIT","dashboard","George Zahariev","https://github.com/gkz/prelude-ls"
"prepend-http@1.0.4","MIT","extension","Sindre Sorhus","https://github.com/sindresorhus/prepend-http"
"prepend-http@2.0.0","MIT","extension","Sindre Sorhus","https://github.com/sindresorhus/prepend-http"
"process-nextick-args@2.0.1","MIT","backend;extension","","https://github.com/calvinmetcalf/process-nextick-args"
"process@0.11.10","MIT","backend","Roman Shtylman","https://github.com/shtylman/node-process"
"progress@2.0.3","MIT","backend;extension","TJ Holowaychuk","https://github.com/visionmedia/node-progress"
"prop-types@15.8.1","MIT","dashboard;extension","","https://github.com/facebook/prop-types"
"proto-list@1.2.4","ISC","extension","Isaac Z. Schlueter","https://github.com/isaacs/proto-list"
"proxy-addr@2.0.7","MIT","backend;extension","Douglas Christopher Wilson","https://github.com/jshttp/proxy-addr"
"proxy-agent@6.5.0","MIT","backend;extension","Nathan Rajlich","https://github.com/TooTallNate/proxy-agents"
"proxy-from-env@1.1.0","MIT","backend;dashboard;extension","Rob Wu","https://github.com/Rob--W/proxy-from-env"
"pseudomap@1.0.2","ISC","extension","Isaac Z. Schlueter","https://github.com/isaacs/pseudomap"
"pump@3.0.2","MIT","backend;extension","Mathias Buus Madsen","https://github.com/mafintosh/pump"
"punycode@2.3.1","MIT","backend;dashboard;extension","Mathias Bynens","https://github.com/mathiasbynens/punycode.js"
"puppeteer-core@24.3.0","Apache-2.0","backend","The Chromium Authors","https://github.com/puppeteer/puppeteer/tree/main/packages/puppeteer-core"
"puppeteer-core@24.5.0","Apache-2.0","extension","The Chromium Authors","https://github.com/puppeteer/puppeteer/tree/main/packages/puppeteer-core"
"puppeteer@24.3.0","Apache-2.0","backend","The Chromium Authors","https://github.com/puppeteer/puppeteer/tree/main/packages/puppeteer"
"puppeteer@24.5.0","Apache-2.0","extension","The Chromium Authors","https://github.com/puppeteer/puppeteer/tree/main/packages/puppeteer"
"qs@6.13.0","BSD-3-Clause","backend;extension","","https://github.com/ljharb/qs"
"qtip2@3.0.3","MIT","dashboard","Craig Michael Thompson","https://github.com/qTip2/qTip2"
"query-string@5.1.1","MIT","extension","Sindre Sorhus","https://github.com/sindresorhus/query-string"
"queue-microtask@1.2.3","MIT","dashboard;extension","Feross Aboukhadijeh","https://github.com/feross/queue-microtask"
"randombytes@2.1.0","MIT","extension","","https://github.com/crypto-browserify/randombytes"
"range-parser@1.2.1","MIT","backend;extension","TJ Holowaychuk","https://github.com/jshttp/range-parser"
"raw-body@2.5.2","MIT","backend;extension","Jonathan Ong","https://github.com/stream-utils/raw-body"
"rc@1.2.8","(BSD-2-Clause OR MIT OR Apache-2.0)","extension","Dominic Tarr","https://github.com/dominictarr/rc"
"react-async-script@1.2.0","MIT","dashboard","Hugo Dozois","https://github.com/dozoisch/react-async-script"
"react-circular-progressbar@2.2.0","MIT","dashboard;extension","Kevin Qi","https://github.com/kevinsqi/react-circular-progressbar"
"react-clientside-effect@1.2.7","MIT","dashboard;extension","Dan Abramov","https://github.com/thekashey/react-clientside-effect"
"react-d3-speedometer@3.1.1","MIT","extension","palerdot","https://github.com/palerdot/react-d3-speedometer"
"react-dom@18.3.1","MIT","dashboard;extension","","https://github.com/facebook/react"
"react-draggable@4.5.0","MIT","dashboard","Matt Zabriskie","https://github.com/react-grid-layout/react-draggable"
"react-fast-compare@3.2.2","MIT","dashboard;extension","Chris Bolin","https://github.com/FormidableLabs/react-fast-compare"
"react-floater@0.7.9","MIT","dashboard","Gil Barbara","https://github.com/gilbarbara/react-floater"
"react-focus-lock@2.13.6","MIT","dashboard;extension","theKashey","https://github.com/theKashey/react-focus-lock"
"react-force-graph-2d@1.29.1","MIT","dashboard","Vasco Asturiano","https://github.com/vasturiano/react-force-graph"
"react-google-recaptcha@3.1.0","MIT","dashboard","Hugo Dozois","https://github.com/dozoisch/react-google-recaptcha"
"react-icons@5.3.0","MIT","dashboard","Goran Gajic","https://github.com/react-icons/react-icons"
"react-icons@5.5.0","MIT","extension","Goran Gajic","https://github.com/react-icons/react-icons"
"react-innertext@1.1.5","MIT","dashboard","Charles Stover","https://github.com/CharlesStover/react-innertext"
"react-is@16.13.1","MIT","dashboard;extension","","https://github.com/facebook/react"
"react-is@18.3.1","MIT","dashboard","","https://github.com/facebook/react"
"react-joyride@2.9.3","MIT","dashboard","Gil Barbara","https://github.com/gilbarbara/react-joyride"
"react-kapsule@2.5.7","MIT","dashboard","Vasco Asturiano","https://github.com/vasturiano/react-kapsule"
"react-refresh@0.14.2","MIT","dashboard;extension","","https://github.com/facebook/react"
"react-remove-scroll-bar@2.3.8","MIT","dashboard;extension","Anton Korzunov","https://github.com/theKashey/react-remove-scroll-bar"
"react-remove-scroll@2.6.3","MIT","dashboard;extension","Anton Korzunov","https://github.com/theKashey/react-remove-scroll"
"react-router-dom@6.27.0","MIT","dashboard","Remix Software","https://github.com/remix-run/react-router"
"react-router-dom@6.30.0","MIT","extension","Remix Software","https://github.com/remix-run/react-router"
"react-router@6.27.0","MIT","dashboard","Remix Software","https://github.com/remix-run/react-router"
"react-router@6.30.0","MIT","extension","Remix Software","https://github.com/remix-run/react-router"
"react-smooth@4.0.4","MIT","dashboard","JasonHzq","https://github.com/recharts/react-smooth"
"react-style-singleton@2.2.3","MIT","dashboard;extension","Anton Korzunov","https://github.com/theKashey/react-style-singleton"
"react-transition-group@4.4.5","BSD-3-Clause","dashboard","","https://github.com/reactjs/react-transition-group"
"react@18.3.1","MIT","dashboard;extension","","https://github.com/facebook/react"
"reactflow@11.11.4","MIT","dashboard","","https://github.com/xyflow/xyflow"
"readable-stream@2.3.7","MIT","backend;extension","","https://github.com/nodejs/readable-stream"
"readable-stream@3.6.2","MIT","backend;extension","","https://github.com/nodejs/readable-stream"
"readdirp@3.6.0","MIT","extension","Thorsten Lorenz","https://github.com/paulmillr/readdirp"
"recharts-scale@0.4.5","MIT","dashboard","recharts group","https://github.com/recharts/recharts-scale"
"recharts@2.15.2","MIT","dashboard","recharts group","https://github.com/recharts/recharts"
"rechoir@0.7.1","MIT","extension","Gulp Team","https://github.com/gulpjs/rechoir"
"redis@5.11.0","MIT","backend","","https://github.com/redis/node-redis"
"redux-devtools-extension@2.13.9","MIT","extension","Mihail Diordiev","https://github.com/zalmoxisus/redux-devtools-extension"
"regenerator-runtime@0.14.1","MIT","dashboard;extension","Ben Newman","https://github.com/facebook/regenerator/tree/main/packages/runtime"
"replace-ext@1.0.1","MIT","extension","Gulp Team","https://github.com/gulpjs/replace-ext"
"require-directory@2.1.1","MIT","backend;extension","Troy Goode","https://github.com/troygoode/node-require-directory"
"require-from-string@2.0.2","MIT","extension","Vsevolod Strukchinsky","https://github.com/floatdrop/require-from-string"
"requires-port@1.0.0","MIT","extension","Arnout Kazemier","https://github.com/unshiftio/requires-port"
"resolve-cwd@3.0.0","MIT","extension","Sindre Sorhus","https://github.com/sindresorhus/resolve-cwd"
"resolve-from@4.0.0","MIT","backend;dashboard;extension","Sindre Sorhus","https://github.com/sindresorhus/resolve-from"
"resolve-from@5.0.0","MIT","extension","Sindre Sorhus","https://github.com/sindresorhus/resolve-from"
"resolve@1.22.10","MIT","dashboard;extension","James Halliday","https://github.com/browserify/resolve"
"responselike@1.0.2","MIT","extension","lukechilds","https://github.com/lukechilds/responselike"
"retry@0.13.1","MIT","extension","Tim Koschützki","https://github.com/tim-kos/node-retry"
"reusify@1.0.4","MIT","dashboard","Matteo Collina","https://github.com/mcollina/reusify"
"reusify@1.1.0","MIT","extension","Matteo Collina","https://github.com/mcollina/reusify"
"rimraf@2.7.1","ISC","extension","Isaac Z. Schlueter","https://github.com/isaacs/rimraf"
"rimraf@3.0.2","ISC","backend;extension","Isaac Z. Schlueter","https://github.com/isaacs/rimraf"
"rollup@4.24.0","MIT","dashboard","Rich Harris","https://github.com/rollup/rollup"
"rollup@4.35.0","MIT","extension","Rich Harris","https://github.com/rollup/rollup"
"rrweb-cssom@0.8.0","MIT","backend","Nikita Vasilyev","https://github.com/rrweb-io/CSSOM"
"run-parallel@1.2.0","MIT","dashboard;extension","Feross Aboukhadijeh","https://github.com/feross/run-parallel"
"safe-buffer@5.1.2","MIT","backend;extension","Feross Aboukhadijeh","https://github.com/feross/safe-buffer"
"safe-buffer@5.2.1","MIT","backend;extension","Feross Aboukhadijeh","https://github.com/feross/safe-buffer"
"safer-buffer@2.1.2","MIT","backend;dashboard;extension","Nikita Skovoroda","https://github.com/ChALkeR/safer-buffer"
"saxes@6.0.0","ISC","backend","Louis-Dominique Dubeau","https://github.com/lddubeau/saxes"
"scheduler@0.23.2","MIT","dashboard;extension","","https://github.com/facebook/react"
"schema-utils@2.7.1","MIT","extension","webpack Contrib","https://github.com/webpack/schema-utils"
"schema-utils@3.3.0","MIT","extension","webpack Contrib","https://github.com/webpack/schema-utils"
"schema-utils@4.3.0","MIT","extension","webpack Contrib","https://github.com/webpack/schema-utils"
"scroll-into-view-if-needed@3.1.0","MIT","dashboard","Cody Olsen","https://github.com/scroll-into-view/scroll-into-view-if-needed"
"scroll@3.0.1","MIT","dashboard","Michael Rhodes","https://github.com/michaelrhodes/scroll"
"scrollparent@2.1.0","ISC","dashboard","Ola Holmström","https://github.com/olahol/scrollparent.js"
"seek-bzip@1.0.6","MIT","extension","","https://github.com/cscott/seek-bzip"
"select-hose@2.0.0","MIT","extension","Fedor Indutny","https://github.com/indutny/select-hose"
"selfsigned@2.4.1","MIT","extension","José F. Romaniello","https://github.com/jfromaniello/selfsigned"
"semver-regex@2.0.0","MIT","extension","Sindre Sorhus","https://github.com/sindresorhus/semver-regex"
"semver-truncate@1.1.2","MIT","extension","Sindre Sorhus","https://github.com/sindresorhus/semver-truncate"
"semver@5.7.2","ISC","extension","GitHub Inc.","https://github.com/npm/node-semver"
"semver@6.3.1","ISC","backend;dashboard;extension","GitHub Inc.","https://github.com/npm/node-semver"
"semver@7.6.3","ISC","dashboard","GitHub Inc.","https://github.com/npm/node-semver"
"semver@7.7.1","ISC","backend;extension","GitHub Inc.","https://github.com/npm/node-semver"
"send@0.19.0","MIT","backend;extension","TJ Holowaychuk","https://github.com/pillarjs/send"
"seq-queue@0.0.5","MIT*","backend","changchang","https://github.com/changchang/seq-queue"
"serialize-javascript@6.0.2","BSD-3-Clause","extension","Eric Ferraiuolo","https://github.com/yahoo/serialize-javascript"
"serve-index@1.9.1","MIT","extension","Douglas Christopher Wilson","https://github.com/expressjs/serve-index"
"serve-static@1.16.2","MIT","backend;extension","Douglas Christopher Wilson","https://github.com/expressjs/serve-static"
"set-blocking@2.0.0","ISC","backend","Ben Coe","https://github.com/yargs/set-blocking"
"set-function-length@1.2.2","MIT","backend","Jordan Harband","https://github.com/ljharb/set-function-length"
"setprototypeof@1.1.0","ISC","extension","Wes Todd","https://github.com/wesleytodd/setprototypeof"
"setprototypeof@1.2.0","ISC","backend;extension","Wes Todd","https://github.com/wesleytodd/setprototypeof"
"shallow-clone@3.0.1","MIT","extension","Jon Schlinkert","https://github.com/jonschlinkert/shallow-clone"
"sharp@0.33.5","Apache-2.0","backend;extension","Lovell Fuller","https://github.com/lovell/sharp"
"shebang-command@1.2.0","MIT","extension","Kevin Martensson","https://github.com/kevva/shebang-command"
"shebang-command@2.0.0","MIT","backend;dashboard;extension","Kevin Mårtensson","https://github.com/kevva/shebang-command"
"shebang-regex@1.0.0","MIT","extension","Sindre Sorhus","https://github.com/sindresorhus/shebang-regex"
"shebang-regex@3.0.0","MIT","backend;dashboard;extension","Sindre Sorhus","https://github.com/sindresorhus/shebang-regex"
"shell-quote@1.8.2","MIT","extension","James Halliday","https://github.com/ljharb/shell-quote"
"side-channel-list@1.0.0","MIT","extension","Jordan Harband","https://github.com/ljharb/side-channel-list"
"side-channel-map@1.0.1","MIT","extension","Jordan Harband","https://github.com/ljharb/side-channel-map"
"side-channel-weakmap@1.0.2","MIT","extension","Jordan Harband","https://github.com/ljharb/side-channel-weakmap"
"side-channel@1.0.6","MIT","backend","Jordan Harband","https://github.com/ljharb/side-channel"
"side-channel@1.1.0","MIT","extension","Jordan Harband","https://github.com/ljharb/side-channel"
"signal-exit@3.0.7","ISC","backend;extension","Ben Coe","https://github.com/tapjs/signal-exit"
"simple-concat@1.0.1","MIT","extension","Feross Aboukhadijeh","https://github.com/feross/simple-concat"
"simple-get@4.0.1","MIT","extension","Feross Aboukhadijeh","https://github.com/feross/simple-get"
"simple-swizzle@0.2.2","MIT","backend;extension","Qix","https://github.com/qix-/node-simple-swizzle"
"sirv@2.0.4","MIT","extension","Luke Edwards","https://github.com/lukeed/sirv"
"slash@3.0.0","MIT","extension","Sindre Sorhus","https://github.com/sindresorhus/slash"
"slate-dom@0.112.2","MIT","dashboard","","https://github.com/ianstormtaylor/slate"
"slate-history@0.110.3","MIT","dashboard","","https://github.com/ianstormtaylor/slate"
"slate-react@0.112.0","MIT","dashboard","","https://github.com/ianstormtaylor/slate"
"slate@0.112.0","MIT","dashboard","","https://github.com/ianstormtaylor/slate"
"smart-buffer@4.2.0","MIT","backend;extension","Josh Glazebrook","https://github.com/JoshGlazebrook/smart-buffer"
"socket.io-adapter@2.5.6","MIT","backend","","https://github.com/socketio/socket.io"
"socket.io-client@4.8.3","MIT","dashboard","","https://github.com/socketio/socket.io"
"socket.io-parser@4.2.5","MIT","backend;dashboard","","https://github.com/socketio/socket.io"
"socket.io@4.8.3","MIT","backend","","https://github.com/socketio/socket.io"
"sockjs@0.3.24","MIT","extension","Marek Majkowski","https://github.com/sockjs/sockjs-node"
"socks-proxy-agent@8.0.5","MIT","backend;extension","Nathan Rajlich","https://github.com/TooTallNate/proxy-agents"
"socks@2.8.4","MIT","backend;extension","Josh Glazebrook","https://github.com/JoshGlazebrook/socks"
"sort-keys-length@1.0.1","MIT","extension","Kevin Mårtensson","https://github.com/kevva/sort-keys-length"
"sort-keys@1.1.2","MIT","extension","Sindre Sorhus","https://github.com/sindresorhus/sort-keys"
"sort-keys@2.0.0","MIT","extension","Sindre Sorhus","https://github.com/sindresorhus/sort-keys"
"source-map-js@1.2.1","BSD-3-Clause","dashboard;extension","Valentin 7rulnik Semirulnik","https://github.com/7rulnik/source-map-js"
"source-map-support@0.5.21","MIT","extension","","https://github.com/evanw/node-source-map-support"
"source-map@0.5.7","BSD-3-Clause","dashboard;extension","Nick Fitzgerald","https://github.com/mozilla/source-map"
"source-map@0.6.1","BSD-3-Clause","backend;extension","Nick Fitzgerald","https://github.com/mozilla/source-map"
"source-map@0.7.4","BSD-3-Clause","extension","Nick Fitzgerald","https://github.com/mozilla/source-map"
"spdy-transport@3.0.0","MIT","extension","Fedor Indutny","https://github.com/spdy-http2/spdy-transport"
"spdy@4.0.2","MIT","extension","Fedor Indutny","https://github.com/indutny/node-spdy"
"sprintf-js@1.1.3","BSD-3-Clause","backend;extension","Alexandru Mărășteanu","https://github.com/alexei/sprintf.js"
"sqlstring@2.3.1","MIT","backend;extension","","https://github.com/mysqljs/sqlstring"
"sqlstring@2.3.3","MIT","backend","","https://github.com/mysqljs/sqlstring"
"stable@0.1.8","MIT","extension","Angry Bytes","https://github.com/Two-Screen/stable"
"stackframe@1.3.4","MIT","extension","","https://github.com/stacktracejs/stackframe"
"statuses@1.5.0","MIT","extension","","https://github.com/jshttp/statuses"
"statuses@2.0.1","MIT","backend;extension","","https://github.com/jshttp/statuses"
"storage@0.2.0","MIT","extension","Jon Schlinkert","https://github.com/jonschlinkert/storage"
"streamsearch@1.1.0","MIT","backend","Brian White","https://github.com/mscdex/streamsearch"
"streamx@2.22.0","MIT","backend;extension","Mathias Buus","https://github.com/mafintosh/streamx"
"strict-uri-encode@1.1.0","MIT","extension","Kevin Mårtensson","https://github.com/kevva/strict-uri-encode"
"string_decoder@1.1.1","MIT","backend;extension","","https://github.com/nodejs/string_decoder"
"string-width@4.2.3","MIT","backend;extension","Sindre Sorhus","https://github.com/sindresorhus/string-width"
"strip-ansi@6.0.1","MIT","backend;extension","Sindre Sorhus","https://github.com/chalk/strip-ansi"
"strip-dirs@2.1.0","MIT","extension","Shinnosuke Watanabe","https://github.com/shinnn/node-strip-dirs"
"strip-eof@1.0.0","MIT","extension","Sindre Sorhus","https://github.com/sindresorhus/strip-eof"
"strip-final-newline@2.0.0","MIT","extension","Sindre Sorhus","https://github.com/sindresorhus/strip-final-newline"
"strip-json-comments@2.0.1","MIT","extension","Sindre Sorhus","https://github.com/sindresorhus/strip-json-comments"
"strip-json-comments@3.1.1","MIT","dashboard","Sindre Sorhus","https://github.com/sindresorhus/strip-json-comments"
"strip-outer@1.0.1","MIT","extension","Sindre Sorhus","https://github.com/sindresorhus/strip-outer"
"strnum@1.1.2","MIT","extension","Amit Gupta","https://github.com/NaturalIntelligence/strnum"
"style-loader@4.0.0","MIT","extension","Tobias Koppers @sokra","https://github.com/webpack-contrib/style-loader"
"stylis@4.2.0","MIT","dashboard;extension","Sultan Tarimo","https://github.com/thysultan/stylis.js"
"supports-color@5.5.0","MIT","dashboard","Sindre Sorhus","https://github.com/chalk/supports-color"
"supports-color@7.2.0","MIT","dashboard;extension","Sindre Sorhus","https://github.com/chalk/supports-color"
"supports-color@8.1.1","MIT","extension","Sindre Sorhus","https://github.com/chalk/supports-color"
"supports-preserve-symlinks-flag@1.0.0","MIT","dashboard;extension","Jordan Harband","https://github.com/inspect-js/node-supports-preserve-symlinks-flag"
"svgo@2.8.0","MIT","extension","Kir Belevich","https://github.com/svg/svgo"
"symbol-tree@3.2.4","MIT","backend","Joris van der Wel","https://github.com/jsdom/js-symbol-tree"
"tapable@2.2.1","MIT","extension","Tobias Koppers @sokra","https://github.com/webpack/tapable"
"tar-fs@2.1.2","MIT","extension","Mathias Buus","https://github.com/mafintosh/tar-fs"
"tar-fs@3.0.8","MIT","backend;extension","Mathias Buus","https://github.com/mafintosh/tar-fs"
"tar-stream@1.6.2","MIT","extension","Mathias Buus","https://github.com/mafintosh/tar-stream"
"tar-stream@2.2.0","MIT","extension","Mathias Buus","https://github.com/mafintosh/tar-stream"
"tar-stream@3.1.7","MIT","backend;extension","Mathias Buus","https://github.com/mafintosh/tar-stream"
"tar@6.2.1","ISC","backend","GitHub Inc.","https://github.com/isaacs/node-tar"
"temp-dir@1.0.0","MIT","extension","Sindre Sorhus","https://github.com/sindresorhus/temp-dir"
"tempfile@2.0.0","MIT","extension","Sindre Sorhus","https://github.com/sindresorhus/tempfile"
"terser-webpack-plugin@5.3.14","MIT","extension","webpack Contrib Team","https://github.com/webpack-contrib/terser-webpack-plugin"
"terser@5.39.0","BSD-2-Clause","extension","Mihai Bazon","https://github.com/terser/terser"
"text-decoder@1.2.3","Apache-2.0","backend;extension","Holepunch","https://github.com/holepunchto/text-decoder"
"text-table@0.2.0","MIT","dashboard","James Halliday","https://github.com/substack/text-table"
"through@2.3.8","MIT","extension","Dominic Tarr","https://github.com/dominictarr/through"
"thunky@1.1.0","MIT","extension","Mathias Buus Madsen","https://github.com/mafintosh/thunky"
"tiktoken@1.0.21","MIT","backend","","https://github.com/dqbd/tiktoken"
"timed-out@4.0.1","MIT","extension","Vsevolod Strukchinsky","https://github.com/floatdrop/timed-out"
"tiny-invariant@1.3.1","MIT","dashboard","Alex Reardon","https://github.com/alexreardon/tiny-invariant"
"tiny-invariant@1.3.3","MIT","dashboard","Alex Reardon","https://github.com/alexreardon/tiny-invariant"
"tiny-warning@1.0.3","MIT","dashboard","Alex Reardon","https://github.com/alexreardon/tiny-warning"
"tinycolor2@1.6.0","MIT","dashboard","Brian Grinstead","https://github.com/bgrins/TinyColor"
"tinyglobby@0.2.12","MIT","extension","Superchupu","https://github.com/SuperchupuDev/tinyglobby"
"tldts-core@6.1.78","MIT","backend","Rémi Berson","https://github.com/remusao/tldts"
"tldts@6.1.78","MIT","backend","Rémi Berson","https://github.com/remusao/tldts"
"to-buffer@1.1.1","MIT","extension","Mathias Buus","https://github.com/mafintosh/to-buffer"
"to-fast-properties@2.0.0","MIT","dashboard","Sindre Sorhus","https://github.com/sindresorhus/to-fast-properties"
"to-regex-range@5.0.1","MIT","dashboard;extension","Jon Schlinkert","https://github.com/micromatch/to-regex-range"
"toggle-selection@1.0.6","MIT","dashboard;extension","sudodoki","https://github.com/sudodoki/toggle-selection"
"toidentifier@1.0.1","MIT","backend;extension","Douglas Christopher Wilson","https://github.com/component/toidentifier"
"totalist@3.0.1","MIT","extension","Luke Edwards","https://github.com/lukeed/totalist"
"tough-cookie@5.1.1","BSD-3-Clause","backend","Jeremy Stashewsky","https://github.com/salesforce/tough-cookie"
"tr46@0.0.3","MIT","backend","Sebastian Mayr","https://github.com/Sebmaster/tr46.js"
"tr46@5.0.0","MIT","backend","Sebastian Mayr","https://github.com/jsdom/tr46"
"tree-changes@0.11.3","MIT","dashboard","Gil Barbara","https://github.com/gilbarbara/tree-changes"
"tree-changes@0.9.3","MIT","dashboard","Gil Barbara","https://github.com/gilbarbara/tree-changes"
"trim-repeated@1.0.0","MIT","extension","Sindre Sorhus","https://github.com/sindresorhus/trim-repeated"
"truthtrollers_extension@1.0.0","ISC","extension","",""
"ts-api-utils@1.3.0","MIT","dashboard","JoshuaKGoldberg","https://github.com/JoshuaKGoldberg/ts-api-utils"
"ts-loader@9.5.2","MIT","extension","John Reilly","https://github.com/TypeStrong/ts-loader"
"ts-node@10.9.2","MIT","extension","Blake Embrey","https://github.com/TypeStrong/ts-node"
"tslib@1.14.1","0BSD","backend","Microsoft Corp.","https://github.com/Microsoft/tslib"
"tslib@2.4.0","0BSD","dashboard;extension","Microsoft Corp.","https://github.com/Microsoft/tslib"
"tslib@2.8.1","0BSD","backend;dashboard;extension","Microsoft Corp.","https://github.com/Microsoft/tslib"
"tunnel-agent@0.6.0","Apache-2.0","extension","Mikeal Rogers","https://github.com/mikeal/tunnel-agent"
"type-check@0.4.0","MIT","dashboard","George Zahariev","https://github.com/gkz/type-check"
"type-fest@0.11.0","(MIT OR CC0-1.0)","extension","Sindre Sorhus","https://github.com/sindresorhus/type-fest"
"type-fest@4.41.0","(MIT OR CC0-1.0)","dashboard","Sindre Sorhus","https://github.com/sindresorhus/type-fest"
"type-is@1.6.18","MIT","backend;extension","","https://github.com/jshttp/type-is"
"typed-query-selector@2.12.0","MIT","backend;extension","Pig Fang","https://github.com/g-plane/typed-query-selector"
"typedarray@0.0.6","MIT","backend","James Halliday","https://github.com/substack/typedarray"
"typescript-eslint@8.8.1","MIT","dashboard","","https://github.com/typescript-eslint/typescript-eslint"
"typescript@4.9.5","Apache-2.0","extension","Microsoft Corp.","https://github.com/Microsoft/TypeScript"
"typescript@5.6.3","Apache-2.0","dashboard","Microsoft Corp.","https://github.com/microsoft/TypeScript"
"unbzip2-stream@1.4.3","MIT","extension","Jan Bölsche","https://github.com/regular/unbzip2-stream"
"undici-types@6.19.8","MIT","dashboard","","https://github.com/nodejs/undici"
"undici-types@6.20.0","MIT","backend;extension","","https://github.com/nodejs/undici"
"undici@6.20.1","MIT","backend;dashboard","","https://github.com/nodejs/undici"
"undici@6.21.2","MIT","extension","","https://github.com/nodejs/undici"
"universalify@2.0.1","MIT","backend;extension","Ryan Zimmerman","https://github.com/RyanZim/universalify"
"unpipe@1.0.0","MIT","backend;extension","Douglas Christopher Wilson","https://github.com/stream-utils/unpipe"
"update-browserslist-db@1.1.1","MIT","dashboard","Andrey Sitnik","https://github.com/browserslist/update-db"
"update-browserslist-db@1.1.3","MIT","extension","Andrey Sitnik","https://github.com/browserslist/update-db"
"uri-js@4.4.1","BSD-2-Clause","dashboard;extension","Gary Court","https://github.com/garycourt/uri-js"
"url-parse-lax@1.0.0","MIT","extension","Sindre Sorhus","https://github.com/sindresorhus/url-parse-lax"
"url-parse-lax@3.0.0","MIT","extension","Sindre Sorhus","https://github.com/sindresorhus/url-parse-lax"
"url-to-options@1.0.1","MIT","extension","Steven Vachon","https://github.com/stevenvachon/url-to-options"
"use-callback-ref@1.3.3","MIT","dashboard;extension","theKashey","https://github.com/theKashey/use-callback-ref"
"use-sidecar@1.1.3","MIT","dashboard;extension","theKashey","https://github.com/theKashey/use-sidecar"
"use-sync-external-store@1.6.0","MIT","dashboard","","https://github.com/facebook/react"
"util-deprecate@1.0.2","MIT","backend;extension","Nathan Rajlich","https://github.com/TooTallNate/util-deprecate"
"util@0.10.4","MIT","backend","Joyent","https://github.com/defunctzombie/node-util"
"utils-merge@1.0.1","MIT","backend;extension","Jared Hanson","https://github.com/jaredhanson/utils-merge"
"uuid@13.0.0","MIT","backend","","https://github.com/uuidjs/uuid"
"uuid@3.4.0","MIT","extension","","https://github.com/uuidjs/uuid"
"uuid@8.3.2","MIT","extension","","https://github.com/uuidjs/uuid"
"v8-compile-cache-lib@3.0.1","MIT","extension","Andrew Bradley","https://github.com/cspotcode/v8-compile-cache-lib"
"vary@1.1.2","MIT","backend;extension","Douglas Christopher Wilson","https://github.com/jshttp/vary"
"veristrata-dashboard@0.0.0","UNLICENSED","dashboard","",""
"victory-vendor@36.9.2","MIT AND ISC","dashboard","Formidable","https://github.com/FormidableLabs/victory"
"vite@5.4.8","MIT","dashboard","Evan You","https://github.com/vitejs/vite"
"vite@6.2.1","MIT","extension","Evan You","https://github.com/vitejs/vite"
"w3c-xmlserializer@5.0.0","MIT","backend","","https://github.com/jsdom/w3c-xmlserializer"
"watchpack@2.4.2","MIT","extension","Tobias Koppers @sokra","https://github.com/webpack/watchpack"
"wbuf@1.7.3","MIT","extension","Fedor Indutny","https://github.com/indutny/wbuf"
"web-push@3.6.7","MPL-2.0","backend","Marco Castelluccio","https://github.com/web-push-libs/web-push"
"webextension-polyfill@0.12.0","MPL-2.0","dashboard;extension","Mozilla","https://github.com/mozilla/webextension-polyfill"
"webidl-conversions@3.0.1","BSD-2-Clause","backend","Domenic Denicola","https://github.com/jsdom/webidl-conversions"
"webidl-conversions@7.0.0","BSD-2-Clause","backend","Domenic Denicola","https://github.com/jsdom/webidl-conversions"
"webpack-bundle-analyzer@4.10.2","MIT","extension","Yury Grunin","https://github.com/webpack-contrib/webpack-bundle-analyzer"
"webpack-cli@4.10.0","MIT","extension","","https://github.com/webpack/webpack-cli"
"webpack-dev-middleware@5.3.4","MIT","extension","Tobias Koppers @sokra","https://github.com/webpack/webpack-dev-middleware"
"webpack-dev-server@4.15.1","MIT","extension","Tobias Koppers @sokra","https://github.com/webpack/webpack-dev-server"
"webpack-merge@5.10.0","MIT","extension","Juho Vepsalainen","https://github.com/survivejs/webpack-merge"
"webpack-sources@3.2.3","MIT","extension","Tobias Koppers @sokra","https://github.com/webpack/webpack-sources"
"webpack@5.98.0","MIT","extension","Tobias Koppers @sokra","https://github.com/webpack/webpack"
"websocket-driver@0.7.4","Apache-2.0","extension","James Coglan","https://github.com/faye/websocket-driver-node"
"websocket-extensions@0.1.4","Apache-2.0","extension","James Coglan","https://github.com/faye/websocket-extensions-node"
"whatwg-encoding@3.1.1","MIT","backend;dashboard;extension","Domenic Denicola","https://github.com/jsdom/whatwg-encoding"
"whatwg-mimetype@4.0.0","MIT","backend;dashboard;extension","Domenic Denicola","https://github.com/jsdom/whatwg-mimetype"
"whatwg-url@14.1.1","MIT","backend","Sebastian Mayr","https://github.com/jsdom/whatwg-url"
"whatwg-url@5.0.0","MIT","backend","Sebastian Mayr","https://github.com/jsdom/whatwg-url"
"which@1.3.1","ISC","extension","Isaac Z. Schlueter","https://github.com/isaacs/node-which"
"which@2.0.2","ISC","backend;dashboard;extension","Isaac Z. Schlueter","https://github.com/isaacs/node-which"
"wide-align@1.1.5","ISC","backend","Rebecca Turner","https://github.com/iarna/wide-align"
"wildcard@2.0.1","MIT","extension","Damon Oehlman","https://github.com/DamonOehlman/wildcard"
"word-wrap@1.2.5","MIT","dashboard","Jon Schlinkert","https://github.com/jonschlinkert/word-wrap"
"wrap-ansi@7.0.0","MIT","backend;extension","Sindre Sorhus","https://github.com/chalk/wrap-ansi"
"wrappy@1.0.2","ISC","backend;extension","Isaac Z. Schlueter","https://github.com/npm/wrappy"
"ws@7.5.10","MIT","extension","Einar Otto Stangvik","https://github.com/websockets/ws"
"ws@8.18.1","MIT","extension","Einar Otto Stangvik","https://github.com/websockets/ws"
"ws@8.18.3","MIT","backend;dashboard","Einar Otto Stangvik","https://github.com/websockets/ws"
"xml-name-validator@5.0.0","Apache-2.0","backend","Domenic Denicola","https://github.com/jsdom/xml-name-validator"
"xmlbuilder@4.0.0","MIT","extension","Ozgur Ozcitak","https://github.com/oozcitak/xmlbuilder-js"
"xmlchars@2.2.0","MIT","backend","Louis-Dominique Dubeau","https://github.com/lddubeau/xmlchars"
"xmldom@0.1.31","MIT*","extension","jindw","https://github.com/xmldom/xmldom"
"xmlhttprequest-ssl@2.1.2","MIT","dashboard","Michael de Wit","https://github.com/mjwwit/node-XMLHttpRequest"
"xtend@4.0.2","MIT","backend;extension","Raynos","https://github.com/Raynos/xtend"
"y18n@5.0.8","ISC","backend;extension","Ben Coe","https://github.com/yargs/y18n"
"yallist@2.1.2","ISC","extension","Isaac Z. Schlueter","https://github.com/isaacs/yallist"
"yallist@3.1.1","ISC","dashboard;extension","Isaac Z. Schlueter","https://github.com/isaacs/yallist"
"yallist@4.0.0","ISC","backend","Isaac Z. Schlueter","https://github.com/isaacs/yallist"
"yaml@1.10.2","ISC","dashboard;extension","Eemeli Aro","https://github.com/eemeli/yaml"
"yargs-parser@21.1.1","ISC","backend;extension","Ben Coe","https://github.com/yargs/yargs-parser"
"yargs@17.7.2","MIT","backend;extension","","https://github.com/yargs/yargs"
"yauzl@2.10.0","MIT","backend;extension","Josh Wolfe","https://github.com/thejoshwolfe/yauzl"
"yn@3.1.1","MIT","extension","Sindre Sorhus","https://github.com/sindresorhus/yn"
"yocto-queue@0.1.0","MIT","dashboard","Sindre Sorhus","https://github.com/sindresorhus/yocto-queue"
"youtube-transcript-api@1.1.2","MIT","extension","0x6a69616e","https://github.com/0x6a69616e/youtube-transcript-api"
"youtube-transcript@1.2.1","MIT","extension","Kakulukian","https://github.com/Kakulukian/youtube-transcript"
"zod@3.24.2","MIT","extension","Colin McDonnell","https://github.com/colinhacks/zod"
"zod@3.25.76","MIT","backend","Colin McDonnell","https://github.com/colinhacks/zod"
"zustand@4.5.7","MIT","dashboard","Paul Henschel","https://github.com/pmndrs/zustand"
"zustand@5.0.3","MIT","dashboard;extension","Paul Henschel","https://github.com/pmndrs/zustand"
